+ make O=out KCFLAGS=-w CONFIG_SECTION_MISMATCH_WARN_ONLY=y CFLAGS_WARN=-Wunused-but-set-variable ARCH=arm CROSS_COMPILE=arm-linux-androideabi- CC=clang HOSTCC=clang -j16 modules dtbs
make[1]: Entering directory '/home/runner/work/toolchain/toolchain/out'
  GEN     ./Makefile
scripts/kconfig/conf  --silentoldconfig Kconfig
  SYSHDR  arch/arm/include/generated/uapi/asm/unistd-common.h
  SYSHDR  arch/arm/include/generated/uapi/asm/unistd-oabi.h
  CHK     include/config/kernel.release
  SYSHDR  arch/arm/include/generated/uapi/asm/unistd-eabi.h
  GEN     ./Makefile
  UPD     include/config/kernel.release
  WRAP    arch/arm/include/generated/uapi/asm/errno.h
  WRAP    arch/arm/include/generated/uapi/asm/bitsperlong.h
  WRAP    arch/arm/include/generated/uapi/asm/ioctl.h
  WRAP    arch/arm/include/generated/uapi/asm/ipcbuf.h
  WRAP    arch/arm/include/generated/uapi/asm/msgbuf.h
  WRAP    arch/arm/include/generated/uapi/asm/poll.h
  WRAP    arch/arm/include/generated/uapi/asm/param.h
  WRAP    arch/arm/include/generated/uapi/asm/resource.h
  WRAP    arch/arm/include/generated/uapi/asm/sembuf.h
  WRAP    arch/arm/include/generated/uapi/asm/shmbuf.h
  CHK     include/generated/uapi/linux/version.h
  WRAP    arch/arm/include/generated/uapi/asm/socket.h
  UPD     include/generated/uapi/linux/version.h
  WRAP    arch/arm/include/generated/uapi/asm/siginfo.h
  WRAP    arch/arm/include/generated/uapi/asm/termbits.h
  WRAP    arch/arm/include/generated/uapi/asm/sockios.h
  WRAP    arch/arm/include/generated/uapi/asm/termios.h
  CHK     include/generated/utsrelease.h
  UPD     include/generated/utsrelease.h
  HOSTCC  scripts/basic/bin2c
kperfmon_DUMMY="CONFIG_KPERFMON is off."
kperfmon_DUMMY="olog.pb.h file is missing... retrying"
cp: cannot stat '../../../frameworks/base/proto/src/olog.proto': No such file or directory
kperfmon_DUMMY=""
cp: cannot stat '../../../vendor/samsung/system/libperflog/aprotoc': No such file or directory
kperfmon_DUMMY=""
cp: cannot stat '../../frameworks/base/proto/src/olog.proto': No such file or directory
kperfmon_DUMMY=""
cp: cannot stat '../../vendor/samsung/system/libperflog/aprotoc': No such file or directory
kperfmon_DUMMY=""
chmod: cannot access '../drivers/kperfmon/aprotoc': No such file or directory
kperfmon_DUMMY=""
make[3]: ../drivers/kperfmon/aprotoc: No such file or directory
kperfmon_DUMMY=""
cp: cannot stat '../drivers/kperfmon/olog.pb.h': No such file or directory
kperfmon_DUMMY=""
kperfmon_DUMMY="olog.pb.h file is missing... again"
cp: cannot stat '../../../system/core/liblog/include/log/perflog.h': No such file or directory
kperfmon_DUMMY=""
cp: cannot stat '../../system/core/liblog/include/log/perflog.h': No such file or directory
kperfmon_DUMMY=""
kperfmon_DUMMY="perflog.h file is missing."
  Using .. as source for kernel
  WRAP    arch/arm/include/generated/asm/clkdev.h
  WRAP    arch/arm/include/generated/asm/current.h
  WRAP    arch/arm/include/generated/asm/early_ioremap.h
  WRAP    arch/arm/include/generated/asm/emergency-restart.h
  WRAP    arch/arm/include/generated/asm/exec.h
  WRAP    arch/arm/include/generated/asm/extable.h
  WRAP    arch/arm/include/generated/asm/irq_regs.h
  WRAP    arch/arm/include/generated/asm/kdebug.h
  WRAP    arch/arm/include/generated/asm/local.h
  WRAP    arch/arm/include/generated/asm/local64.h
  WRAP    arch/arm/include/generated/asm/mm-arch-hooks.h
  WRAP    arch/arm/include/generated/asm/msi.h
  WRAP    arch/arm/include/generated/asm/parport.h
  WRAP    arch/arm/include/generated/asm/preempt.h
  WRAP    arch/arm/include/generated/asm/rwsem.h
  WRAP    arch/arm/include/generated/asm/seccomp.h
  WRAP    arch/arm/include/generated/asm/segment.h
  WRAP    arch/arm/include/generated/asm/serial.h
  WRAP    arch/arm/include/generated/asm/simd.h
  WRAP    arch/arm/include/generated/asm/sizes.h
  WRAP    arch/arm/include/generated/asm/timex.h
  WRAP    arch/arm/include/generated/asm/trace_clock.h
..
..
..
..
cameraisp drv by platform 
..
$CONFIG_MTK_COMBO_CHIP is ["CONSYS_6739"]
MTK_PLATFORM_ID is [6739]
WIFI_IP_SET is 1
including gen2 driver
FM_CHIP_ID is [6739]
CFG_FM_CHIP_ID is [6739]
CFG_FM_CHIP is [mt6627]
CFG_BUILD_CONNAC2 is [false]
  HOSTCC  scripts/dtc/dtc.o
../drivers/misc/mediatek/connectivity/bt/Makefile:30: yumin: bt 1
../drivers/misc/mediatek/connectivity/bt/Makefile:35: yumin: bt 2
  HOSTCC  scripts/genksyms/genksyms.o
  HOSTCC  scripts/dtc/flattree.o
  SHIPPED scripts/genksyms/parse.tab.c
  HOSTCC  scripts/dtc/fstree.o
  CC      scripts/mod/empty.o
  HOSTCC  scripts/mod/mk_elfconfig
  HOSTCC  scripts/dtc/data.o
  HOSTCC  scripts/selinux/genheaders/genheaders
  HOSTCC  scripts/kallsyms
../drivers/misc/mediatek/connectivity/wmt_chrdev_wifi/Makefile:53: wmt_chrdev_wifi build-in boot.img
  SHIPPED scripts/genksyms/lex.lex.c
../drivers/misc/mediatek/connectivity/wmt_drv/Makefile:46: yumin: common 1
../drivers/misc/mediatek/connectivity/wmt_drv/Makefile:48: yumin: common 2
../drivers/misc/mediatek/connectivity/wmt_drv/Makefile:113: wmt_drv build-in boot.img
  HOSTCC  scripts/sortextable
  HOSTCC  scripts/dtc/livetree.o
  HOSTCC  scripts/selinux/mdp/mdp
  SHIPPED scripts/genksyms/parse.tab.h
  HOSTCC  scripts/genksyms/parse.tab.o
  CC      scripts/mod/devicetable-offsets.s
  MKELF   scripts/mod/elfconfig.h
  HOSTCC  scripts/mod/modpost.o
  HOSTCC  scripts/dtc/treesource.o
MTK_GPU_VERSION 1 = rgx
*MTK_GPU_VERSION = rgx auckland 1.8ED
  HOSTCC  scripts/dtc/srcpos.o
[GPU_DEBUG] MTK_PLATFORM = mt6739
  SYSNR   arch/arm/include/generated/asm/unistd-nr.h
  HOSTCC  scripts/dtc/checks.o
  GEN     arch/arm/include/generated/asm/mach-types.h
  HOSTCC  scripts/asn1_compiler
  SYSTBL  arch/arm/include/generated/calls-oabi.S
  HOSTCC  scripts/dtc/util.o
imgsensor drv by platform imx258_mipi_raw/ gc02m1_mipi_raw/
  HOSTCC  scripts/genksyms/lex.lex.o
  HOSTCC  scripts/mod/sumversion.o
imgsensor drv by project gc5035_mipi_raw/
  SYSTBL  arch/arm/include/generated/calls-eabi.S
  SHIPPED scripts/dtc/dtc-lexer.lex.c
  SHIPPED scripts/dtc/dtc-parser.tab.h
  SHIPPED scripts/dtc/dtc-parser.tab.c
  HOSTCC  scripts/extract-cert
  CC      kernel/bounds.s
  CHK     include/generated/timeconst.h
  HOSTCC  scripts/dtc/dtc-lexer.lex.o
  UPD     include/generated/timeconst.h
  HOSTCC  scripts/dtc/dtc-parser.tab.o
  CHK     include/generated/bounds.h
  UPD     include/generated/bounds.h
  CC      arch/arm/kernel/asm-offsets.s
  CHK     scripts/mod/devicetable-offsets.h
TCORE_UT_TESTS_SUPPORT = n
TCORE_PROFILING_SUPPORT = n
TCORE_PROFILING_AUTO_DUMP = n
TCORE_MEMORY_LEAK_DETECTION_SUPPORT = n
  UPD     scripts/mod/devicetable-offsets.h
  HOSTCC  scripts/mod/file2alias.o
  CHK     include/generated/asm-offsets.h
  UPD     include/generated/asm-offsets.h
  CALL    ../scripts/checksyscalls.sh
  HOSTLD  scripts/dtc/dtc
  HOSTLD  scripts/genksyms/genksyms
  HOSTLD  scripts/mod/modpost
  CC      init/main.o
  CHK     include/generated/compile.h
  CC      init/do_mounts.o
  CC      init/do_mounts_rd.o
  CC      init/do_mounts_initrd.o
  HOSTCC  usr/gen_init_cpio
  CC      init/noinitramfs.o
  CC      init/initramfs.o
  CC      init/calibrate.o
  CC      init/init_task.o
  CC      arch/arm/vfp/vfpmodule.o
  AS      arch/arm/vfp/entry.o
  AS      arch/arm/vfp/vfphw.o
  CC      arch/arm/vfp/vfpsingle.o
  UPD     include/generated/compile.h
  CC      init/version.o
  CC      arch/arm/vfp/vfpdouble.o
  CC      arch/arm/kernel/elf.o
  CC      arch/arm/mm/extable.o
  LDS     arch/arm/vdso/vdso.lds
  CC      arch/arm/vdso/vgettimeofday.o
  GEN     usr/initramfs_data.cpio
  CC      arch/arm/common/firmware.o
  AS      usr/initramfs_data.o
  AR      usr/built-in.o
  CC      arch/arm/mm/fault.o
  CC      arch/arm/probes/decode.o
  AS      arch/arm/vdso/datapage.o
  HOSTCC  arch/arm/vdso/vdsomunge
  CC      arch/arm/net/bpf_jit_32.o
  AS      arch/arm/kernel/entry-common.o
  CC      arch/arm/probes/decode-arm.o
  CC      arch/arm/kernel/irq.o
  SHIPPED arch/arm/crypto/sha256-core.S
  CC      arch/arm/crypto/sha256_glue.o
  VDSO    arch/arm/vdso/vdso.so.raw
  MUNGE   arch/arm/vdso/vdso.so.dbg
  OBJCOPY arch/arm/vdso/vdso.so
  AS      arch/arm/vdso/vdso.o
  AR      arch/arm/vdso/built-in.o
  CC      arch/arm/mm/init.o
  CC      arch/arm/probes/uprobes/core.o
  CC      arch/arm/kernel/opcodes.o
  AR      arch/arm/firmware/built-in.o
  AR      arch/arm/common/built-in.o
  CC      arch/arm/crypto/sha256_neon_glue.o
  CC      certs/system_keyring.o
  CC      kernel/fork.o
  CC      arch/arm/mm/iomap.o
  AR      arch/arm/vfp/vfp.o
  AR      arch/arm/vfp/built-in.o
  CC      arch/arm/probes/uprobes/actions-arm.o
  CC      mm/filemap.o
  EXTRACT_CERTS   
  SHIPPED arch/arm/crypto/sha512-core.S
  CC      arch/arm/kernel/process.o
  CC      mm/mempool.o
  CC      arch/arm/kernel/ptrace.o
  CC      arch/arm/mm/dma-mapping.o
  CC      kernel/exec_domain.o
  AR      arch/arm/probes/uprobes/built-in.o
  AR      arch/arm/probes/built-in.o
  AS      certs/system_certificates.o
  AR      certs/built-in.o
  AR      ipc/built-in.o
  CC      fs/open.o
  CC      security/integrity/iint.o
  CC      arch/arm/crypto/sha512-glue.o
  CC      mm/oom_kill.o
  CC      arch/arm/crypto/sha512-neon-glue.o
  CC      kernel/panic.o
  CC      kernel/cpu.o
  CC      arch/arm/mm/fault-armv.o
  AR      init/mounts.o
  AR      init/built-in.o
  CC      security/integrity/integrity_audit.o
  CC      arch/arm/kernel/reboot.o
  CC      crypto/api.o
  AS      arch/arm/crypto/aes-ce-core.o
  CC      fs/read_write.o
  CC      arch/arm/kernel/return_address.o
  CC      fs/file_table.o
  CC      arch/arm/crypto/aes-ce-glue.o
  CC      arch/arm/mm/flush.o
  CC      crypto/cipher.o
  AR      security/integrity/integrity.o
  AR      security/integrity/built-in.o
  CC      security/keys/gc.o
  CC      arch/arm/kernel/setup.o
  CC      kernel/exit.o
  CC      crypto/compress.o
  AS      arch/arm/crypto/sha2-ce-core.o
  CC      arch/arm/crypto/sha2-ce-glue.o
  CC      security/keys/key.o
  CC      block/bio.o
  CC      fs/super.o
  CC      arch/arm/mm/idmap.o
  CC      fs/char_dev.o
  CC      crypto/memneq.o
  CC      mm/maccess.o
  CC      crypto/crypto_wq.o
  AS      arch/arm/crypto/sha256-core.o
  AS      arch/arm/crypto/sha512-core.o
  AR      arch/arm/crypto/aes-arm-ce.o
  AR      arch/arm/crypto/sha2-arm-ce.o
  AR      arch/arm/crypto/sha256-arm.o
  AR      arch/arm/crypto/sha512-arm.o
  AR      arch/arm/crypto/built-in.o
  CC      arch/arm/mm/ioremap.o
  CC      kernel/softirq.o
  CC      block/elevator.o
  CC      drivers/amba/bus.o
  CC      arch/arm/kernel/signal.o
  CC      security/keys/keyring.o
  CC      kernel/resource.o
  CC      mm/page_alloc.o
  CC      fs/stat.o
  AR      arch/arm/net/built-in.o
  CC      kernel/sysctl.o
  CC      crypto/algapi.o
  CC      arch/arm/mm/mmap.o
  CC      drivers/android/binderfs.o
  CC      arch/arm/mm/pgd.o
  AR      security/samsung/dsms/built-in.o
  CC      arch/arm/mm/mmu.o
  AS      arch/arm/kernel/sigreturn_codes.o
  CC      arch/arm/kernel/stacktrace.o
  AR      drivers/amba/built-in.o
  AR      drivers/auxdisplay/built-in.o
  CC      security/keys/keyctl.o
  CC      arch/arm/mm/pageattr.o
  CC      mm/page-writeback.o
  CC      arch/arm/kernel/sys_arm.o
  CC      sound/sound_core.o
  CC      security/keys/permission.o
  CC      drivers/android/binder.o
  CC      fs/exec.o
  CC      drivers/android/binder_alloc.o
  CC      kernel/sysctl_binary.o
  CC      crypto/scatterwalk.o
  CC      kernel/capability.o
  CC      block/blk-core.o
  CC      arch/arm/kernel/time.o
  CC      security/keys/process_keys.o
  AR      sound/arm/built-in.o
  AR      sound/atmel/built-in.o
  CC      sound/core/sound.o
  CC      crypto/proc.o
  CC      security/keys/request_key.o
  CC      arch/arm/mm/gup.o
  CC      crypto/aead.o
  CC      arch/arm/kernel/traps.o
  AR      sound/drivers/mpu401/built-in.o
  AR      sound/drivers/opl3/built-in.o
  CC      kernel/ptrace.o
  AR      sound/drivers/opl4/built-in.o
  AR      sound/drivers/pcsp/built-in.o
  AR      sound/drivers/vx/built-in.o
  AR      sound/drivers/built-in.o
  AR      sound/firewire/built-in.o
  AR      sound/hda/built-in.o
  CC      sound/core/init.o
  GEN     security/selinux/flask.h security/selinux/av_permissions.h
  CC      security/selinux/avc.o
  CC      drivers/base/component.o
  AR      sound/i2c/other/built-in.o
  AR      sound/i2c/built-in.o
  CC      mm/readahead.o
  CC      sound/core/memory.o
  CC      security/keys/request_key_auth.o
  CC      arch/arm/mm/proc-syms.o
  MK_FW   firmware/tsp_novatek/nt36525_a02_csot.bin.gen.S
  MK_FW   firmware/tsp_ilitek/ili9881x_a02.hex.gen.S
  MK_FW   firmware/tsp_ilitek/ili9881x_a02_boe.hex.gen.S
  MK_FW   firmware/tsp_ilitek/ili9882q_a02_boe.hex.gen.S
  AS      firmware/tsp_novatek/nt36525_a02_csot.bin.gen.o
  AS      firmware/tsp_ilitek/ili9881x_a02.hex.gen.o
  AS      firmware/tsp_ilitek/ili9881x_a02_boe.hex.gen.o
  AS      firmware/tsp_ilitek/ili9882q_a02_boe.hex.gen.o
  AR      firmware/built-in.o
  CC      net/socket.o
  CC      security/keys/user_defined.o
  CC      sound/core/control.o
  CC      arch/arm/mm/alignment.o
  CC      fs/pipe.o
  CC      drivers/base/core.o
  CC      block/blk-tag.o
  CC      arch/arm/kernel/atags_parse.o
  CC      crypto/ablkcipher.o
  CC      kernel/user.o
  CC      mm/swap.o
  CC      security/selinux/hooks.o
  CC      arch/arm/mm/highmem.o
  AS      arch/arm/kernel/entry-armv.o
  CC      security/keys/proc.o
  CC      arch/arm/kernel/bugs.o
  CC      arch/arm/kernel/cpuidle.o
  CC      kernel/signal.o
  CC      mm/truncate.o
  CC      crypto/blkcipher.o
  CC      block/blk-sysfs.o
  CC      arch/arm/kernel/armksyms.o
  CC      security/keys/sysctl.o
  AS      arch/arm/mm/abort-ev7.o
  AS      arch/arm/mm/pabort-v7.o
  CC      sound/core/misc.o
  AS      arch/arm/mm/cache-v7.o
  CC      security/selinux/selinuxfs.o
  CC      fs/namei.o
  AS      arch/arm/mm/cache-mtk-v8.o
  CC      arch/arm/mm/copypage-v6.o
  AR      security/keys/built-in.o
  CC      security/commoncap.o
  CC      block/blk-flush.o
  CC      arch/arm/kernel/module.o
  CC      arch/arm/mm/context.o
  CC      sound/core/device.o
  CC      block/blk-settings.o
  CC      drivers/base/bus.o
  CC      kernel/sys.o
  CC      mm/vmscan.o
  CC      net/802/p8022.o
  CC      crypto/skcipher.o
  CC      arch/arm/kernel/module-plts.o
  AS      arch/arm/mm/tlb-v7.o
  AS      arch/arm/mm/proc-v7.o
  CC      arch/arm/mm/proc-v7-bugs.o
  CC      security/min_addr.o
  CC      sound/core/info.o
  AS      arch/arm/kernel/sleep.o
  AR      drivers/android/built-in.o
  CC      arch/arm/kernel/suspend.o
  CC      arch/arm/mm/l2c-common.o
  CC      drivers/battery/charger/s2mu005_charger/s2mu005_charger.o
  CC      block/blk-ioc.o
  CC      arch/arm/mm/cache-l2x0.o
  CC      security/security.o
  CC      security/selinux/netlink.o
  CC      drivers/base/dd.o
  CC      block/blk-map.o
  CC      arch/arm/kernel/smp.o
  CC      net/802/psnap.o
  CC      security/selinux/nlmsgtab.o
  CC      sound/core/ctljack.o
  CC      fs/fcntl.o
  CC      security/selinux/netif.o
  AS      arch/arm/mm/l2c-l2x0-resume.o
  AS      arch/arm/mm/cache-mtk-v7.o
  CC      block/blk-exec.o
  AR      arch/arm/mm/built-in.o
  AS      arch/arm/lib/ashldi3.o
  AS      arch/arm/lib/ashrdi3.o
  CC      crypto/seqiv.o
  AS      arch/arm/lib/backtrace-clang.o
  CC      sound/core/jack.o
  AS      arch/arm/lib/bswapsdi2.o
  AR      drivers/battery/charger/s2mu005_charger/built-in.o
  AS      arch/arm/lib/call_with_stack.o
  CC      fs/ioctl.o
  AS      arch/arm/lib/changebit.o
  CC      drivers/base/syscore.o
  AS      arch/arm/lib/clear_user.o
  AS      arch/arm/lib/clearbit.o
  CC      block/blk-merge.o
  AS      arch/arm/lib/copy_from_user.o
  AS      arch/arm/lib/copy_page.o
  AS      arch/arm/lib/copy_to_user.o
  AS      arch/arm/lib/csumipv6.o
  CC      security/selinux/netnode.o
  CC      kernel/umh.o
  AS      arch/arm/lib/csumpartial.o
  AS      arch/arm/lib/csumpartialcopy.o
  AS      arch/arm/lib/csumpartialcopyuser.o
  AS      arch/arm/lib/delay-loop.o
  CC      arch/arm/kernel/smp_tlb.o
  CC      arch/arm/lib/delay.o
  CC      net/802/stp.o
  CC      crypto/echainiv.o
  CC      security/selinux/netport.o
  CC      fs/readdir.o
  AS      arch/arm/lib/div64.o
  AS      arch/arm/lib/findbit.o
  AS      arch/arm/lib/getuser.o
  CC      sound/core/hwdep.o
  AS      arch/arm/lib/io-readsb.o
  CC      arch/arm/kernel/arch_timer.o
  AS      arch/arm/lib/io-readsl.o
  AR      sound/isa/ad1816a/built-in.o
  AR      sound/isa/ad1848/built-in.o
  AS      arch/arm/lib/io-readsw-armv4.o
  AR      sound/isa/cs423x/built-in.o
  CC      arch/arm/kernel/unwind.o
  AR      sound/isa/es1688/built-in.o
  AS      arch/arm/lib/io-writesb.o
  AR      sound/isa/galaxy/built-in.o
  AR      sound/isa/gus/built-in.o
  AS      arch/arm/lib/io-writesl.o
  AR      sound/isa/msnd/built-in.o
  AR      sound/isa/opti9xx/built-in.o
  AS      arch/arm/lib/io-writesw-armv4.o
  CC      security/selinux/ibpkey.o
  AR      sound/isa/sb/built-in.o
  AR      sound/isa/wavefront/built-in.o
  AS      arch/arm/lib/lib1funcs.o
  AR      sound/isa/wss/built-in.o
  AR      sound/isa/built-in.o
  AS      arch/arm/lib/lshrdi3.o
  CC      arch/arm/kernel/devtree.o
  CC      fs/select.o
  AS      arch/arm/lib/memchr.o
  CC      drivers/base/driver.o
  AS      arch/arm/lib/memcpy.o
  CC      fs/dcache.o
  CC      crypto/ahash.o
  AS      arch/arm/lib/memmove.o
  AS      arch/arm/lib/memset.o
  AS      arch/arm/lib/memzero.o
  AS      arch/arm/lib/muldi3.o
  AS      arch/arm/lib/putuser.o
  CC      kernel/workqueue.o
  AS      arch/arm/lib/setbit.o
  CC      security/selinux/exports.o
  AS      arch/arm/lib/strchr.o
  AS      arch/arm/lib/strrchr.o
  AS      arch/arm/lib/testchangebit.o
  AR      net/802/built-in.o
  AS      arch/arm/lib/testclearbit.o
  CC      net/8021q/vlan_core.o
  AS      arch/arm/lib/testsetbit.o
  CC      sound/core/timer.o
  AS      arch/arm/lib/ucmpdi2.o
  CC      sound/core/hrtimer.o
  AR      arch/arm/lib/lib.a
  EXPORTS arch/arm/lib/lib-ksyms.o
clang-11: warning: argument unused during compilation: '-MD' [-Wunused-command-line-argument]
clang-11: warning: argument unused during compilation: '-MF arch/arm/lib/.lib-ksyms.o.d' [-Wunused-command-line-argument]
clang-11: warning: argument unused during compilation: '-nostdinc' [-Wunused-command-line-argument]
clang-11: warning: argument unused during compilation: '-isystem /home/runner/work/toolchain/toolchain/toolchain/clang/lib64/clang/11.0.1/include' [-Wunused-command-line-argument]
clang-11: warning: argument unused during compilation: '-include ../include/linux/kconfig.h' [-Wunused-command-line-argument]
clang-11: warning: argument unused during compilation: '-D __KERNEL__' [-Wunused-command-line-argument]
clang-11: warning: argument unused during compilation: '-D __ASSEMBLY__' [-Wunused-command-line-argument]
clang-11: warning: argument unused during compilation: '-Werror=unknown-warning-option' [-Wunused-command-line-argument]
clang-11: warning: argument unused during compilation: '-funwind-tables' [-Wunused-command-line-argument]
clang-11: warning: argument unused during compilation: '-meabi gnu' [-Wunused-command-line-argument]
clang-11: warning: argument unused during compilation: '-D __LINUX_ARM_ARCH__=7' [-Wunused-command-line-argument]
clang-11: warning: argument unused during compilation: '-include asm/unified.h' [-Wunused-command-line-argument]
clang-11: warning: argument unused during compilation: '-D CC_HAVE_ASM_GOTO' [-Wunused-command-line-argument]
  AR      arch/arm/lib/built-in.o
  CC      arch/arm/kernel/swp_emulate.o
  CC      fs/inode.o
  CC      net/8021q/vlan.o
  CC      drivers/base/class.o
  CC      net/8021q/vlan_dev.o
  CC      lib/lockref.o
  CC      security/selinux/ss/ebitmap.o
  CC      block/blk-softirq.o
  CC      lib/bcd.o
  CC      mm/shmem.o
  CC      lib/div64.o
  CC      sound/core/pcm.o
  CC      arch/arm/kernel/hw_breakpoint.o
  CC      crypto/shash.o
  CC      drivers/base/platform.o
  CC      lib/sort.o
  CC      lib/parser.o
  CC      security/selinux/ss/hashtab.o
  CC      net/8021q/vlan_netlink.o
  CC      drivers/battery/common/sec_battery.o
  AR      sound/mips/built-in.o
  AR      sound/parisc/built-in.o
  CC      block/blk-timeout.o
  AR      sound/pci/ac97/built-in.o
  AR      sound/pci/ali5451/built-in.o
  AR      sound/pci/asihpi/built-in.o
  AR      sound/pci/au88x0/built-in.o
  AR      sound/pci/aw2/built-in.o
  AR      sound/pci/ca0106/built-in.o
  AR      sound/pci/cs46xx/built-in.o
  CC      security/selinux/ss/symtab.o
  AR      sound/pci/cs5535audio/built-in.o
  AR      sound/pci/ctxfi/built-in.o
  AR      sound/pci/echoaudio/built-in.o
  CC      arch/arm/kernel/perf_regs.o
  AR      sound/pci/emu10k1/built-in.o
  CC      lib/debug_locks.o
  AR      sound/pci/hda/built-in.o
  AR      sound/pci/ice1712/built-in.o
  CC      security/selinux/ss/sidtab.o
  CC      fs/attr.o
  AR      sound/pci/korg1212/built-in.o
  AR      sound/pci/lola/built-in.o
  AR      sound/pci/lx6464es/built-in.o
  AR      sound/pci/mixart/built-in.o
  AR      sound/pci/nm256/built-in.o
  AR      sound/pci/oxygen/built-in.o
  AR      sound/pci/pcxhr/built-in.o
  AR      sound/pci/riptide/built-in.o
  AR      sound/pci/rme9652/built-in.o
  AR      sound/pci/trident/built-in.o
  CC      lib/random32.o
  CC      kernel/pid.o
  AR      sound/pci/vx222/built-in.o
  AR      sound/pci/ymfpci/built-in.o
  AR      sound/pci/built-in.o
  CC      sound/core/pcm_native.o
  CC      net/bpf/test_run.o
  CC      net/8021q/vlanproc.o
  CC      arch/arm/kernel/perf_callchain.o
  CC      fs/bad_inode.o
  CC      crypto/akcipher.o
  CC      security/lsm_audit.o
  CC      lib/bust_spinlocks.o
  CC      block/blk-lib.o
  CC      drivers/base/cpu.o
  AR      virt/lib/built-in.o
  AR      virt/built-in.o
  CC      fs/file.o
  CC      arch/arm/kernel/perf_event_xscale.o
  CC      fs/filesystems.o
  CC      arch/arm/kernel/perf_event_v6.o
  CC      arch/arm/kernel/perf_event_v7.o
  AR      net/8021q/8021q.o
  AR      net/8021q/built-in.o
  CC      lib/kasprintf.o
  CC      net/bridge/br.o
  AR      net/bpf/built-in.o
  CC      security/selinux/ss/avtab.o
  CC      net/core/sock.o
  CC      lib/bitmap.o
  CC      crypto/kpp.o
  CC      kernel/task_work.o
  CC      mm/util.o
  CC      drivers/base/firmware.o
  CC      drivers/battery/common/sec_battery_vote.o
  CC      drivers/battery/fuelgauge/s2mu005_fuelgauge/s2mu005_fuelgauge.o
  CC      block/blk-mq.o
  CC      arch/arm/kernel/topology.o
  CC      fs/namespace.o
  CC      net/bridge/br_device.o
  CC      kernel/extable.o
  CC      security/selinux/ss/policydb.o
  CC      drivers/base/init.o
  CC      fs/seq_file.o
  CC      lib/scatterlist.o
  CC      drivers/battery/common/sec_battery_thermal.o
  CC      drivers/base/map.o
  ASN.1   crypto/rsapubkey-asn1.c
  ASN.1   crypto/rsaprivkey-asn1.c
  CC      crypto/rsa.o
  CC      mm/mmzone.o
  CC      kernel/params.o
  CC      drivers/base/devres.o
  CC      sound/core/pcm_lib.o
  CC      arch/arm/kernel/vdso.o
  CC      drivers/battery/common/sec_battery_sysfs.o
  CC      drivers/battery/common/sec_battery_dt.o
  CC      mm/vmstat.o
  CC      crypto/rsa_helper.o
  AR      drivers/battery/fuelgauge/s2mu005_fuelgauge/built-in.o
  CC      lib/gcd.o
  CC      crypto/rsa-pkcs1pad.o
  CC      lib/lcm.o
  CC      lib/list_sort.o
  CC      arch/arm/kernel/io.o
  CC      crypto/acompress.o
  AR      sound/pcmcia/pdaudiocf/built-in.o
  AR      sound/pcmcia/vx/built-in.o
  AR      sound/pcmcia/built-in.o
  CC      lib/uuid.o
  CC      net/bridge/br_fdb.o
  DTC     arch/arm/boot/dts/mediatek/mt6739.dtb
  AS      arch/arm/kernel/hyp-stub.o
  CC      sound/core/pcm_misc.o
  CC      arch/arm/kernel/psci_smp.o
  CC      lib/flex_array.o
  CC      kernel/kthread.o
  CC      drivers/base/attribute_container.o
  AS      arch/arm/kernel/smccc-call.o
  AS      arch/arm/kernel/head.o
  CC      lib/iov_iter.o
  LDS     arch/arm/kernel/vmlinux.lds
  AR      arch/arm/kernel/built-in.o
  CC      net/core/request_sock.o
  CC      security/selinux/ss/services.o
  AR      sound/ppc/built-in.o
  CC      drivers/battery/common/sec_battery_ttf.o
  AR      sound/sh/built-in.o
  CC      sound/core/pcm_memory.o
  CC      crypto/scompress.o
  CC      sound/core/memalloc.o
  CC      block/blk-mq-tag.o
  CC      drivers/base/transport_class.o
  CC      block/blk-stat.o
  CC      drivers/battery/common/sec_adc.o
  CC      fs/xattr.o
  CC      mm/backing-dev.o
  CC      net/ethernet/eth.o
  CC      net/core/skbuff.o
  CC      drivers/block/brd.o
  CC      net/bridge/br_forward.o
  CC      kernel/sys_ni.o
  CC      lib/clz_ctz.o
  CC      drivers/base/topology.o
  CC      kernel/nsproxy.o
  CC      net/core/datagram.o
  CC      drivers/battery/common/sec_cisd.o
  CC      sound/core/pcm_timer.o
  CC      crypto/algboss.o
  CC      crypto/testmgr.o
  CC      drivers/base/container.o
  CC      block/blk-mq-sysfs.o
  CC      drivers/block/loop.o
  CC      sound/core/seq_device.o
  CC      kernel/notifier.o
  CC      drivers/base/property.o
  AR      drivers/battery/common/built-in.o
  CC      security/selinux/ss/conditional.o
  CC      fs/libfs.o
  CC      mm/mm_init.o
  CC      lib/bsearch.o
  CC      security/selinux/ss/mls.o
  CC      crypto/cmac.o
  AR      net/ethernet/built-in.o
  CC      lib/find_bit.o
  CC      net/bridge/br_if.o
  CC      sound/core/rawmidi.o
  CC      net/ipv4/route.o
  CC      block/blk-mq-cpumap.o
  CC      sound/soc/soc-core.o
  CC      lib/llist.o
  CC      kernel/ksysfs.o
  CC      mm/mmu_context.o
  CC      lib/memweight.o
  CC      security/selinux/ss/status.o
  CC      crypto/hmac.o
  CC      net/core/stream.o
  CC      drivers/base/cacheinfo.o
  CC      lib/kfifo.o
  CC      fs/fs-writeback.o
  CC      block/blk-mq-sched.o
  CC      kernel/cred.o
  CC      mm/percpu.o
  CC      net/bridge/br_input.o
  CC      crypto/xcbc.o
  CC      drivers/base/power/sysfs.o
  CC      drivers/block/zram/zcomp.o
  AR      security/selinux/selinux.o
  AR      security/selinux/built-in.o
  AR      security/built-in.o
  CC      net/bridge/br_ioctl.o
  CC      net/ipv6/af_inet6.o
  CC      lib/percpu-refcount.o
  CC      sound/core/seq/seq.o
  CC      drivers/block/zram/zram_drv.o
  CC      crypto/crypto_null.o
  CC      net/core/scm.o
  CC      drivers/base/power/generic_ops.o
  CC      sound/core/seq/seq_lock.o
  CC      lib/percpu_ida.o
  CC      kernel/reboot.o
  CC      block/ioctl.o
  CC      net/bridge/br_stp.o
  CC      sound/core/seq/seq_clientmgr.o
  CC      net/ipv4/inetpeer.o
  AR      sound/sparc/built-in.o
  AR      sound/spi/built-in.o
  CC      crypto/md5.o
  AR      sound/synth/emux/built-in.o
  AR      sound/synth/built-in.o
  CC      sound/soc/soc-dapm.o
  CC      drivers/base/power/common.o
  CC      lib/rhashtable.o
  CC      drivers/base/regmap/regmap.o
  CC      net/ipv6/anycast.o
  CC      kernel/async.o
  CC      sound/soc/soc-jack.o
  CC      net/core/gen_stats.o
  CC      mm/slab_common.o
  CC      drivers/base/power/qos.o
  CC      net/bridge/br_stp_bpdu.o
  CC      block/genhd.o
  CC      kernel/range.o
  CC      fs/pnode.o
  AR      drivers/block/zram/zram.o
  AR      drivers/block/zram/built-in.o
  AR      drivers/block/built-in.o
  CC      crypto/sha1_generic.o
  CC      sound/core/seq/seq_memory.o
  CC      kernel/smpboot.o
  CC      sound/soc/soc-cache.o
  CC      net/ipv4/protocol.o
  CC      net/ipv6/ip6_output.o
  CC      fs/splice.o
  CC      net/bridge/br_stp_if.o
  CC      net/core/gen_estimator.o
  CC      sound/usb/card.o
  CC      lib/reciprocal_div.o
  CC      sound/core/seq/seq_queue.o
  CC      drivers/base/power/runtime.o
  CC      kernel/ucount.o
  AR      sound/x86/built-in.o
  AR      drivers/base/test/built-in.o
  CC      crypto/sha256_generic.o
  CC      mm/compaction.o
  CC      lib/once.o
  CC      kernel/kmod.o
  CC      net/ipv4/ip_input.o
  CC      sound/core/seq/seq_fifo.o
  CC      sound/soc/soc-utils.o
  CC      lib/refcount.o
  CC      sound/usb/clock.o
  CC      net/bridge/br_stp_timer.o
  CC      block/partition-generic.o
  CC      drivers/base/regmap/regcache.o
  CC      sound/soc/soc-pcm.o
  CC      lib/usercopy.o
  CC      net/core/net_namespace.o
  CC      lib/errseq.o
  CC      sound/core/seq/seq_prioq.o
  CC      drivers/base/power/wakeirq.o
  CC      lib/string_helpers.o
  CC      sound/usb/endpoint.o
  CC      kernel/groups.o
  CC      fs/sync.o
  CC      net/bridge/br_netlink.o
  CC      sound/core/seq/seq_timer.o
  CC      sound/soc/soc-io.o
  CC      drivers/base/regmap/regcache-rbtree.o
  CC      net/ipv4/ip_fragment.o
  CC      drivers/base/power/main.o
  CC      sound/core/seq/seq_system.o
  CC      sound/usb/format.o
  CC      lib/hexdump.o
  CC      net/ipv6/ip6_input.o
  CC      crypto/sha512_generic.o
  CC      block/ioprio.o
  CC      mm/vmacache.o
  CC      drivers/base/regmap/regcache-flat.o
  CC      lib/kstrtox.o
  CC      fs/utimes.o
  CC      kernel/bpf/core.o
  CC      sound/soc/soc-devres.o
  CC      sound/core/seq/seq_ports.o
  CC      net/bridge/br_netlink_tunnel.o
  CC      net/core/secure_seq.o
  CC      mm/swap_slots.o
  CC      drivers/base/regmap/regmap-i2c.o
  CC      sound/usb/helper.o
  CC      sound/soc/soc-ops.o
  CC      fs/stack.o
  CC      lib/pci_iomap.o
  CC      sound/usb/mixer.o
  CC      mm/interval_tree.o
  CC      kernel/cgroup/cgroup.o
  CC      sound/core/seq/seq_info.o
  CC      net/ipv4/ip_forward.o
  CC      block/badblocks.o
  CC      fs/fs_struct.o
  CC      drivers/base/regmap/regmap-spi.o
  CC      crypto/gf128mul.o
  CC      lib/iomap_copy.o
  CC      net/bridge/br_sysfs_if.o
  CC      sound/core/seq/seq_dummy.o
  CC      drivers/base/power/wakeup.o
  CC      lib/devres.o
  AR      sound/soc/adi/built-in.o
  AR      sound/soc/amd/built-in.o
  AR      sound/soc/atmel/built-in.o
  AR      sound/soc/au1x/built-in.o
  AR      sound/soc/bcm/built-in.o
  AR      sound/soc/blackfin/built-in.o
  CC      mm/list_lru.o
  CC      fs/statfs.o
  AR      sound/soc/cirrus/built-in.o
  CC      sound/soc/codecs/aw8896.o
  CC      net/ipv6/addrconf.o
  CC      net/core/flow_dissector.o
  CC      crypto/ecb.o
  CC      block/partitions/check.o
  CC      sound/core/seq/seq_midi.o
  CC      drivers/base/regmap/regmap-mmio.o
  CC      net/ipv4/ip_options.o
  CC      net/bridge/br_sysfs_br.o
  CC      lib/hweight.o
  CC      sound/usb/mixer_quirks.o
  CC      lib/assoc_array.o
  CC      block/partitions/msdos.o
  CC      crypto/cbc.o
  CC      sound/core/seq/seq_midi_event.o
  AR      drivers/base/regmap/built-in.o
  CC      drivers/base/dma-mapping.o
  CC      fs/fs_pin.o
  CC      mm/workingset.o
  CC      drivers/base/power/wakeup_stats.o
  CC      fs/nsfs.o
  CC      crypto/cts.o
  CC      block/partitions/efi.o
  AR      sound/core/seq/snd-seq.o
  CC      kernel/bpf/syscall.o
  AR      sound/core/seq/snd-seq-dummy.o
  AR      sound/core/seq/snd-seq-midi.o
  AR      sound/core/seq/snd-seq-midi-event.o
  AR      sound/core/seq/built-in.o
  AR      sound/core/snd.o
  AR      sound/core/snd-hwdep.o
  CC      lib/list_debug.o
  AR      sound/core/snd-timer.o
  AR      sound/core/snd-hrtimer.o
  AR      sound/core/snd-pcm.o
  AR      sound/core/snd-seq-device.o
  AR      sound/core/snd-rawmidi.o
  AR      sound/core/built-in.o
  CC      sound/last.o
  CC      sound/usb/mixer_scarlett.o
  AR      sound/soc/codecs/snd-soc-aw8896.o
  AR      sound/soc/codecs/built-in.o
  AR      sound/soc/davinci/built-in.o
  AR      sound/soc/dwc/built-in.o
  AR      sound/soc/fsl/built-in.o
  AR      sound/soc/generic/built-in.o
  AR      sound/soc/hisilicon/built-in.o
  CC      drivers/base/power/clock_ops.o
  AR      sound/soc/img/built-in.o
  CC      mm/showmem_extra.o
  CC      lib/bitrev.o
  AR      sound/soc/intel/boards/built-in.o
  AR      sound/soc/intel/built-in.o
  AR      sound/soc/jz4740/built-in.o
  CC      lib/rational.o
  AR      sound/soc/kirkwood/built-in.o
  CC      net/bridge/br_nf_core.o
  CC      fs/buffer.o
  CC      sound/soc/mediatek/codec/mt6357/mtk-soc-codec-6357.o
  CC      lib/crc-ccitt.o
  AR      sound/soundcore.o
  CC      net/key/af_key.o
  CC      net/core/sysctl_net_core.o
  CC      net/ipv4/ip_output.o
  CC      crypto/xts.o
  CC      mm/debug.o
  CC      drivers/base/dma-coherent.o
  CC      lib/crc16.o
  CC      sound/usb/mixer_us16x08.o
  AR      block/partitions/built-in.o
  CC      block/bounce.o
  HOSTCC  lib/gen_crc32table
  AR      drivers/base/power/built-in.o
  CC      net/ipv4/ip_sockglue.o
  CC      net/bridge/br_multicast.o
  CC      lib/libcrc32c.o
  CC      sound/usb/pcm.o
  CC      net/core/dev.o
  CC      mm/gup.o
  CC      drivers/base/firmware_class.o
  CC      lib/genalloc.o
  CC      crypto/ctr.o
  CC      block/scsi_ioctl.o
  CC      kernel/cgroup/namespace.o
  CC      kernel/bpf/verifier.o
  CC      crypto/gcm.o
  CC      sound/soc/mediatek/codec/mt6357/mtk-auddrv-ana.o
  CC      lib/fonts/fonts.o
  AR      net/key/built-in.o
  CC      sound/usb/proc.o
  CC      net/l2tp/l2tp_core.o
  CC      mm/highmem.o
  CC      lib/fonts/font_8x16.o
  CC      net/ipv6/addrlabel.o
  CC      kernel/cgroup/cgroup-v1.o
  CC      net/ipv4/inet_hashtables.o
  CC      block/noop-iosched.o
  CC      drivers/base/module.o
  CC      sound/usb/quirks.o
  CC      fs/block_dev.o
  CC      kernel/cgroup/freezer.o
  AR      lib/fonts/font.o
  AR      lib/fonts/built-in.o
  CC      lib/lz4/lz4_compress.o
  AR      sound/soc/mediatek/codec/mt6357/built-in.o
  CC      sound/soc/mediatek/common/mtk-btcvsd.o
  CC      drivers/base/pinctrl.o
  CC      block/deadline-iosched.o
  CC      crypto/ccm.o
  CC      kernel/events/core.o
  CC      drivers/base/arch_topology.o
  CC      mm/memory.o
  CC      net/ipv6/route.o
  CC      sound/usb/stream.o
  CC      net/bridge/br_mdb.o
  CC      block/cfq-iosched.o
  CC      kernel/cgroup/cpuset.o
  AR      sound/soc/mediatek/common/built-in.o
  CC      sound/soc/mediatek/common_int/mtk-auddrv-devtree-parser.o
  AR      drivers/base/built-in.o
  AR      drivers/bus/built-in.o
  AR      drivers/cdrom/built-in.o
  CC      drivers/char/mem.o
  CC      crypto/cryptd.o
  CC      lib/lz4/lz4_decompress.o
  CC      sound/usb/midi.o
  CC      net/ipv4/inet_timewait_sock.o
  CC      net/l2tp/l2tp_ppp.o
  CC      sound/soc/mediatek/common_int/mtk-soc-speaker-amp.o
  CC      fs/direct-io.o
  CC      net/bridge/br_netfilter_hooks.o
  CC      drivers/char/random.o
  CC      sound/soc/mediatek/common_int/mtk-auddrv-afe.o
  AR      lib/lz4/built-in.o
  CC      lib/lzo/lzo1x_compress.o
  AR      kernel/cgroup/built-in.o
  AR      sound/usb/6fire/built-in.o
  CC      crypto/des_generic.o
  AR      sound/soc/mxs/built-in.o
  CC      net/core/ethtool.o
  AR      sound/usb/bcd2000/built-in.o
  CC      kernel/bpf/inode.o
  AR      sound/usb/caiaq/built-in.o
  AR      sound/usb/hiface/built-in.o
  CC      net/ipv4/inet_connection_sock.o
  AR      sound/usb/misc/built-in.o
  AR      sound/usb/usx2y/built-in.o
  AR      sound/usb/snd-usb-audio.o
  AR      net/l2tp/built-in.o
  AR      sound/usb/snd-usbmidi-lib.o
  AR      sound/usb/built-in.o
  CC      net/llc/llc_core.o
  CC      kernel/events/ring_buffer.o
  CC      lib/lzo/lzo1x_decompress_safe.o
  CC      net/bridge/br_netfilter_ipv6.o
  CC      mm/mincore.o
  CC      sound/soc/mediatek/common_int/mtk-auddrv-gpio.o
  CC      block/mq-deadline.o
  AR      lib/lzo/lzo_compress.o
  AR      lib/lzo/lzo_decompress.o
  AR      lib/lzo/built-in.o
  CC      lib/mpi/generic_mpih-lshift.o
  CC      crypto/blowfish_generic.o
  CC      sound/soc/mediatek/common_int/mtk-soc-afe-control.o
  CC      lib/mpi/generic_mpih-mul1.o
  CC      mm/mlock.o
  CC      net/ipv6/ip6_fib.o
  CC      fs/mpage.o
  CC      net/llc/llc_input.o
  CC      block/kyber-iosched.o
  CC      drivers/char/misc.o
  AR      net/bridge/netfilter/built-in.o
  AR      net/bridge/bridge.o
  AR      net/bridge/br_netfilter.o
  AR      net/bridge/built-in.o
  CC      net/ncm/ncm.o
  CC      kernel/events/callchain.o
  CC      crypto/blowfish_common.o
  CC      kernel/bpf/helpers.o
  CC      lib/mpi/generic_mpih-mul2.o
  CC      net/core/dev_addr_lists.o
  CC      lib/mpi/generic_mpih-mul3.o
  AR      drivers/char/agp/built-in.o
  CC      drivers/char/hw_random/core.o
  CC      block/keyslot-manager.o
  CC      sound/soc/mediatek/common_int/mtk-soc-pcm-common.o
  CC      kernel/bpf/tnum.o
  CC      crypto/twofish_generic.o
  CC      net/ipv4/tcp.o
  CC      lib/mpi/generic_mpih-rshift.o
  CC      kernel/bpf/hashtab.o
  CC      net/llc/llc_output.o
  CC      mm/mmap.o
  CC      net/core/dst.o
  CC      sound/soc/mediatek/common_int/mtk-soc-pcm-capture.o
  CC      lib/mpi/generic_mpih-sub1.o
  CC      crypto/twofish_common.o
  CC      fs/proc_namespace.o
  CC      drivers/char/hw_random/mt67xx-rng.o
  CC      lib/mpi/generic_mpih-add1.o
  CC      sound/soc/mediatek/mt6739/mtk-auddrv-clk.o
  AR      net/ncm/built-in.o
  CC      crypto/aes_generic.o
  CC      block/bio-crypt-ctx.o
  AR      drivers/char/hw_random/rng-core.o
  AR      drivers/char/hw_random/built-in.o
  CC      fs/dlog_hook.o
  CC      drivers/char/rpmb/rpmb-mtk.o
  AR      net/llc/llc.o
  AR      net/llc/built-in.o
  CC      net/ipv6/ipv6_sockglue.o
  CC      sound/soc/mediatek/common_int/mtk-soc-pcm-dl1.o
  AR      drivers/char/ipmi/built-in.o
  CC      net/core/netevent.o
  CC      kernel/events/hw_breakpoint.o
  CC      lib/mpi/mpicoder.o
  CC      drivers/char/rpmb/core.o
  CC      block/blk-crypto.o
  CC      fs/configfs/inode.o
  CC      kernel/bpf/arraymap.o
  AR      sound/soc/nuc900/built-in.o
  CC      mm/mprotect.o
  CC      crypto/arc4.o
  CC      drivers/clk/clk-devres.o
  CC      sound/soc/mediatek/common_int/mtk-soc-pcm-dummy.o
  CC      sound/soc/mediatek/mt6739/mtk-soc-afe-connection.o
  CC      fs/crypto/crypto.o
  CC      lib/mpi/mpi-bit.o
  AR      drivers/char/rpmb/rpmb.o
  AR      drivers/char/rpmb/built-in.o
  AR      drivers/char/built-in.o
  CC      net/core/neighbour.o
  CC      lib/reed_solomon/reed_solomon.o
  CC      block/blk-crypto-fallback.o
  CC      kernel/events/uprobes.o
  CC      fs/configfs/file.o
  CC      crypto/deflate.o
  CC      drivers/clk/clk-bulk.o
  CC      mm/mremap.o
  CC      sound/soc/mediatek/common_int/mtk-soc-pcm-routing.o
  CC      kernel/bpf/percpu_freelist.o
  CC      net/netfilter/core.o
  CC      lib/mpi/mpi-cmp.o
  CC      fs/configfs/dir.o
  CC      kernel/bpf/bpf_lru_list.o
  AR      lib/reed_solomon/built-in.o
  CC      lib/zlib_deflate/deflate.o
  CC      sound/soc/mediatek/mt6739/mt6739-sound.o
  CC      fs/crypto/fname.o
  CC      crypto/crc32c_generic.o
  CC      drivers/clk/clkdev.o
  CC      net/ipv6/ndisc.o
  AR      block/built-in.o
  CC      kernel/irq/irqdesc.o
  CC      kernel/bpf/lpm_trie.o
  CC      mm/msync.o
  CC      sound/soc/mediatek/common_int/mtk-soc-pcm-capture2.o
  CC      lib/mpi/mpih-cmp.o
  CC      net/ipv4/tcp_input.o
  CC      lib/zlib_deflate/deftree.o
  CC      crypto/crc32_generic.o
  CC      lib/mpi/mpih-div.o
  CC      drivers/clk/clk.o
  CC      mm/page_vma_mapped.o
  CC      fs/configfs/symlink.o
  CC      fs/crypto/hkdf.o
  AR      kernel/events/built-in.o
  CC      lib/zlib_deflate/deflate_syms.o
  AR      kernel/livepatch/built-in.o
  CC      sound/soc/mediatek/common_int/mtk-soc-pcm-i2s2-adc2.o
  AR      sound/soc/omap/built-in.o
  CC      fs/devpts/inode.o
  CC      crypto/authenc.o
  CC      kernel/irq/handle.o
  CC      kernel/bpf/map_in_map.o
  CC      net/netfilter/nf_log.o
  CC      lib/mpi/mpih-mul.o
  CC      fs/configfs/mount.o
  AR      sound/soc/mediatek/mt6739/built-in.o
  CC      fs/crypto/hooks.o
  AR      lib/zlib_deflate/zlib_deflate.o
  AR      lib/zlib_deflate/built-in.o
  CC      drivers/clocksource/timer-of.o
  CC      lib/zlib_inflate/inffast.o
  CC      mm/pagewalk.o
  CC      kernel/bpf/devmap.o
  CC      lib/zlib_inflate/inflate.o
  AR      fs/devpts/devpts.o
  AR      fs/devpts/built-in.o
  CC      sound/soc/mediatek/common_int/mtk-soc-pcm-voice-md1.o
  CC      drivers/cpufreq/cpufreq.o
  CC      fs/configfs/item.o
  CC      drivers/clocksource/timer-probe.o
  CC      lib/mpi/mpi-pow.o
  CC      mm/pgtable-generic.o
  CC      kernel/irq/manage.o
  CC      net/core/rtnetlink.o
  CC      fs/crypto/keyring.o
  CC      drivers/clocksource/mmio.o
  AR      fs/configfs/configfs.o
  CC      lib/zlib_inflate/infutil.o
  AR      fs/configfs/built-in.o
  CC      fs/ecryptfs/dentry.o
  CC      kernel/bpf/stackmap.o
  CC      net/ipv6/udp.o
  CC      crypto/authencesn.o
  CC      drivers/clocksource/mtk_apxgpt.o
  CC      mm/rmap.o
  CC      lib/zlib_inflate/inftrees.o
  CC      lib/mpi/mpiutil.o
  CC      lib/zlib_inflate/inflate_syms.o
  CC      net/netfilter/nf_queue.o
  CC      fs/ecryptfs/file.o
  CC      sound/soc/mediatek/common_int/mtk-soc-pcm-voice-md2.o
  AR      lib/zlib_inflate/zlib_inflate.o
  AR      lib/zlib_inflate/built-in.o
  CC      net/ipv4/tcp_output.o
  CC      kernel/bpf/cgroup.o
  CC      kernel/irq/spurious.o
  CC      crypto/lzo.o
  CC      fs/crypto/keysetup.o
  AR      lib/mpi/mpi.o
  AR      lib/mpi/built-in.o
  CC      lib/textsearch.o
  CC      drivers/clk/clk-divider.o
  CC      drivers/clocksource/mtk_systimer.o
  CC      fs/ecryptfs/inode.o
  CC      kernel/irq/resend.o
  CC      crypto/lzo-rle.o
  CC      lib/ts_kmp.o
  CC      drivers/cpufreq/freq_table.o
  CC      sound/soc/mediatek/common_int/mtk-soc-pcm-voice-md1-bt.o
  CC      mm/vmalloc.o
  CC      drivers/clocksource/arm_arch_timer.o
  CC      kernel/irq/chip.o
  CC      lib/ts_bm.o
  CC      net/netfilter/nf_sockopt.o
  CC      fs/crypto/keysetup_v1.o
  CC      crypto/lz4.o
  CC      drivers/cpufreq/cpufreq_times.o
  CC      lib/ts_fsm.o
  CC      crypto/rng.o
  AR      kernel/bpf/built-in.o
  CC      kernel/locking/mutex.o
  CC      fs/ecryptfs/main.o
  CC      drivers/clocksource/dummy_timer.o
  CC      lib/percpu_counter.o
  CC      fs/crypto/policy.o
  CC      sound/soc/mediatek/common_int/mtk-soc-pcm-voice-md2-bt.o
  CC      net/ipv6/udplite.o
  AR      drivers/clocksource/built-in.o
  CC      drivers/cpuidle/cpuidle.o
  CC      drivers/cpufreq/cpufreq_limit_mt6739.o
  CC      drivers/clk/clk-fixed-factor.o
  CC      kernel/irq/dummychip.o
  CC      net/netfilter/nfnetlink.o
  CC      net/core/utils.o
  CC      fs/ecryptfs/super.o
  CC      drivers/cpufreq/cpufreq_performance.o
  CC      crypto/drbg.o
  CC      lib/audit.o
  CC      kernel/locking/semaphore.o
  CC      net/ipv4/tcp_timer.o
  CC      drivers/cpufreq/cpufreq_interactive.o
  CC      net/ipv6/raw.o
  CC      fs/crypto/bio.o
  CC      lib/swiotlb.o
  CC      kernel/irq/devres.o
  CC      sound/soc/mediatek/common_int/mtk-soc-pcm-voice-usb.o
  CC      drivers/clk/clk-fixed-rate.o
  CC      fs/ecryptfs/mmap.o
  CC      mm/process_vm_access.o
  CC      kernel/locking/rwsem.o
  CC      drivers/cpuidle/driver.o
  CC      crypto/jitterentropy.o
  CC      crypto/jitterentropy-kcapi.o
  CC      kernel/irq/autoprobe.o
  CC      net/ipv4/tcp_ipv4.o
  AR      fs/crypto/fscrypto.o
  AR      fs/crypto/built-in.o
  AR      fs/exofs/built-in.o
  CC      crypto/ghash-generic.o
  CC      drivers/clk/clk-gate.o
  CC      kernel/locking/percpu-rwsem.o
  CC      net/netfilter/nfnetlink_queue.o
  CC      net/core/link_watch.o
  CC      fs/ecryptfs/read_write.o
  CC      mm/mm_debug.o
  CC      drivers/cpuidle/governor.o
  CC      drivers/clk/clk-multiplier.o
  CC      sound/soc/mediatek/common_int/mtk-soc-pcm-voice-usb-echoref.o
  CC      kernel/locking/spinlock.o
  CC      crypto/asymmetric_keys/asymmetric_type.o
  CC      drivers/cpufreq/cpufreq_governor_attr_set.o
  CC      crypto/hash_info.o
  CC      drivers/cpuidle/sysfs.o
  CC      mm/init-mm.o
  CC      kernel/irq/irqdomain.o
  CC      crypto/asymmetric_keys/restrict.o
  CC      lib/iommu-helper.o
  CC      net/ipv4/tcp_minisocks.o
  CC      fs/ecryptfs/crypto.o
  CC      drivers/clk/clk-mux.o
  CC      lib/iommu-common.o
  CC      mm/sec_mm/sec_mm_init.o
  CC      crypto/asymmetric_keys/signature.o
  CC      mm/sec_mm/lowfile_detect.o
  CC      drivers/cpuidle/governors/menu.o
  AR      drivers/cpufreq/built-in.o
  CC      sound/soc/mediatek/common_int/mtk-soc-pcm-dl1-i2s0.o
  AR      drivers/crypto/built-in.o
  CC      mm/sec_mm/show_mem.o
  CC      lib/fault-inject.o
  CC      kernel/locking/osq_lock.o
  CC      drivers/clk/clk-composite.o
  CC      net/ipv6/icmp.o
  CC      net/core/filter.o
  CC      crypto/asymmetric_keys/public_key.o
  CC      crypto/simd.o
  CC      kernel/locking/rtmutex.o
  CC      drivers/clk/clk-fractional-divider.o
  CC      net/netfilter/nfnetlink_log.o
  CC      lib/syscall.o
  AR      mm/sec_mm/sec_mm.o
  AR      mm/sec_mm/built-in.o
  CC      mm/nobootmem.o
  CC      kernel/irq/proc.o
  CC      net/netfilter/nf_conntrack_core.o
  CC      sound/soc/mediatek/common_int/mtk-soc-pcm-dl1-i2s0Dl1.o
  CC      drivers/cpuidle/governors/mtk_menu.o
  CC      fs/ecryptfs/keystore.o
  CC      lib/nlattr.o
  ASN.1   crypto/asymmetric_keys/x509-asn1.c
  ASN.1   crypto/asymmetric_keys/x509_akid-asn1.c
  CC      crypto/asymmetric_keys/x509_public_key.o
  CC      kernel/locking/rwsem-xadd.o
  CC      drivers/clk/clk-gpio.o
  CC      drivers/dax/super.o
  CC      kernel/irq/cpuhotplug.o
  CC      net/netfilter/nf_conntrack_standalone.o
  CC      sound/soc/mediatek/common_int/mtk-soc-pcm-i2s0-awb.o
  CC      mm/fadvise.o
  CC      net/ipv4/tcp_cong.o
  ASN.1   crypto/asymmetric_keys/pkcs7-asn1.c
  CC      crypto/asymmetric_keys/pkcs7_trust.o
  CC      kernel/irq/pm.o
  AR      drivers/cpuidle/governors/built-in.o
  CC      drivers/cpuidle/cpuidle-mtk_acao.o
  AR      kernel/locking/built-in.o
  CC      crypto/asymmetric_keys/pkcs7_verify.o
  CC      kernel/power/qos.o
  CC      drivers/clk/clk-conf.o
  CC      lib/cpu_rmap.o
  CC      net/ipv6/mcast.o
  CC      mm/madvise.o
  CC      sound/soc/mediatek/common_int/mtk-soc-pcm-uldlloopback.o
  AR      drivers/dax/dax.o
  AR      drivers/dax/built-in.o
  CC      kernel/irq/affinity.o
  CC      fs/exportfs/expfs.o
  CC      fs/ecryptfs/kthread.o
  AR      crypto/asymmetric_keys/asymmetric_keys.o
  CC      crypto/asymmetric_keys/x509-asn1.o
  AR      drivers/clk/bcm/built-in.o
  CC      crypto/asymmetric_keys/x509_akid-asn1.o
  AR      drivers/clk/imgtec/built-in.o
  CC      drivers/clk/mediatek/clk-fixup-div.o
  CC      crypto/asymmetric_keys/x509_cert_parser.o
  CC      lib/dynamic_queue_limits.o
  CC      net/netlink/af_netlink.o
  AR      kernel/irq/built-in.o
  AR      sound/soc/pxa/built-in.o
  CC      net/core/sock_diag.o
  CC      sound/soc/mediatek/common_int/mtk-soc-pcm-dl2.o
  AR      drivers/cpuidle/built-in.o
  CC      drivers/dma-buf/dma-buf.o
  CC      drivers/clk/mediatek/clk-mtk.o
  CC      lib/glob.o
  CC      fs/ecryptfs/debug.o
  AR      fs/exportfs/exportfs.o
  AR      fs/exportfs/built-in.o
  CC      drivers/extcon/extcon.o
  AR      drivers/firewire/built-in.o
  CC      net/core/dev_ioctl.o
  CC      mm/memblock.o
  CC      crypto/asymmetric_keys/pkcs7-asn1.o
  CC      crypto/asymmetric_keys/pkcs7_parser.o
  CC      kernel/power/main.o
  CC      lib/strncpy_from_user.o
  CC      drivers/clk/mediatek/clk-pll.o
  CC      net/ipv4/tcp_metrics.o
  CC      net/netfilter/nf_conntrack_expect.o
  AR      fs/ecryptfs/ecryptfs.o
  AR      fs/ecryptfs/built-in.o
  CC      fs/ext4/balloc.o
  CC      net/core/tso.o
  AR      crypto/asymmetric_keys/x509_key_parser.o
  AR      crypto/asymmetric_keys/pkcs7_message.o
  AR      crypto/asymmetric_keys/built-in.o
  AR      crypto/crypto.o
  AR      crypto/crypto_algapi.o
  AR      crypto/crypto_blkcipher.o
  AR      crypto/crypto_hash.o
  CC      crypto/rsapubkey-asn1.o
  CC      crypto/rsaprivkey-asn1.o
  CC      sound/soc/mediatek/common_int/mtk-soc-pcm-deep-buffer-dl.o
  AR      crypto/crypto_acompress.o
  AR      crypto/cryptomgr.o
  AR      crypto/jitterentropy_rng.o
  AR      crypto/crypto_simd.o
  AR      crypto/rsa_generic.o
  AR      crypto/built-in.o
  AR      drivers/clk/mvebu/built-in.o
  CC      drivers/clk/mediatek/clk-gate.o
  CC      drivers/clk/mediatek/clk-apmixed.o
  CC      lib/strnlen_user.o
  CC      drivers/dma-buf/dma-fence.o
  CC      drivers/clk/mediatek/clk-cpumux.o
  CC      drivers/clk/mediatek/clk-mux.o
  CC      drivers/extcon/devres.o
  CC      drivers/dma-buf/dma-fence-array.o
  CC      net/packet/af_packet.o
  CC      kernel/power/process.o
  CC      net/netlink/genetlink.o
  CC      drivers/clk/mediatek/clk-mt6739.o
  CC      mm/page_io.o
  CC      sound/soc/mediatek/common_int/mtk-soc-pcm-mrgrx.o
  CC      lib/net_utils.o
  AR      drivers/extcon/extcon-core.o
  AR      drivers/extcon/built-in.o
  CC      net/ipv4/tcp_fastopen.o
  CC      drivers/firmware/psci.o
  CC      drivers/dma-buf/reservation.o
  CC      drivers/clk/mediatek/clk-mt6739-pg.o
  CC      fs/ext4/bitmap.o
  CC      net/core/sock_reuseport.o
  CC      net/ipv6/reassembly.o
  CC      kernel/power/suspend.o
  CC      sound/soc/mediatek/common_int/mtk-soc-pcm-mrgrx-awb.o
  CC      mm/swap_state.o
  CC      net/netfilter/nf_conntrack_helper.o
  CC      kernel/printk/printk.o
  CC      lib/sg_pool.o
  AR      drivers/firmware/broadcom/built-in.o
  AR      drivers/firmware/meson/built-in.o
  AR      drivers/firmware/tegra/built-in.o
  AR      drivers/firmware/built-in.o
  CC      drivers/dma-buf/seqno-fence.o
  CC      drivers/clk/mediatek/mt6739_clkmgr.o
  AR      sound/soc/qcom/built-in.o
  CC      net/core/fib_notifier.o
  CC      fs/ext4/block_validity.o
  CC      sound/soc/mediatek/common_int/mtk-soc-pcm-fm-i2s.o
  CC      drivers/clk/mediatek/clk-mtk-v1.o
  CC      fs/f2fs/dir.o
  AR      net/netlink/built-in.o
  CC      net/core/net-sysfs.o
  CC      lib/asn1_decoder.o
  CC      mm/swapfile.o
  CC      net/ipv6/tcp_ipv6.o
  CC      drivers/dma-buf/sync_file.o
  CC      drivers/clk/mediatek/clk-fixed-factor.o
  CC      kernel/power/wakelock.o
  CC      fs/ext4/dir.o
  CC      net/netfilter/nf_conntrack_proto.o
  CC      net/ipv4/tcp_rate.o
  CC      sound/soc/mediatek/common_int/mtk-soc-pcm-fm-i2s-awb.o
  GEN     lib/oid_registry_data.c
  CC      lib/sbitmap.o
  CC      net/core/net-procfs.o
  CC      drivers/clk/mediatek/clkdbg.o
  CC      kernel/power/poweroff.o
  AR      sound/soc/rockchip/built-in.o
  CC      kernel/rcu/update.o
  CC      kernel/power/wakeup_reason.o
  CC      sound/soc/mediatek/common_int/mtk-soc-pcm-dl1-awb.o
  AR      drivers/dma-buf/built-in.o
  CC      drivers/gpio/devres.o
  CC      fs/ext4/ext4_jbd2.o
  CC      lib/argv_split.o
  CC      net/core/fib_rules.o
  CC      fs/f2fs/file.o
  AR      net/packet/built-in.o
  CC      lib/bug.o
  CC      net/sched/sch_generic.o
  AR      drivers/clk/mediatek/built-in.o
  AR      drivers/clk/renesas/built-in.o
  CC      kernel/printk/printk_safe.o
  AR      drivers/clk/ti/built-in.o
  AR      drivers/clk/built-in.o
  CC      sound/soc/mediatek/common_int/mtk-soc-pcm-dl1-bt.o
  CC      net/ipv4/tcp_recovery.o
  CC      drivers/gpu/drm/drm_crtc_helper.o
  CC      drivers/gpio/gpiolib.o
  CC      net/netfilter/nf_conntrack_l3proto_generic.o
  CC      net/ipv6/ping.o
  AR      kernel/power/built-in.o
  CC      kernel/sched/core.o
  CC      kernel/time/time.o
  CC      kernel/rcu/sync.o
  CC      lib/chacha.o
  CC      fs/ext4/extents.o
  AR      kernel/printk/built-in.o
  CC      kernel/rcu/srcutree.o
  CC      drivers/hid/hid-core.o
  CC      sound/soc/mediatek/common_int/mtk-soc-pcm-bt-dai.o
  CC      lib/clz_tab.o
  CC      mm/frontswap.o
  CC      lib/cmdline.o
  CC      net/ipv4/tcp_ulp.o
  CC      lib/cpumask.o
  CC      lib/ctype.o
  CC      sound/soc/mediatek/common_int/mtk-soc-dai-stub.o
  CC      net/netfilter/nf_conntrack_proto_generic.o
  CC      lib/dec_and_lock.o
  CC      kernel/time/timer.o
  CC      drivers/gpu/drm/drm_dp_helper.o
  CC      net/core/net-traces.o
  CC      net/ipv6/exthdrs.o
  CC      net/sched/sch_mq.o
  CC      kernel/rcu/tree.o
  CC      lib/decompress.o
  CC      lib/decompress_inflate.o
  CC      mm/zswap.o
  CC      lib/decompress_unlz4.o
  CC      sound/soc/mediatek/common_int/mtk-soc-dai-routing.o
  CC      net/netfilter/nf_conntrack_proto_tcp.o
  CC      lib/dump_stack.o
  CC      drivers/hid/hid-input.o
  CC      net/ipv4/tcp_offload.o
  CC      net/sched/sch_api.o
  CC      drivers/gpio/gpiolib-legacy.o
  CC      lib/earlycpio.o
  CC      sound/soc/mediatek/common_int/mtk-soc-codec-dummy.o
  CC      drivers/gpu/drm/drm_probe_helper.o
  CC      lib/extable.o
  CC      drivers/gpio/gpiolib-devprop.o
  CC      lib/fdt.o
  CC      mm/dmapool.o
  CC      lib/fdt_empty_tree.o
  CC      sound/soc/mediatek/common_int/mtk-soc-pcm-fmtx.o
  CC      lib/fdt_ro.o
  CC      net/ipv6/datagram.o
  CC      drivers/gpio/gpiolib-of.o
  CC      kernel/time/hrtimer.o
  CC      lib/fdt_rw.o
  CC      drivers/gpu/drm/drm_plane_helper.o
  CC      net/ipv4/datagram.o
  CC      lib/fdt_strerror.o
  CC      sound/soc/mediatek/common_int/mtk-soc-tdm-capture.o
  CC      mm/slub.o
  CC      net/core/dst_cache.o
  CC      lib/fdt_sw.o
  CC      fs/ext4/extents_status.o
  CC      net/netfilter/nf_conntrack_proto_udp.o
  CC      lib/fdt_wip.o
  AR      drivers/gpio/built-in.o
  CC      drivers/hwmon/hwmon.o
  CC      lib/flex_proportions.o
  CC      fs/f2fs/inode.o
  CC      lib/idr.o
  CC      sound/soc/mediatek/common_int/mtk-soc-pcm-hp-impedance.o
  CC      kernel/rcu/rcu_segcblist.o
  CC      drivers/hid/hidraw.o
  CC      drivers/gpu/drm/drm_dp_mst_topology.o
  CC      lib/int_sqrt.o
  AR      kernel/rcu/built-in.o
  CC      kernel/trace/trace_clock.o
  CC      net/ipv6/ip6_flowlabel.o
  CC      net/ipv4/raw.o
  CC      lib/ioremap.o
  CC      kernel/time/timekeeping.o
  CC      sound/soc/mediatek/common_int/mtk-soc-machine.o
  CC      net/sched/sch_blackhole.o
  CC      net/core/gro_cells.o
  CC      fs/ext4/file.o
  AR      drivers/hwmon/built-in.o
  CC      drivers/hwmon/sec_thermistor/sec_thermistor.o
  CC      net/netfilter/nf_conntrack_extend.o
  CC      kernel/trace/ring_buffer.o
  CC      lib/irq_regs.o
  CC      drivers/hid/uhid.o
  CC      lib/is_single_threaded.o
  CC      fs/f2fs/namei.o
  AR      drivers/hwmon/sec_thermistor/built-in.o
  CC      net/sched/cls_api.o
  AR      sound/soc/mediatek/common_int/built-in.o
  AR      sound/soc/mediatek/built-in.o
  CC      sound/soc/samsung/sec_audio_sysfs.o
  CC      fs/fat/cache.o
  CC      lib/klist.o
  CC      fs/ext4/fsmap.o
  AR      net/core/built-in.o
  CC      net/unix/af_unix.o
  CC      sound/soc/samsung/jack_accdet_sysfs_cb.o
  CC      fs/fat/dir.o
  CC      lib/kobject.o
  AR      sound/soc/samsung/snd-soc-sec-audio.o
  AR      sound/soc/samsung/built-in.o
  AR      sound/soc/sh/built-in.o
  AR      sound/soc/sirf/built-in.o
  AR      sound/soc/spear/built-in.o
  AR      sound/soc/sti/built-in.o
  AR      sound/soc/stm/built-in.o
  AR      sound/soc/sunxi/built-in.o
  AR      sound/soc/tegra/built-in.o
  AR      sound/soc/txx9/built-in.o
  AR      sound/soc/ux500/built-in.o
  AR      sound/soc/xtensa/built-in.o
  AR      sound/soc/zte/built-in.o
  AR      sound/soc/snd-soc-core.o
  AR      sound/soc/built-in.o
  AR      sound/built-in.o
  CC      net/netfilter/nf_conntrack_acct.o
  CC      net/wireless/core.o
  CC      drivers/hid/hid-generic.o
  CC      net/ipv6/inet6_connection_sock.o
  CC      net/ipv4/udp.o
  CC      lib/kobject_uevent.o
  CC      kernel/time/ntp.o
  CC      drivers/gpu/drm/drm_atomic_helper.o
  CC      drivers/hid/hid-a4tech.o
  CC      fs/ext4/fsync.o
  CC      fs/f2fs/hash.o
  CC      net/sched/act_api.o
  CC      kernel/trace/trace.o
  CC      kernel/time/clocksource.o
  CC      drivers/hid/hid-axff.o
  CC      mm/migrate.o
  CC      fs/f2fs/super.o
  CC      fs/fat/fatent.o
  CC      kernel/sched/loadavg.o
  CC      net/netfilter/nf_conntrack_seqadj.o
  CC      fs/ext4/hash.o
  CC      net/ipv6/udp_offload.o
  CC      drivers/hid/hid-apple.o
  CC      lib/nmi_backtrace.o
  CC      net/unix/garbage.o
  CC      kernel/time/jiffies.o
  CC      kernel/sched/clock.o
  CC      drivers/hid/hid-belkin.o
  CC      fs/ext4/ialloc.o
  CC      lib/nodemask.o
  CC      net/ipv6/seg6.o
  CC      fs/fat/file.o
  CC      lib/plist.o
  CC      net/sched/act_police.o
  CC      drivers/gpu/drm/drm_kms_helper_common.o
  CC      net/wireless/sysfs.o
  CC      kernel/time/timer_list.o
  CC      kernel/sched/cputime.o
  CC      lib/radix-tree.o
  CC      drivers/hid/hid-cherry.o
  CC      mm/page_counter.o
  CC      net/unix/sysctl_net_unix.o
  CC      net/netfilter/nf_conntrack_ecache.o
  CC      mm/memcontrol.o
  CC      drivers/gpu/drm/drm_dp_dual_mode_helper.o
  CC      kernel/time/timeconv.o
  CC      drivers/hid/hid-chicony.o
  CC      net/ipv6/fib6_notifier.o
  CC      net/sched/act_mirred.o
  CC      kernel/time/timecounter.o
  CC      fs/fat/inode.o
  CC      kernel/time/alarmtimer.o
  CC      net/unix/scm.o
  CC      drivers/hid/hid-cypress.o
  CC      kernel/sched/idle_task.o
  CC      net/wireless/radiotap.o
  CC      fs/ext4/indirect.o
  CC      lib/ratelimit.o
  CC      net/ipv6/sysctl_net_ipv6.o
  CC      net/ipv4/udplite.o
  CC      drivers/gpu/drm/drm_simple_kms_helper.o
  CC      net/sched/act_ipt.o
  CC      drivers/hid/hid-dr.o
  CC      kernel/sched/fair.o
  CC      lib/rbtree.o
  CC      net/netfilter/nf_conntrack_proto_dccp.o
  CC      net/wireless/util.o
  CC      net/ipv6/ip6mr.o
  CC      kernel/trace/trace_output.o
  CC      lib/seq_buf.o
  CC      drivers/hid/hid-emsff.o
  AR      net/unix/unix.o
  AR      net/unix/built-in.o
  CC      net/xfrm/xfrm_policy.o
  CC      kernel/time/posix-timers.o
  CC      net/sched/sch_fifo.o
  CC      fs/ext4/inline.o
  CC      fs/fat/misc.o
  CC      drivers/gpu/drm/drm_modeset_helper.o
  CC      lib/sha1.o
  CC      net/ipv4/udp_offload.o
  CC      drivers/hid/hid-elecom.o
  CC      fs/f2fs/inline.o
  CC      lib/show_mem.o
  CC      drivers/hid/hid-ezkey.o
  CC      kernel/time/posix-cpu-timers.o
  CC      fs/fat/nfs.o
  CC      net/netfilter/nf_conntrack_proto_sctp.o
  CC      lib/siphash.o
  CC      net/sched/sch_htb.o
  CC      drivers/gpu/drm/drm_scdc_helper.o
  CC      kernel/trace/trace_seq.o
  CC      drivers/hid/hid-gyration.o
  CC      fs/fat/xattr.o
  CC      net/ipv6/xfrm6_policy.o
  CC      fs/ext4/inode.o
  CC      kernel/trace/trace_stat.o
  CC      drivers/hid/hid-holtek-kbd.o
  CC      kernel/time/posix-clock.o
  CC      net/ipv4/arp.o
  CC      fs/fat/namei_vfat.o
  CC      mm/vmpressure.o
  CC      lib/string.o
  CC      drivers/gpu/drm/drm_gem_framebuffer_helper.o
  CC      fs/f2fs/checkpoint.o
  CC      lib/timerqueue.o
  CC      drivers/hid/hid-holtek-mouse.o
  CC      kernel/trace/trace_printk.o
  CC      mm/swap_cgroup.o
  CC      net/netfilter/nf_conntrack_proto_gre.o
  CC      lib/vsprintf.o
  CC      net/wireless/reg.o
  CC      net/ipv6/xfrm6_state.o
  CC      net/sched/sch_ingress.o
  CC      kernel/time/itimer.o
  CC      drivers/hid/hid-holtekff.o
  CC      fs/fat/namei_msdos.o
  CC      mm/page_isolation.o
  CC      drivers/gpu/drm/bridge/panel.o
  CC      drivers/hid/hid-kensington.o
  CC      net/sched/sch_prio.o
  CC      kernel/time/clockevents.o
  CC      kernel/trace/trace_sched_switch.o
  AR      fs/fat/fat.o
  AR      fs/fat/vfat.o
  AR      fs/fat/msdos.o
  AR      fs/fat/built-in.o
  CC      fs/fuse/dev.o
  CC      net/ipv6/xfrm6_input.o
  CC      mm/zpool.o
  CC      net/ipv4/icmp.o
  CC      net/xfrm/xfrm_state.o
  CC      drivers/hid/hid-keytouch.o
  CC      net/netfilter/nf_conntrack_netlink.o
  CC      net/sched/cls_u32.o
  CC      kernel/trace/trace_nop.o
  CC      drivers/gpu/drm/drm_fb_helper.o
  CC      drivers/hid/hid-kye.o
  CC      kernel/time/tick-common.o
  CC      mm/zsmalloc.o
  CC      kernel/trace/blktrace.o
  CC      fs/f2fs/gc.o
  CC      drivers/hid/hid-lcpower.o
  CC      net/ipv6/xfrm6_output.o
  CC      lib/win_minmax.o
  CC      drivers/hid/hid-lg.o
  GEN     lib/crc32table.h
  CC      lib/oid_registry.o
  CC      net/sched/cls_fw.o
  CC      kernel/time/tick-broadcast.o
  CC      net/ipv4/devinet.o
  CC      fs/ext4/ioctl.o
  AR      lib/lib.a
  CC      lib/crc32.o
  CC      kernel/trace/trace_events.o
  CC      net/wireless/scan.o
  CC      fs/fuse/dir.o
  CC      net/netfilter/nf_conntrack_amanda.o
  CC      drivers/hid/hid-lgff.o
  CC      mm/early_ioremap.o
  CC      net/sched/cls_basic.o
  CC      drivers/gpu/drm/drm_auth.o
  CC      net/ipv6/xfrm6_protocol.o
  CC      kernel/time/tick-broadcast-hrtimer.o
  CC      mm/cma.o
  CC      net/xfrm/xfrm_hash.o
  CC      drivers/hid/hid-lg2ff.o
  EXPORTS lib/lib-ksyms.o
clang-11: warning: argument unused during compilation: '-MD' [-Wunused-command-line-argument]
clang-11: warning: argument unused during compilation: '-MF lib/.lib-ksyms.o.d' [-Wunused-command-line-argument]
clang-11: warning: argument unused during compilation: '-nostdinc' [-Wunused-command-line-argument]
clang-11: warning: argument unused during compilation: '-isystem /home/runner/work/toolchain/toolchain/toolchain/clang/lib64/clang/11.0.1/include' [-Wunused-command-line-argument]
clang-11: warning: argument unused during compilation: '-include ../include/linux/kconfig.h' [-Wunused-command-line-argument]
clang-11: warning: argument unused during compilation: '-D __KERNEL__' [-Wunused-command-line-argument]
clang-11: warning: argument unused during compilation: '-D __ASSEMBLY__' [-Wunused-command-line-argument]
clang-11: warning: argument unused during compilation: '-Werror=unknown-warning-option' [-Wunused-command-line-argument]
clang-11: warning: argument unused during compilation: '-funwind-tables' [-Wunused-command-line-argument]
clang-11: warning: argument unused during compilation: '-meabi gnu' [-Wunused-command-line-argument]
clang-11: warning: argument unused during compilation: '-D __LINUX_ARM_ARCH__=7' [-Wunused-command-line-argument]
clang-11: warning: argument unused during compilation: '-include asm/unified.h' [-Wunused-command-line-argument]
clang-11: warning: argument unused during compilation: '-D CC_HAVE_ASM_GOTO' [-Wunused-command-line-argument]
  AR      lib/built-in.o
  AR      drivers/gpu/vga/built-in.o
  CC      kernel/freezer.o
  CC      kernel/time/sched_clock.o
  CC      fs/ext4/mballoc.o
  CC      net/xfrm/xfrm_input.o
  CC      fs/fuse/file.o
  CC      drivers/hid/hid-lg3ff.o
  CC      net/sched/cls_flow.o
  CC      kernel/time/tick-oneshot.o
  CC      drivers/gpu/drm/drm_bufs.o
  CC      net/netfilter/nf_conntrack_ftp.o
  CC      mm/frame_vector.o
  CC      drivers/hid/hid-lg4ff.o
  CC      kernel/time/tick-sched.o
  CC      net/wireless/nl80211.o
  CC      net/ipv4/af_inet.o
  CC      fs/f2fs/data.o
  CC      net/ipv6/netfilter.o
  CC      kernel/trace/trace_export.o
  CC      mm/usercopy.o
  CC      kernel/profile.o
  CC      net/sched/cls_bpf.o
  CC      drivers/hid/hid-logitech-dj.o
  CC      kernel/trace/trace_event_perf.o
  CC      mm/io_record.o
  CC      net/xfrm/xfrm_output.o
  CC      kernel/time/timer_list_aee.o
  CC      drivers/gpu/drm/drm_cache.o
  CC      net/netfilter/nf_conntrack_h323_main.o
  CC      drivers/hid/hid-logitech-hidpp.o
  CC      kernel/stacktrace.o
  CC      fs/fuse/inode.o
  CC      net/ipv6/fib6_rules.o
  AR      kernel/time/built-in.o
  CC      kernel/futex.o
  CC      net/sched/ematch.o
  AR      mm/built-in.o
  CC      net/ipv4/igmp.o
  CC      kernel/trace/trace_events_filter.o
  CC      drivers/gpu/drm/drm_context.o
  CC      kernel/smp.o
  AR      drivers/hwtracing/intel_th/built-in.o
  CC      kernel/trace/trace_events_trigger.o
  CC      drivers/gpu/drm/drm_dma.o
  CC      net/xfrm/xfrm_sysctl.o
  CC      fs/ext4/migrate.o
  CC      net/sched/em_u32.o
  CC      drivers/hid/hid-magicmouse.o
  CC      fs/fuse/control.o
  CC      net/ipv6/proc.o
  CC      fs/f2fs/node.o
  CC      net/netfilter/nf_conntrack_h323_asn1.o
  CC      drivers/gpu/drm/drm_file.o
  AR      net/sched/built-in.o
  CC      net/sysctl_net.o
  CC      net/xfrm/xfrm_replay.o
  CC      drivers/hid/hid-microsoft.o
  CC      net/netfilter/nf_conntrack_irc.o
  CC      fs/fuse/xattr.o
  CC      fs/ext4/mmp.o
  CC      kernel/uid16.o
  CC      kernel/trace/bpf_trace.o
  CC      kernel/trace/power-traces.o
  CC      net/ipv6/syncookies.o
  CC      drivers/hid/hid-monterey.o
  CC      fs/fuse/acl.o
  CC      kernel/module.o
  CC      fs/ext4/move_extent.o
  CC      drivers/gpu/drm/drm_gem.o
  CC      net/ipv4/fib_frontend.o
  CC      fs/f2fs/segment.o
  CC      drivers/hid/hid-multitouch.o
  CC      fs/incfs/data_mgmt.o
  AR      fs/fuse/fuse.o
  AR      fs/fuse/built-in.o
  CC      fs/isofs/namei.o
  CC      net/netfilter/nf_conntrack_broadcast.o
  CC      net/xfrm/xfrm_device.o
  CC      kernel/trace/rpm-traces.o
  CC      kernel/sched/rt.o
  CC      net/wireless/mlme.o
  CC      fs/ext4/namei.o
  CC      fs/isofs/inode.o
  CC      net/ipv6/ah6.o
  CC      drivers/hid/hid-nintendo.o
  CC      fs/incfs/format.o
  CC      drivers/gpu/drm/drm_ioctl.o
  CC      net/xfrm/xfrm_proc.o
  CC      kernel/trace/trace_probe.o
  CC      drivers/hid/hid-ntrig.o
  CC      net/netfilter/nf_conntrack_netbios_ns.o
  CC      fs/isofs/dir.o
  CC      fs/incfs/integrity.o
  CC      fs/f2fs/recovery.o
  CC      net/ipv6/esp6.o
  CC      net/ipv4/fib_semantics.o
  CC      net/xfrm/xfrm_algo.o
  CC      fs/incfs/main.o
  CC      drivers/hid/hid-ortek.o
  CC      fs/isofs/util.o
  CC      kernel/trace/trace_uprobe.o
  CC      fs/incfs/vfs.o
  CC      drivers/gpu/drm/drm_irq.o
  CC      net/netfilter/nf_conntrack_pptp.o
  CC      kernel/sched/deadline.o
  CC      fs/isofs/rock.o
  CC      drivers/hid/hid-prodikeys.o
  CC      kernel/sched/wait.o
  CC      net/wireless/ibss.o
  CC      fs/ext4/page-io.o
  CC      fs/isofs/export.o
  CC      drivers/gpu/drm/drm_lock.o
  CC      drivers/hid/hid-pl.o
  CC      fs/f2fs/shrinker.o
  CC      net/xfrm/xfrm_user.o
  CC      kernel/trace/mtk_trace.o
  CC      net/ipv6/ipcomp6.o
  CC      fs/isofs/joliet.o
  CC      kernel/sched/wait_bit.o
  AR      fs/incfs/incrementalfs.o
  AR      fs/incfs/built-in.o
  CC      fs/jbd2/transaction.o
  CC      net/netfilter/nf_conntrack_sane.o
  CC      kernel/sched/swait.o
  CC      net/ipv4/fib_trie.o
  CC      drivers/hid/hid-petalynx.o
  AR      kernel/trace/built-in.o
  CC      kernel/kallsyms.o
  CC      fs/ext4/readpage.o
  CC      fs/f2fs/extent_cache.o
  CC      fs/isofs/compress.o
  CC      net/xfrm/xfrm_ipcomp.o
  CC      kernel/sched/completion.o
  CC      drivers/gpu/drm/drm_memory.o
  CC      drivers/i2c/i2c-boardinfo.o
  CC      drivers/hid/hid-picolcd_core.o
  CC      net/ipv6/xfrm6_tunnel.o
  CC      net/netfilter/nf_conntrack_tftp.o
  AR      fs/isofs/isofs.o
  AR      fs/isofs/built-in.o
  CC      fs/kernfs/mount.o
  CC      kernel/sched/idle.o
  CC      drivers/i2c/i2c-core-base.o
  CC      fs/ext4/resize.o
  CC      net/wireless/sme.o
  CC      net/wireless/chan.o
  CC      drivers/hid/hid-plantronics.o
  CC      kernel/utsname.o
  CC      fs/f2fs/sysfs.o
  CC      drivers/gpu/drm/drm_drv.o
  CC      fs/kernfs/inode.o
  CC      fs/jbd2/commit.o
  CC      kernel/pid_namespace.o
  CC      drivers/hid/hid-primax.o
  CC      net/wireless/ethtool.o
  CC      net/xfrm/xfrm_interface.o
  CC      fs/kernfs/dir.o
  CC      net/netfilter/nf_log_common.o
  CC      kernel/sched/cpupri.o
  CC      net/ipv6/tunnel6.o
  CC      drivers/hid/hid-roccat.o
  CC      fs/f2fs/debug.o
  CC      kernel/sched/cpudeadline.o
  CC      drivers/gpu/drm/drm_scatter.o
  GZIP    kernel/config_data.gz
  CC      net/ipv6/xfrm6_mode_transport.o
  CC      fs/jbd2/recovery.o
  CC      net/ipv4/fib_notifier.o
  CC      fs/ext4/super.o
  CC      kernel/sched/topology.o
  CC      drivers/i2c/i2c-core-smbus.o
  AR      net/xfrm/built-in.o
  CC      net/wireless/mesh.o
  CC      net/wireless/ap.o
  CC      fs/kernfs/file.o
  CC      drivers/hid/hid-roccat-common.o
  CC      drivers/gpu/drm/drm_pci.o
  CC      fs/f2fs/xattr.o
  CC      net/wireless/trace.o
  CC      net/ipv4/inet_fragment.o
  AR      drivers/idle/built-in.o
  CC      net/ipv6/xfrm6_mode_tunnel.o
  CC      net/ipv4/ping.o
  CC      net/netfilter/nf_nat_core.o
  CC      net/ipv6/xfrm6_mode_ro.o
  CC      fs/jbd2/checkpoint.o
  CC      drivers/i2c/i2c-core-of.o
  CC      drivers/hid/hid-roccat-arvo.o
  CC      kernel/sched/stop_task.o
  CC      fs/kernfs/symlink.o
  CC      net/wireless/ocb.o
  CC      drivers/gpu/drm/drm_sysfs.o
  CC      kernel/sched/energy.o
  CC      fs/jbd2/revoke.o
  CC      net/ipv6/xfrm6_mode_beet.o
  CC      fs/f2fs/acl.o
  CC      net/wireless/of.o
  AR      fs/kernfs/built-in.o
  CC      net/ipv4/ip_tunnel_core.o
  CC      kernel/sched/stats.o
  CC      fs/nls/nls_base.o
  CC      drivers/hid/hid-roccat-isku.o
  CC      drivers/i2c/i2c-mux.o
  CC      fs/jbd2/journal.o
  CC      kernel/sched/debug.o
  CC      fs/nls/nls_cp437.o
  CC      fs/f2fs/verity.o
  CC      net/ipv6/mip6.o
  CC      kernel/stop_machine.o
  CC      fs/nls/nls_cp950.o
  CC      drivers/gpu/drm/drm_hashtab.o
  CC      net/netfilter/nf_nat_proto_unknown.o
  CC      drivers/iio/industrialio-core.o
  CC      drivers/hid/hid-roccat-kone.o
  CC      drivers/i2c/algos/i2c-algo-bit.o
  CC      drivers/gpu/drm/drm_mm.o
  CC      fs/nls/nls_ascii.o
  CC      net/ipv4/gre_offload.o
  AR      fs/f2fs/f2fs.o
  AR      fs/f2fs/built-in.o
  CC      drivers/gpu/drm/drm_crtc.o
  CC      fs/nls/nls_iso8859-1.o
  CC      kernel/audit.o
  CC      drivers/hid/hid-roccat-koneplus.o
  CC      fs/nls/nls_utf8.o
  CC      net/netfilter/nf_nat_proto_common.o
  CC      drivers/input/input.o
  CC      net/ipv6/netfilter/ip6_tables.o
  AR      drivers/i2c/algos/built-in.o
  CC      drivers/i2c/busses/i2c-gpio.o
  AR      drivers/i2c/muxes/built-in.o
  AR      drivers/i2c/i2c-core.o
  CC      fs/ext4/symlink.o
  AR      fs/nls/built-in.o
  CC      drivers/i2c/busses/i2c-mtk.o
  CC      drivers/iio/industrialio-event.o
  CC      net/ipv4/ip_tunnel.o
  CC      drivers/i2c/busses/i2c-mtk_debug.o
  CC      drivers/hid/hid-roccat-konepure.o
  CC      drivers/gpu/drm/drm_fourcc.o
  CC      fs/ext4/sysfs.o
  CC      drivers/gpu/drm/drm_modes.o
  CC      kernel/sched/tune.o
  CC      drivers/hid/hid-roccat-kovaplus.o
  CC      net/netfilter/nf_nat_proto_udp.o
  AR      fs/jbd2/jbd2.o
  AR      fs/jbd2/built-in.o
  CC      fs/notify/fsnotify.o
  CC      drivers/iio/inkern.o
  CC      net/wireless/wext-core.o
  CC      net/ipv6/ip6_vti.o
  CC      kernel/auditfilter.o
  CC      drivers/input/input-compat.o
  CC      drivers/hid/hid-roccat-lua.o
  CC      net/ipv6/netfilter/ip6table_filter.o
  CC      kernel/auditsc.o
  AR      drivers/i2c/busses/built-in.o
  AR      drivers/i2c/built-in.o
  CC      drivers/input/input_boost/evdev_booster.o
  CC      net/netfilter/nf_nat_proto_tcp.o
  CC      fs/notify/notification.o
  CC      drivers/gpu/drm/drm_edid.o
  AR      drivers/iio/accel/built-in.o
  CC      drivers/iio/adc/mt635x-auxadc.o
  CC      drivers/hid/hid-roccat-pyra.o
  CC      kernel/sched/cpuacct.o
  CC      drivers/input/input-mt.o
  CC      net/ipv4/sysctl_net_ipv4.o
  CC      net/wireless/wext-proc.o
  CC      drivers/input/input_boost/input_booster.o
  CC      net/ipv6/netfilter/ip6table_mangle.o
  AR      drivers/iio/adc/built-in.o
  CC      net/netfilter/nf_nat_helper.o
  AR      drivers/iio/amplifiers/built-in.o
  CC      fs/notify/group.o
  AR      drivers/iio/buffer/built-in.o
  AR      drivers/iio/chemical/built-in.o
  AR      drivers/iio/common/cros_ec_sensors/built-in.o
  AR      drivers/iio/counter/built-in.o
  AR      drivers/iio/common/hid-sensors/built-in.o
  CC      fs/overlayfs/super.o
  AR      drivers/iio/common/ms_sensors/built-in.o
  AR      drivers/iio/common/ssp_sensors/built-in.o
  CC      kernel/audit_watch.o
  AR      drivers/iio/common/st_sensors/built-in.o
  AR      drivers/iio/common/built-in.o
  AR      drivers/iio/dac/built-in.o
  AR      drivers/iio/dummy/built-in.o
  CC      kernel/sched/cpufreq.o
  CC      drivers/hid/hid-roccat-ryos.o
  AR      drivers/iio/frequency/built-in.o
  AR      drivers/iio/gyro/built-in.o
  AR      drivers/iio/health/built-in.o
  AR      drivers/iio/humidity/built-in.o
  CC      fs/ext4/xattr.o
  AR      drivers/iio/imu/bmi160/built-in.o
  AR      drivers/iio/imu/inv_mpu6050/built-in.o
  AR      drivers/iio/imu/st_lsm6dsx/built-in.o
  AR      drivers/iio/imu/built-in.o
  AR      drivers/iio/light/built-in.o
  AR      drivers/iio/magnetometer/built-in.o
  AR      drivers/iio/multiplexer/built-in.o
  AR      drivers/iio/orientation/built-in.o
  AR      drivers/iio/potentiometer/built-in.o
  AR      drivers/iio/potentiostat/built-in.o
  AR      drivers/iio/pressure/built-in.o
  AR      drivers/iio/proximity/built-in.o
  AR      drivers/iio/temperature/built-in.o
  AR      drivers/iio/trigger/built-in.o
  AR      drivers/iio/industrialio.o
  AR      drivers/iio/built-in.o
  CC      net/ipv4/proc.o
  CC      net/wireless/wext-priv.o
  CC      kernel/sched/cpufreq_schedutil.o
  CC      fs/notify/mark.o
  CC      drivers/input/ff-core.o
  CC      net/ipv6/netfilter/ip6table_raw.o
  CC      net/ipv4/fib_rules.o
  CC      drivers/hid/hid-roccat-savu.o
  CC      kernel/sched/membarrier.o
  CC      fs/overlayfs/namei.o
  CC      drivers/input/input_boost/input_booster_mtk.o
  CC      fs/ext4/xattr_trusted.o
  CC      drivers/gpu/drm/drm_info.o
  CC      net/wireless/regdb.o
  CC      fs/notify/fdinfo.o
  CC      drivers/hid/hid-saitek.o
  AR      drivers/input/input_boost/input_booster_lkm.o
  AR      drivers/input/input_boost/built-in.o
  CC      drivers/input/serio/serio.o
  CC      net/ipv6/netfilter/nf_conntrack_l3proto_ipv6.o
  CC      fs/ext4/xattr_user.o
  CC      net/ipv6/netfilter/nf_conntrack_proto_icmpv6.o
  CC      fs/overlayfs/util.o
  CC      net/netfilter/nf_nat_proto_dccp.o
  CC      drivers/input/sec_cmd.o
  CC      kernel/sched/psi.o
  CC      fs/notify/dnotify/dnotify.o
  CC      drivers/hid/hid-samsung.o
  AR      net/wireless/cfg80211.o
  AR      net/wireless/built-in.o
  CC      fs/pstore/inode.o
  CC      fs/proc/task_mmu.o
  AR      fs/notify/dnotify/built-in.o
  AR      fs/notify/fanotify/built-in.o
  CC      fs/ext4/acl.o
  CC      fs/overlayfs/inode.o
  CC      fs/notify/inotify/inotify_fsnotify.o
  CC      drivers/input/sec_tsp_log.o
  CC      net/ipv4/ipmr.o
  CC      drivers/input/ff-memless.o
  CC      net/netfilter/nf_nat_proto_sctp.o
  CC      net/ipv6/netfilter/nf_defrag_ipv6_hooks.o
  CC      net/ipv6/netfilter/nf_conntrack_reasm.o
  CC      drivers/input/serio/serport.o
  CC      drivers/hid/hid-sjoy.o
  CC      fs/ext4/xattr_security.o
  CC      drivers/gpu/drm/drm_encoder_slave.o
  CC      fs/pstore/platform.o
  CC      fs/notify/inotify/inotify_user.o
  CC      fs/overlayfs/dir.o
  AR      kernel/sched/built-in.o
  CC      kernel/audit_fsnotify.o
  CC      fs/ext4/verity.o
  CC      drivers/input/serio/libps2.o
  CC      drivers/hid/hid-sony.o
  CC      drivers/input/input-leds.o
  CC      net/ipv6/sit.o
  CC      net/netfilter/nf_nat_redirect.o
  AR      drivers/iommu/built-in.o
  AR      fs/notify/inotify/built-in.o
  AR      fs/notify/built-in.o
  CC      drivers/irqchip/irqchip.o
  CC      fs/proc/inode.o
  CC      fs/quota/dquot.o
  CC      fs/pstore/pmsg.o
  CC      fs/overlayfs/readdir.o
  CC      kernel/audit_tree.o
  CC      drivers/gpu/drm/drm_trace_points.o
  CC      drivers/input/evdev.o
  AR      fs/ext4/ext4.o
  AR      fs/ext4/built-in.o
  CC      drivers/input/joystick/xpad.o
  CC      drivers/irqchip/irq-gic-v3.o
  CC      drivers/input/keyboard/atkbd.o
  CC      fs/pstore/ram.o
  AR      drivers/input/serio/built-in.o
kperfmon_DUMMY="CONFIG_KPERFMON is off."
kperfmon_DUMMY="olog.pb.h file is missing... retrying"
cp: cannot stat '../../../frameworks/base/proto/src/olog.proto': No such file or directory
kperfmon_DUMMY=""
cp: cannot stat '../../../vendor/samsung/system/libperflog/aprotoc': No such file or directory
kperfmon_DUMMY=""
cp: cannot stat '../../frameworks/base/proto/src/olog.proto': No such file or directory
kperfmon_DUMMY=""
cp: cannot stat '../../vendor/samsung/system/libperflog/aprotoc': No such file or directory
kperfmon_DUMMY=""
chmod: cannot access '../drivers/kperfmon/aprotoc': No such file or directory
kperfmon_DUMMY=""
make[3]: ../drivers/kperfmon/aprotoc: No such file or directory
kperfmon_DUMMY=""
cp: cannot stat '../drivers/kperfmon/olog.pb.h': No such file or directory
kperfmon_DUMMY=""
kperfmon_DUMMY="olog.pb.h file is missing... again"
cp: cannot stat '../../../system/core/liblog/include/log/perflog.h': No such file or directory
kperfmon_DUMMY=""
cp: cannot stat '../../system/core/liblog/include/log/perflog.h': No such file or directory
kperfmon_DUMMY=""
kperfmon_DUMMY="perflog.h file is missing."
  CC      drivers/kperfmon/ologk.o
  CC      fs/proc/root.o
  CC      net/ipv6/netfilter/nf_socket_ipv6.o
  AR      drivers/kperfmon/built-in.o
  CC      drivers/leds/led-core.o
  CC      drivers/gpu/drm/drm_global.o
  CC      drivers/hid/hid-speedlink.o
  CC      fs/overlayfs/copy_up.o
  CC      fs/proc/base.o
  AR      drivers/input/joystick/built-in.o
  CC      drivers/input/misc/uinput.o
  CC      kernel/seccomp.o
  CC      net/netfilter/nf_nat_amanda.o
  CC      fs/pstore/ram_core.o
  CC      drivers/gpu/drm/drm_prime.o
  CC      drivers/input/keyboard/mediatek/kpd.o
  CC      drivers/irqchip/irq-gic-common.o
  CC      drivers/leds/led-class.o
  CC      drivers/hid/hid-sunplus.o
  CC      net/ipv6/ip6_tunnel.o
  CC      drivers/irqchip/irq-partition-percpu.o
  CC      drivers/input/tablet/acecad.o
  AR      fs/overlayfs/overlay.o
  AR      fs/overlayfs/built-in.o
  CC      kernel/utsname_sysctl.o
  CC      net/ipv4/ipip.o
  CC      fs/quota/quota_v2.o
  CC      drivers/hid/hid-gaff.o
  AR      fs/pstore/pstore.o
  AR      fs/pstore/ramoops.o
  AR      fs/pstore/built-in.o
  CC      fs/ramfs/inode.o
  AR      drivers/input/misc/built-in.o
  CC      kernel/taskstats.o
  CC      drivers/input/keyboard/mediatek/mt6739/hal_kpd.o
  AR      drivers/macintosh/built-in.o
  CC      drivers/mailbox/mailbox.o
  CC      net/netfilter/nf_nat_ftp.o
  CC      drivers/leds/led-triggers.o
  CC      net/ipv6/netfilter/nf_log_ipv6.o
  CC      drivers/irqchip/irq-mtk-sysirq.o
  CC      drivers/input/tablet/aiptek.o
  CC      fs/quota/quota_tree.o
  CC      net/ipv4/gre_demux.o
  CC      drivers/hid/hid-tmff.o
  CC      fs/ramfs/file-mmu.o
  CC      drivers/gpu/drm/drm_rect.o
  AR      drivers/input/keyboard/mediatek/mt6739/built-in.o
  AR      drivers/input/keyboard/mediatek/built-in.o
  AR      drivers/input/keyboard/built-in.o
  CC      drivers/input/touchscreen/of_touchscreen.o
  CC      fs/proc/generic.o
  CC      drivers/leds/leds-s2mu005.o
  AR      drivers/irqchip/built-in.o
  CC      drivers/input/tablet/gtco.o
  CC      drivers/mailbox/mtk-cmdq-mailbox.o
  CC      net/ipv4/udp_tunnel.o
  CC      net/netfilter/nf_nat_irc.o
  CC      kernel/tsacct.o
  AR      fs/ramfs/ramfs.o
  AR      fs/ramfs/built-in.o
  CC      drivers/input/tablet/hanwang.o
  CC      drivers/hid/hid-tivo.o
  CC      net/ipv6/netfilter/nf_reject_ipv6.o
  CC      fs/quota/quota.o
  CC      drivers/input/tablet/kbtab.o
  AR      drivers/input/touchscreen/NT36525/built-in.o
  CC      drivers/input/touchscreen/NT36672C/nt36xxx.o
  CC      drivers/hid/hid-topseed.o
  CC      kernel/tracepoint.o
  CC      net/ipv6/addrconf_core.o
  CC      drivers/gpu/drm/drm_vma_manager.o
  CC      fs/proc/array.o
  CC      drivers/leds/trigger/ledtrig-timer.o
  CC      net/netfilter/nf_nat_tftp.o
  CC      drivers/gpu/drm/drm_flip_work.o
  CC      drivers/hid/hid-twinhan.o
  AR      drivers/input/tablet/built-in.o
  CC      drivers/md/dm-uevent.o
  CC      drivers/hid/hid-uclogic.o
  AR      drivers/leds/trigger/built-in.o
  AR      drivers/leds/built-in.o
  AR      drivers/input/input-core.o
  CC      net/ipv6/netfilter/ip6t_frag.o
  CC      fs/sdcardfs/dentry.o
  CC      fs/quota/kqid.o
  CC      kernel/elfcore.o
  CC      drivers/gpu/drm/drm_modeset_lock.o
  CC      net/ipv4/ip_vti.o
  CC      fs/proc/fd.o
  CC      net/netfilter/x_tables.o
  CC      fs/quota/netlink.o
  CC      drivers/input/touchscreen/NT36672C/nt36xxx_fw_update.o
  CC      net/ipv6/netfilter/ip6t_ipv6header.o
  CC      fs/sdcardfs/file.o
  CC      fs/sdcardfs/inode.o
  CC      drivers/hid/hid-zpff.o
  CC      kernel/irq_work.o
  CC      net/ipv6/exthdrs_core.o
  CC      drivers/md/dm.o
  CC      drivers/gpu/drm/drm_atomic.o
  AR      drivers/mailbox/built-in.o
  AR      drivers/media/common/b2c2/built-in.o
  AR      drivers/media/common/saa7146/built-in.o
  CC      kernel/cpu_pm.o
  AR      drivers/media/common/siano/built-in.o
  AR      drivers/media/common/v4l2-tpg/built-in.o
  AR      drivers/media/common/built-in.o
  AR      drivers/media/firewire/built-in.o
  AR      drivers/media/i2c/soc_camera/built-in.o
  CC      drivers/media/i2c/ir-kbd-i2c.o
  CC      fs/proc/proc_tty.o
  CC      drivers/hid/hid-zydacron.o
  CC      fs/sdcardfs/main.o
  CC      kernel/memremap.o
  CC      net/ipv6/netfilter/ip6t_rpfilter.o
  CC      drivers/input/touchscreen/ili9881x/ili9881x.o
  CC      drivers/gpu/drm/drm_bridge.o
  CC      fs/sdfat/sdfat.o
  CC      fs/proc/cmdline.o
  CC      drivers/input/touchscreen/NT36672C/nt36xxx_ext_proc.o
  CC      net/ipv4/syncookies.o
  AR      fs/quota/built-in.o
  CC      drivers/md/dm-table.o
  AR      drivers/media/i2c/built-in.o
  AR      drivers/media/mmc/siano/built-in.o
  AR      drivers/media/mmc/built-in.o
  CC      drivers/hid/wacom_wac.o
  AR      drivers/media/pci/b2c2/built-in.o
  AR      drivers/media/pci/ddbridge/built-in.o
  AR      drivers/media/pci/dm1105/built-in.o
  AR      drivers/media/pci/mantis/built-in.o
  AR      drivers/media/pci/netup_unidvb/built-in.o
  AR      drivers/media/pci/ngene/built-in.o
  AR      drivers/media/pci/pluto2/built-in.o
  CC      fs/proc/consoles.o
  AR      drivers/media/pci/pt1/built-in.o
  AR      drivers/media/pci/pt3/built-in.o
  AR      drivers/media/pci/saa7146/built-in.o
  AR      drivers/media/pci/smipcie/built-in.o
  AR      drivers/media/pci/ttpci/built-in.o
  AR      drivers/media/pci/built-in.o
  AR      drivers/media/platform/blackfin/built-in.o
  AR      drivers/media/platform/davinci/built-in.o
  AR      drivers/media/platform/meson/built-in.o
  AR      drivers/media/platform/omap/built-in.o
  AR      drivers/media/platform/stm32/built-in.o
  AR      drivers/media/platform/built-in.o
  CC      fs/sdcardfs/super.o
  AR      drivers/media/radio/built-in.o
  CC      net/ipv6/ip6_checksum.o
  CC      drivers/input/touchscreen/NT36672C/nt36xxx_mp_ctrlram.o
  CHK     kernel/kheaders_data.tar.xz
  CC      drivers/media/rc/keymaps/rc-adstech-dvb-t-pci.o
  CC      fs/proc/cpuinfo.o
  GEN     kernel/kheaders_data.tar.xz
  CC      net/ipv6/netfilter/ip6t_REJECT.o
  CC      drivers/gpu/drm/drm_framebuffer.o
  CC      net/netfilter/xt_tcpudp.o
  CC      fs/proc/devices.o
  CC      fs/sdcardfs/lookup.o
  CC      drivers/media/rc/keymaps/rc-alink-dtu-m.o
  CC      drivers/gpu/drm/drm_connector.o
  CC      fs/proc/interrupts.o
  CC      drivers/md/dm-target.o
  CC      drivers/media/rc/keymaps/rc-anysee.o
  AR      net/ipv6/netfilter/nf_conntrack_ipv6.o
  AR      net/ipv6/netfilter/nf_defrag_ipv6.o
  AR      net/ipv6/netfilter/built-in.o
  CC      fs/sdcardfs/mmap.o
  CC      drivers/md/dm-linear.o
  CC      net/ipv4/ah4.o
  CC      fs/proc/loadavg.o
  CC      drivers/md/dm-stripe.o
  AR      drivers/input/touchscreen/NT36672C/built-in.o
  CC      drivers/hid/wacom_sys.o
  CC      net/ipv6/ip6_icmp.o
  CC      fs/sdfat/core.o
  CC      net/netfilter/xt_mark.o
  CC      drivers/media/rc/keymaps/rc-apac-viewcomp.o
  CC      drivers/input/touchscreen/ili9881x/ili9881x_spi.o
  CC      fs/sdcardfs/packagelist.o
  CC      fs/proc/meminfo.o
  CC      drivers/gpu/drm/drm_blend.o
  CC      fs/sysfs/file.o
  CC      drivers/media/rc/keymaps/rc-asus-pc39.o
  CC      drivers/md/dm-ioctl.o
  CC      net/netfilter/xt_connmark.o
  CC      drivers/md/dm-io.o
  CC      drivers/gpu/drm/drm_encoder.o
  CC      fs/proc/stat.o
  CC      drivers/media/rc/keymaps/rc-asus-ps3-100.o
  CC      net/ipv4/esp4.o
  CC      drivers/md/dm-kcopyd.o
  CC      fs/sysfs/dir.o
  CC      net/ipv6/output_core.o
  CC      drivers/input/touchscreen/ili9881x/ili9881x_init.o
  CC      drivers/media/rc/keymaps/rc-ati-tv-wonder-hd-600.o
  CC      fs/proc/uptime.o
  CC      drivers/gpu/drm/drm_mode_object.o
  CC      net/netfilter/xt_nat.o
  CC      fs/sysfs/symlink.o
  CC      drivers/hid/hid-waltop.o
  CC      fs/proc/version.o
  CC      drivers/media/rc/keymaps/rc-ati-x10.o
  CC      fs/sdfat/core_fat.o
  CC      drivers/memory/mtk-smi.o
  CC      fs/tracefs/inode.o
  CC      fs/sdcardfs/derived_perm.o
  CC      fs/proc/softirqs.o
  CC      drivers/media/rc/keymaps/rc-avermedia-a16d.o
  CC      drivers/hid/hid-wiimote-core.o
  CC      fs/sysfs/mount.o
  CC      drivers/md/dm-sysfs.o
  CC      net/netfilter/xt_CLASSIFY.o
  CC      fs/proc/namespaces.o
  CC      drivers/memory/mtk-smi-debug.o
  CC      net/ipv4/ipcomp.o
  CC      drivers/gpu/drm/drm_property.o
  AR      fs/tracefs/tracefs.o
  AR      fs/tracefs/built-in.o
  CC      drivers/hid/hid-wiimote-modules.o
  CC      fs/sysfs/group.o
  CC      net/ipv6/protocol.o
  CC      drivers/media/rc/keymaps/rc-avermedia.o
  CC      drivers/input/touchscreen/ili9881x/ili9881x_ic.o
  CC      fs/sdfat/core_exfat.o
  AR      fs/sdcardfs/sdcardfs.o
  AR      fs/sdcardfs/built-in.o
  CC      drivers/media/rc/rc-main.o
  CC      net/ipv6/ip6_offload.o
  CC      drivers/md/dm-stats.o
  AR      drivers/memory/built-in.o
  CC      drivers/input/touchscreen/ili9881x/ili9881x_touch.o
  CC      drivers/media/rc/keymaps/rc-avermedia-cardbus.o
  CC      net/netfilter/xt_CONNSECMARK.o
  CC      fs/proc/self.o
  AR      fs/sysfs/built-in.o
  CC      fs/verity/enable.o
  CC      net/ipv4/xfrm4_tunnel.o
  CC      drivers/media/rc/keymaps/rc-avermedia-dvbt.o
  CC      drivers/input/touchscreen/ili9881x/ili9881x_mp.o
  CC      fs/proc/thread_self.o
  CC      drivers/hid/usbhid/hid-core.o
  CC      net/ipv6/tcpv6_offload.o
  CC      net/ipv6/exthdrs_offload.o
  CC      net/netfilter/xt_CT.o
  CC      drivers/gpu/drm/drm_plane.o
  CC      drivers/media/rc/keymaps/rc-avermedia-m135a.o
  CC      fs/proc/fslog.o
  CC      fs/sdfat/api.o
  CC      drivers/media/rc/rc-ir-raw.o
  CC      net/ipv4/xfrm4_mode_beet.o
  CC      drivers/media/rc/keymaps/rc-avermedia-m733a-rm-k6.o
  CC      fs/verity/hash_algs.o
  CC      drivers/gpu/drm/drm_color_mgmt.o
  CC      drivers/md/dm-rq.o
  CC      net/ipv6/inet6_hashtables.o
  CC      fs/proc/uid.o
  CC      net/ipv6/ip6_udp_tunnel.o
  CC      fs/sdfat/blkdev.o
  CC      drivers/media/rc/keymaps/rc-avermedia-rm-ks.o
  CC      net/netfilter/xt_HL.o
  CC      fs/verity/init.o
  CC      drivers/input/touchscreen/ili9881x/ili9881x_hostdl.o
  CC      drivers/hid/usbhid/hid-quirks.o
  CC      drivers/media/rc/keymaps/rc-avertv-303.o
  CC      fs/proc/proc_sysctl.o
  CC      net/ipv4/tunnel4.o
  CC      fs/verity/measure.o
  AR      drivers/media/spi/built-in.o
  AR      drivers/media/tuners/built-in.o
  CHK     kernel/config_data.h
  UPD     kernel/config_data.h
  CC      drivers/mfd/mfd-core.o
  CC      drivers/media/rc/ir-nec-decoder.o
  CC      fs/sdfat/fatent.o
  CC      drivers/gpu/drm/drm_print.o
  CC      net/netfilter/xt_LOG.o
  CC      drivers/media/rc/keymaps/rc-azurewave-ad-tu700.o
  CC      drivers/md/dm-builtin.o
  CC      fs/verity/open.o
  CC      drivers/media/rc/ir-rc5-decoder.o
  CC      drivers/hid/usbhid/hiddev.o
  CC      fs/sdfat/amap_smart.o
  CC      drivers/media/rc/keymaps/rc-behold.o
  CC      net/ipv6/mcast_snoop.o
  CC      drivers/mfd/syscon.o
  AR      net/ipv6/ipv6.o
  CC      fs/eventpoll.o
  CC      fs/verity/verify.o
  CC      drivers/media/rc/ir-rc6-decoder.o
  CC      drivers/media/rc/keymaps/rc-behold-columbus.o
  CC      drivers/gpu/drm/drm_dumb_buffers.o
  CC      net/netfilter/xt_NETMAP.o
  CC      net/ipv4/xfrm4_mode_transport.o
  CC      drivers/md/dm-bufio.o
  CC      fs/proc/proc_net.o
  CC      drivers/mfd/mt6358-core.o
  CC      drivers/media/rc/keymaps/rc-budget-ci-old.o
  CC      drivers/media/rc/ir-jvc-decoder.o
  CC      fs/sdfat/cache.o
  CC      drivers/input/touchscreen/ili9881x/ili9881x_node.o
  CC      drivers/gpu/drm/drm_mode_config.o
  CC      fs/verity/signature.o
  AR      drivers/hid/usbhid/usbhid.o
  AR      drivers/hid/usbhid/built-in.o
  AR      drivers/hid/hid.o
  AR      drivers/hid/hid-logitech.o
  AR      drivers/hid/hid-picolcd.o
  AR      drivers/hid/wacom.o
  AR      drivers/hid/hid-wiimote.o
  AR      drivers/hid/built-in.o
  CC      drivers/media/rc/keymaps/rc-cec.o
  CC      drivers/mfd/slsi/s2mu005/s2mu005_core.o
  CC      net/netfilter/xt_NFLOG.o
  AR      net/ipv6/built-in.o
  CC      drivers/media/rc/ir-sony-decoder.o
  CC      drivers/media/rc/keymaps/rc-cinergy-1400.o
  AR      fs/verity/built-in.o
  CC      fs/anon_inodes.o
  CC      net/ipv4/xfrm4_mode_tunnel.o
  CC      drivers/mfd/mt635x-ot-debug.o
  CC      fs/proc/kmsg.o
  CC      fs/sdfat/dfr.o
  AR      drivers/media/usb/b2c2/built-in.o
  CC      fs/sdfat/nls.o
  AR      drivers/media/usb/dvb-usb/built-in.o
  AR      drivers/media/usb/dvb-usb-v2/built-in.o
  AR      drivers/media/usb/gspca/built-in.o
  CC [M]  drivers/media/usb/gspca/gspca.o
  CC      drivers/media/rc/keymaps/rc-cinergy.o
  CC      drivers/input/touchscreen/ili9881x/ili9881x_sec_fn.o
  CC      net/netfilter/xt_NFQUEUE.o
  CC      drivers/media/rc/ir-sanyo-decoder.o
  CC      fs/proc/page.o
  CC      fs/signalfd.o
  CC      fs/sdfat/misc.o
  CC      drivers/gpu/drm/drm_vblank.o
  AR      drivers/mfd/built-in.o
  CC      drivers/media/rc/keymaps/rc-d680-dmb.o
  CC      drivers/mfd/slsi/s2mu005/s2mu005_irq.o
  AR      drivers/misc/cb710/built-in.o
  AR      drivers/misc/eeprom/built-in.o
  AR      drivers/misc/lis3lv02d/built-in.o
  CC      kernel/configs.o
  CC      drivers/misc/mediatek/accdet/accdet_drv.o
  CC      drivers/md/dm-crypt.o
  CC      net/ipv4/ipconfig.o
  CC      drivers/misc/mediatek/accdet/mt6357/accdet.o
  CC      fs/proc/proc_avc.o
  CC      drivers/media/rc/keymaps/rc-delock-61959.o
  AR      kernel/built-in.o
  CC      net/ipv4/netfilter.o
  AR      drivers/mfd/slsi/s2mu005/built-in.o
  AR      drivers/media/usb/s2255/built-in.o
  CC      net/ipv4/netfilter/nf_conntrack_l3proto_ipv4.o
  CC      drivers/media/v4l2-core/v4l2-dev.o
  CC      drivers/gpu/drm/drm_syncobj.o
  CC      fs/sdfat/mpage.o
  CC      net/netfilter/xt_REDIRECT.o
  AR      fs/proc/proc.o
  AR      fs/proc/built-in.o
  CC      net/ipv4/inet_diag.o
  CC      drivers/media/rc/keymaps/rc-dib0700-nec.o
  CC      drivers/media/rc/keymaps/rc-dib0700-rc5.o
  CC [M]  drivers/media/usb/gspca/autogain_functions.o
  CC      fs/timerfd.o
  CC      fs/sdfat/extent.o
  CC      net/netfilter/xt_SECMARK.o
  CC      net/ipv4/netfilter/nf_conntrack_proto_icmp.o
  CC      net/ipv4/tcp_diag.o
  CC      drivers/media/rc/keymaps/rc-digitalnow-tinytwin.o
  CC      drivers/input/touchscreen/ili9881x/ili9881x_sec_fn_test.o
  CC      drivers/media/rc/ir-sharp-decoder.o
  CC      drivers/media/v4l2-core/v4l2-ioctl.o
  AR      drivers/misc/mediatek/accdet/mt6357/built-in.o
  AR      drivers/misc/mediatek/accdet/built-in.o
  CC      drivers/media/rc/keymaps/rc-digittrade.o
  CC      drivers/misc/mediatek/aee/aed/aed-main.o
  CC      fs/sdfat/statistics.o
  CC      drivers/gpu/drm/drm_writeback.o
  CC      drivers/media/rc/keymaps/rc-dm1105-nec.o
  LD [M]  drivers/media/usb/gspca/gspca_main.o
  CC      net/netfilter/xt_TPROXY.o
  AR      drivers/media/usb/siano/built-in.o
  AR      drivers/media/usb/stkwebcam/built-in.o
  AR      drivers/media/usb/ttusb-budget/built-in.o
  AR      drivers/media/usb/ttusb-dec/built-in.o
  CC      drivers/media/usb/uvc/uvc_driver.o
  CC      net/ipv4/netfilter/nf_nat_l3proto_ipv4.o
  CC      drivers/mmc/core/core.o
  AR      drivers/misc/mic/bus/built-in.o
  AR      drivers/misc/mic/built-in.o
  CC      drivers/gpu/drm/drm_panel.o
  CC      net/ipv4/netfilter/nf_nat_proto_icmp.o
  CC      drivers/md/dm-snap.o
  CC      net/ipv4/udp_diag.o
  AR      fs/sdfat/sdfat_fs.o
  AR      fs/sdfat/built-in.o
  CC      fs/eventfd.o
  CC      drivers/media/rc/keymaps/rc-dntv-live-dvb-t.o
  CC      drivers/gpu/drm/drm_of.o
  AR      drivers/input/touchscreen/ili9881x/built-in.o
  AR      drivers/input/touchscreen/built-in.o
  AR      drivers/input/built-in.o
  CC      drivers/muic/common/muic_notifier.o
  CC      drivers/media/rc/keymaps/rc-dntv-live-dvbt-pro.o
  CC      drivers/media/v4l2-core/v4l2-device.o
  CC      drivers/misc/mediatek/aee/aed/aed-debug.o
  CC      net/netfilter/xt_TCPMSS.o
  CC      drivers/misc/mediatek/aee/common/dummy.o
  CC      drivers/muic/common/muic_manager.o
  CC      net/ipv4/tcp_bic.o
  CC      drivers/media/rc/keymaps/rc-dtt200u.o
  CC      fs/aio.o
  CC      drivers/misc/mediatek/atf/atf_logger.o
  CC      drivers/misc/mediatek/aee/common/aee-common.o
  AR      drivers/gpu/drm/bridge/synopsys/built-in.o
  AR      drivers/gpu/drm/bridge/built-in.o
  AR      drivers/gpu/drm/hisilicon/built-in.o
  CC      net/ipv4/netfilter/nf_defrag_ipv4.o
  AR      drivers/gpu/drm/i2c/built-in.o
  AR      drivers/gpu/drm/omapdrm/displays/built-in.o
  AR      drivers/gpu/drm/omapdrm/dss/built-in.o
  AR      drivers/gpu/drm/omapdrm/built-in.o
  AR      drivers/gpu/drm/panel/built-in.o
  AR      drivers/muic/common/built-in.o
  AR      drivers/gpu/drm/tilcdc/built-in.o
  CC      drivers/media/v4l2-core/v4l2-fh.o
  AR      drivers/gpu/drm/drm_kms_helper.o
  CC      drivers/muic/slsi/s2mu005/muic-core.o
  AR      drivers/gpu/drm/drm.o
  CC      drivers/media/rc/keymaps/rc-dvbsky.o
  AR      drivers/gpu/drm/built-in.o
  AR      drivers/gpu/built-in.o
  CC      drivers/net/dummy.o
  AR      drivers/misc/mediatek/aee/aed/aed.o
  AR      drivers/misc/mediatek/aee/aed/built-in.o
  CC      drivers/misc/mediatek/aee/common/reboot-reason.o
  CC      drivers/media/usb/uvc/uvc_queue.o
  CC      drivers/mmc/host/mediatek/ComboA/sd.o
  CC      drivers/misc/mediatek/atf/mt_secure_call.o
  AR      drivers/misc/mediatek/atf/built-in.o
  CC      drivers/net/ifb.o
  CC      drivers/misc/mediatek/auxadc/mtk_auxadc.o
  CC      net/netfilter/xt_TRACE.o
  CC      drivers/media/rc/keymaps/rc-dvico-mce.o
  CC      drivers/md/dm-exception-store.o
  CC      drivers/muic/slsi/s2mu005/s2mu005-muic.o
  CC      drivers/media/v4l2-core/v4l2-event.o
  CC      drivers/media/rc/ir-mce_kbd-decoder.o
  CC      drivers/mmc/core/bus.o
  CC      drivers/media/rc/keymaps/rc-dvico-portable.o
  AR      drivers/misc/mediatek/aee/common/aee.o
  AR      drivers/misc/mediatek/aee/common/built-in.o
  CC      drivers/media/usb/uvc/uvc_v4l2.o
  AR      drivers/nfc/nfc_logger/built-in.o
  CC      drivers/misc/mediatek/aee/mrdump/mrdump_control.o
  AR      drivers/nfc/nxp/built-in.o
  AR      drivers/nfc/built-in.o
  CC      drivers/media/rc/keymaps/rc-em-terratec.o
  CC      net/netfilter/xt_IDLETIMER.o
  CC      drivers/media/rc/ir-xmp-decoder.o
  CC      net/ipv4/netfilter/nf_socket_ipv4.o
  CC      fs/locks.o
  CC      drivers/net/mii.o
  AR      drivers/misc/mediatek/auxadc/built-in.o
  AR      drivers/nvme/host/built-in.o
  AR      drivers/nvme/target/built-in.o
  CC      drivers/misc/mediatek/aee/mrdump/mrdump_hw.o
  AR      drivers/nvme/built-in.o
  CC      drivers/media/rc/keymaps/rc-encore-enltv2.o
  CC      drivers/nvmem/core.o
  CC      drivers/md/dm-snap-transient.o
  CC      drivers/media/v4l2-core/v4l2-ctrls.o
  AR      drivers/muic/slsi/s2mu005/built-in.o
  CC      drivers/media/usb/uvc/uvc_video.o
  CC      drivers/misc/mediatek/aee/mrdump/mrdump_full.o
  CC      fs/binfmt_script.o
  CC      drivers/mmc/core/host.o
  CC      drivers/mmc/host/mediatek/ComboA/dbg.o
  CC      drivers/media/rc/keymaps/rc-encore-enltv.o
  AR      drivers/media/rc/rc-core.o
  CC      net/ipv4/tcp_cubic.o
  CC      drivers/md/dm-snap-persistent.o
  CC      net/netfilter/xt_bpf.o
  AR      drivers/media/usb/zr364xx/built-in.o
  AR      drivers/misc/ti-st/built-in.o
  CC      net/ipv4/netfilter/nf_log_ipv4.o
  CC      drivers/media/rc/keymaps/rc-encore-enltv-fm53.o
  CC      drivers/misc/mediatek/aee/mrdump/mrdump_key_setup.o
  AR      drivers/nvmem/nvmem_core.o
  AR      drivers/nvmem/built-in.o
  CC      drivers/mmc/core/mmc.o
  CC      drivers/net/Space.o
  CC      drivers/media/rc/keymaps/rc-evga-indtube.o
  CC      drivers/misc/mediatek/aee/mrdump/mrdump_mini.o
  CC      net/netfilter/xt_comment.o
  CC      net/ipv4/netfilter/nf_reject_ipv4.o
  CC      drivers/md/dm-verity-fec.o
  CC      drivers/mmc/core/mmc_ops.o
  CC      drivers/media/usb/uvc/uvc_ctrl.o
  CC      net/ipv4/xfrm4_policy.o
  CC      drivers/net/loopback.o
  CC      drivers/media/rc/keymaps/rc-eztv.o
  CC      net/ipv4/netfilter/nf_nat_h323.o
  CC      drivers/mmc/host/mediatek/ComboA/mtk_sd_misc.o
  CC      net/netfilter/xt_connbytes.o
  CC      drivers/media/rc/keymaps/rc-flydvb.o
  CC      drivers/media/v4l2-core/v4l2-subdev.o
  CC      drivers/media/usb/uvc/uvc_status.o
  CC      drivers/mmc/host/mediatek/ComboA/msdc_tune.o
  CC      drivers/md/dm-verity-target.o
  CC      drivers/media/rc/keymaps/rc-flyvideo.o
  AR      drivers/net/dsa/b53/built-in.o
  AR      drivers/net/dsa/microchip/built-in.o
  AR      drivers/net/dsa/mv88e6xxx/built-in.o
  CC      net/ipv4/xfrm4_state.o
  AR      drivers/net/dsa/built-in.o
  CC      drivers/net/phy/mdio-boardinfo.o
  CC      drivers/mmc/core/sd.o
  CC      fs/binfmt_elf.o
  CC      drivers/mmc/host/mediatek/ComboA/msdc_partition.o
  CC      drivers/media/usb/uvc/uvc_isight.o
  CC      drivers/misc/mediatek/aee/mrdump/mrdump_panic.o
  CC      net/netfilter/xt_connlimit.o
  CC      net/ipv4/netfilter/nf_nat_pptp.o
  CC      drivers/net/phy/phy.o
  CC      drivers/media/rc/keymaps/rc-fusionhdtv-mce.o
  CC      drivers/media/usb/uvc/uvc_debugfs.o
  CC      drivers/media/v4l2-core/v4l2-clk.o
  CC      drivers/mmc/host/mediatek/ComboA/mt6739/msdc_cust.o
  CC      drivers/media/rc/keymaps/rc-gadmei-rm008z.o
  CC      net/ipv4/xfrm4_input.o
  CC      drivers/misc/tzdev/4.1/core/cdev.o
  CC      net/ipv4/netfilter/nf_nat_masquerade_ipv4.o
  AR      drivers/media/usb/uvc/uvcvideo.o
  AR      drivers/media/usb/uvc/built-in.o
  AR      drivers/media/usb/built-in.o
  CC      drivers/mmc/core/sd_ops.o
  CC      drivers/md/dm-verity-debug.o
  CC      drivers/mmc/host/mediatek/ComboA/autok.o
  CC      drivers/media/v4l2-core/v4l2-async.o
  CC      drivers/media/rc/keymaps/rc-geekbox.o
  CC      drivers/md/alta_bigdata.o
  CC      drivers/misc/tzdev/4.1/core/cred.o
  CC      drivers/misc/mediatek/aee/mrdump/mrdump_arm.o
  CC      drivers/media/v4l2-core/vb2-trace.o
  CC      fs/mbcache.o
  CC      drivers/media/rc/keymaps/rc-genius-tvgo-a11mce.o
  CC      drivers/net/phy/phy-c45.o
  CC      drivers/md/dm-bow.o
  AR      drivers/misc/mediatek/aee/mrdump/mrdump.o
  AR      drivers/misc/mediatek/aee/mrdump/built-in.o
  AR      drivers/misc/mediatek/aee/built-in.o
  CC      drivers/misc/mediatek/base/power/clkbuf_v1/mtk_clkbuf_ctl.o
  CC      drivers/net/ppp/ppp_generic.o
  CC      drivers/misc/tzdev/4.1/core/event.o
  CC      net/netfilter/xt_conntrack.o
  CC      drivers/mmc/core/sdio.o
  CC      drivers/media/rc/keymaps/rc-gotview7135.o
  CC      drivers/media/v4l2-core/v4l2-trace.o
  CC      drivers/misc/mediatek/base/power/clkbuf_v1/mt6739/mtk_clkbuf_hw.o
  CC      fs/posix_acl.o
  CC      net/ipv4/xfrm4_output.o
  CC      fs/coredump.o
  CC      drivers/misc/uid_sys_stats.o
  CC      net/ipv4/netfilter/nf_nat_proto_gre.o
  CC      drivers/misc/tzdev/4.1/core/iwio.o
  CC      drivers/media/rc/keymaps/rc-imon-mce.o
  CC      drivers/net/phy/phy-core.o
  CC      drivers/mmc/core/sdio_ops.o
  AR      drivers/md/dm-mod.o
  AR      drivers/md/dm-snapshot.o
  AR      drivers/md/dm-verity.o
  CC      net/netfilter/xt_ecn.o
  AR      drivers/md/built-in.o
  CC      drivers/media/rc/keymaps/rc-imon-pad.o
  CC      drivers/of/base.o
  CC      drivers/misc/tzdev/4.1/core/iwservice.o
  CC      fs/drop_caches.o
  CC      drivers/misc/tzdev/4.1/debug/iw_boot_log.o
  CC      drivers/media/v4l2-core/v4l2-common.o
  CC      drivers/misc/tzdev/4.1/core/iwsock.o
  CC      drivers/media/rc/keymaps/rc-iodata-bctv7e.o
  AR      drivers/misc/mediatek/base/power/clkbuf_v1/mt6739/built-in.o
  AR      drivers/misc/mediatek/base/power/clkbuf_v1/built-in.o
  CC      drivers/misc/mediatek/base/power/cpufreq_v2/src/mtk_cpufreq_main.o
  CC      drivers/mmc/core/sdio_bus.o
  CC      drivers/net/phy/phy_device.o
  CC      fs/dcookies.o
  AR      drivers/misc/tzdev/4.1/debug/built-in.o
  CC      drivers/misc/mediatek/boot/mtk_boot_common.o
  CC      net/ipv4/netfilter/ip_tables.o
  CC      net/netfilter/xt_esp.o
  CC      drivers/media/rc/keymaps/rc-it913x-v1.o
  CC      drivers/mmc/core/sdio_cis.o
  CC      drivers/net/slip/slhc.o
  CC      drivers/of/device.o
  CC      drivers/media/v4l2-core/v4l2-dv-timings.o
  CC      drivers/media/rc/keymaps/rc-it913x-v2.o
  CC      drivers/misc/tzdev/4.1/core/log.o
  CC      drivers/mmc/core/sdio_io.o
  CC      drivers/misc/tzdev/4.1/core/mem.o
  CC      drivers/mmc/core/sdio_irq.o
  CC      drivers/net/ppp/ppp_async.o
  CC      net/netfilter/xt_hashlimit.o
  CC      drivers/misc/mediatek/base/power/cpufreq_v2/src/mtk_cpufreq_interface.o
  AR      fs/built-in.o
  CC      drivers/media/rc/keymaps/rc-kaiomy.o
  CC      drivers/misc/mediatek/boot/mtk_boot.o
  CC      drivers/net/usb/rtl8150.o
  CC      drivers/media/v4l2-core/videobuf2-core.o
  CC      drivers/mmc/host/mediatek/ComboA/mt6739/autok_dvfs.o
  CC      drivers/media/rc/keymaps/rc-kworld-315u.o
  CC      drivers/of/platform.o
  CC      drivers/net/phy/mdio_bus.o
  AR      drivers/misc/mediatek/boot/BOOT_COMMON.o
  AR      drivers/misc/mediatek/boot/built-in.o
  CC      drivers/misc/mediatek/base/power/cpufreq_v2/src/mtk_cpufreq_api.o
  CC      drivers/misc/mediatek/base/power/cpufreq_v2/src/mtk_cpufreq_debug.o
  CC      drivers/misc/tzdev/4.1/core/notifier.o
  CC      drivers/mmc/core/slot-gpio.o
  CC      drivers/media/rc/keymaps/rc-kworld-pc150u.o
  AR      drivers/pci/dwc/built-in.o
  CC      drivers/perf/arm_pmu.o
  CC      drivers/net/ppp/bsd_comp.o
  AR      drivers/net/slip/built-in.o
  CC      drivers/media/rc/keymaps/rc-kworld-plus-tv-analog.o
  CC      net/ipv4/netfilter/iptable_filter.o
  CC      drivers/net/usb/r8152.o
  CC      drivers/misc/tzdev/4.1/core/ree_time.o
  CC      drivers/net/phy/mdio_device.o
  CC      net/ipv4/netfilter/iptable_mangle.o
  CC      net/netfilter/xt_helper.o
  CC      drivers/net/ppp/ppp_deflate.o
  CC      drivers/misc/tzdev/4.1/core/sysdep.o
  CC      drivers/media/rc/keymaps/rc-leadtek-y04g0051.o
  CC      drivers/of/property.o
  CC      drivers/misc/mediatek/base/power/cpufreq_v2/src/mtk_cpufreq_hybrid.o
  AR      drivers/mmc/host/mediatek/ComboA/msdc.o
  AR      drivers/mmc/host/mediatek/ComboA/built-in.o
  AR      drivers/mmc/host/mediatek/built-in.o
  AR      drivers/mmc/host/built-in.o
  CC      drivers/misc/tzdev/4.1/extensions/irs.o
  CC      drivers/net/ppp/ppp_mppe.o
  CC      drivers/mmc/core/pwrseq.o
  CC      drivers/media/rc/keymaps/rc-lme2510.o
  CC      net/ipv4/netfilter/iptable_nat.o
  CC      drivers/misc/tzdev/4.1/core/tzdev.o
  CC      drivers/misc/mediatek/base/power/cpufreq_v2/src/mach/mt6739/mtk_cpufreq_platform.o
  AR      drivers/misc/tzdev/4.1/extensions/built-in.o
  CC      drivers/net/phy/swphy.o
  CC      drivers/of/fdt.o
  CC      drivers/media/v4l2-core/videobuf2-v4l2.o
  CC      drivers/perf/arm_pmu_platform.o
  CC      drivers/net/usb/asix_devices.o
  CC      drivers/misc/tzdev/4.1/core/uiwsock.o
  CC      net/netfilter/xt_hl.o
  CC      drivers/media/rc/keymaps/rc-manli.o
  CC      drivers/net/ppp/ppp_synctty.o
  CC      drivers/mmc/core/pwrseq_simple.o
  CC      net/ipv4/xfrm4_protocol.o
  CC      drivers/misc/tzdev/4.1/core/iwlog.o
  CC      drivers/media/rc/keymaps/rc-medion-x10.o
  AR      drivers/misc/mediatek/base/power/cpufreq_v2/src/mach/mt6739/built-in.o
  AR      drivers/misc/mediatek/base/power/cpufreq_v2/src/mach/built-in.o
  AR      drivers/misc/mediatek/base/power/cpufreq_v2/src/built-in.o
  AR      drivers/perf/built-in.o
  AR      drivers/misc/mediatek/base/power/cpufreq_v2/built-in.o
  CC      net/ipv4/netfilter/iptable_raw.o
  AR      drivers/platform/built-in.o
  CC      drivers/media/v4l2-core/videobuf2-memops.o
  CC      drivers/pinctrl/core.o
  CC      drivers/misc/mediatek/base/power/cpuhotplug/mtk_cpuhp_core.o
  CC      drivers/net/phy/fixed_phy.o
  CC      net/netfilter/xt_iprange.o
  CC      drivers/mmc/core/pwrseq_emmc.o
  CC      drivers/net/ppp/pppox.o
  CC [M]  kernel/kheaders.o
  CC      drivers/media/rc/keymaps/rc-medion-x10-digitainer.o
  CC      drivers/misc/tzdev/4.1/core/kthread_pool_smpboot.o
  CC      drivers/media/v4l2-core/videobuf2-vmalloc.o
  CC      drivers/misc/mediatek/base/power/cpuhotplug/mtk_cpuhp_ppm.o
  CC      drivers/misc/mediatek/boot_reason/mtk_boot_reason.o
  CC      drivers/of/fdt_address.o
  CC      drivers/misc/mediatek/btif/common/mtk_btif.o
  CC      drivers/mmc/core/block.o
  AR      drivers/net/wireless/admtek/built-in.o
  CC      drivers/media/rc/keymaps/rc-medion-x10-or2x.o
  AR      drivers/net/wireless/ath/built-in.o
  CC      net/ipv4/netfilter/iptable_security.o
  AR      drivers/net/wireless/atmel/built-in.o
  AR      drivers/net/wireless/broadcom/built-in.o
  AR      drivers/net/wireless/cisco/built-in.o
  AR      drivers/net/wireless/intel/built-in.o
  AR      drivers/net/wireless/intersil/built-in.o
  CC      drivers/of/address.o
  AR      drivers/net/wireless/marvell/built-in.o
  AR      drivers/net/wireless/mediatek/built-in.o
  AR      drivers/net/wireless/quantenna/built-in.o
  AR      drivers/net/wireless/ralink/built-in.o
  CC      drivers/misc/mediatek/base/power/cpuhotplug/mtk_cpuhp_platform.o
  AR      drivers/net/wireless/realtek/built-in.o
  AR      drivers/net/wireless/rsi/built-in.o
  AR      drivers/net/wireless/st/built-in.o
  AR      drivers/net/wireless/ti/built-in.o
  CC      net/netfilter/xt_l2tp.o
  AR      drivers/net/wireless/zydas/built-in.o
  AR      drivers/net/wireless/built-in.o
  AR      drivers/misc/mediatek/base/power/cpuhotplug/built-in.o
  CC      drivers/misc/mediatek/base/power/cpuidle_v3/mtk_cpuidle.o
  CC      drivers/net/tun.o
  CC      drivers/misc/tzdev/4.1/core/platform.o
  AR      drivers/misc/mediatek/boot_reason/BOOT_REASON.o
  AR      drivers/misc/mediatek/boot_reason/built-in.o
  CC      drivers/misc/tzdev/4.1/lib/circ_buf.o
  CC      drivers/pinctrl/pinctrl-utils.o
  CC [M]  net/ipv4/tcp_westwood.o
  AR      drivers/net/phy/libphy.o
  AR      drivers/net/phy/built-in.o
  CC      drivers/power/supply/power_supply_core.o
  CC      drivers/media/rc/keymaps/rc-msi-digivox-ii.o
  AR      drivers/media/v4l2-core/videodev.o
  AR      drivers/media/v4l2-core/built-in.o
  CC      drivers/net/usb/asix_common.o
  AR      drivers/misc/tzdev/4.1/core/built-in.o
  CC      drivers/misc/tzdev/4.1/teec/context.o
  CC      drivers/misc/tzdev/4.1/lib/circ_buf_packet.o
  CC      drivers/net/ppp/pppoe.o
  AR      drivers/misc/mediatek/base/power/cpuidle_v3/built-in.o
  AR      drivers/misc/tzdev/4.1/lib/built-in.o
  CC      drivers/misc/mediatek/btif/common/mtk_btif_exp.o
  CC      drivers/misc/mediatek/base/power/dcm_v1/mt6739/mtk_dcm_autogen.o
  CC      net/ipv4/netfilter/ipt_ah.o
  CC      drivers/media/rc/keymaps/rc-msi-digivox-iii.o
  CC      drivers/misc/tzdev/4.1/teec/misc.o
  CC      drivers/pinctrl/pinmux.o
  CC      drivers/of/irq.o
  CC      net/netfilter/xt_length.o
  CC      drivers/misc/mediatek/base/power/dcm_v1/mt6739/mtk_dcm_internal.o
  CC      drivers/media/rc/keymaps/rc-msi-tvanywhere.o
  CC [M]  net/ipv4/tcp_htcp.o
  CC      drivers/power/supply/power_supply_sysfs.o
  CC      drivers/misc/tzdev/4.1/teec/session.o
  CC      drivers/pinctrl/pinconf.o
  CC      net/ipv4/netfilter/ipt_MASQUERADE.o
  CC      drivers/misc/mediatek/base/power/dcm_v1/mtk_dcm.o
  CC      drivers/net/usb/ax88172a.o
  CC      drivers/media/rc/keymaps/rc-msi-tvanywhere-plus.o
  AR      drivers/misc/mediatek/base/power/dcm_v1/mt6739/built-in.o
  CC      drivers/mmc/core/queue.o
  CC      drivers/power/supply/power_supply_leds.o
  CC      drivers/misc/mediatek/btif/common/btif_dma_plat.o
  CC      drivers/pinctrl/devicetree.o
  CC      net/netfilter/xt_limit.o
  CC      drivers/net/ppp/pptp.o
  AR      drivers/misc/mediatek/base/power/dcm_v1/built-in.o
  CC      drivers/misc/mediatek/base/power/dvfsrc/dvfsrc-boost-driver.o
  CC      drivers/of/of_net.o
  CC      drivers/misc/mediatek/c2k_usb/f_rawbulk.o
  CC      drivers/media/rc/keymaps/rc-nebula.o
  CC      drivers/power/supply/mediatek/misc/mtk_gauge_time_service.o
  AR      net/ipv4/gre.o
  CC      drivers/misc/tzdev/4.1/teec/shared_memory.o
  CC      drivers/net/veth.o
  CC      net/ipv4/netfilter/ipt_REJECT.o
  CC      drivers/net/usb/ax88179_178a.o
  AR      drivers/misc/mediatek/base/power/dvfsrc/built-in.o
  CC      drivers/misc/mediatek/base/power/eem_v2/mt6739/mtk_eem.o
  CC      drivers/media/rc/keymaps/rc-nec-terratec-cinergy-xs.o
  CC      drivers/pinctrl/pinconf-generic.o
  CC      net/netfilter/xt_mac.o
  CC      drivers/misc/mediatek/btif/common/btif_plat.o
  AR      drivers/power/supply/mediatek/misc/built-in.o
  AR      drivers/power/supply/mediatek/built-in.o
  AR      drivers/power/supply/power_supply.o
  AR      drivers/misc/tzdev/4.1/teec/built-in.o
  AR      drivers/power/supply/built-in.o
  AR      drivers/misc/tzdev/4.1/built-in.o
  AR      drivers/power/built-in.o
  CC      drivers/misc/dev_ril_bridge.o
  AR      drivers/ptp/built-in.o
  CC      drivers/of/of_mdio.o
  AR      drivers/mmc/core/mmc_core.o
  AR      drivers/mmc/core/mmc_block.o
  AR      drivers/mmc/core/built-in.o
  AR      drivers/mmc/built-in.o
  CC      drivers/misc/mediatek/cam_cal/src/mt6739/../common/v1/eeprom_driver.o
  CC      drivers/media/rc/keymaps/rc-norwood.o
  AR      drivers/net/ppp/built-in.o
  AR      drivers/pwm/built-in.o
  CC      drivers/misc/mediatek/c2k_usb/rawbulk.o
  CC      drivers/misc/mediatek/c2k_usb/rawbulk_transfer.o
  CC      net/ipv4/netfilter/arp_tables.o
  CC      drivers/of/of_reserved_mem.o
  CC      net/netfilter/xt_multiport.o
  CC      drivers/net/usb/cdc_ether.o
  AR      drivers/pinctrl/bcm/built-in.o
  AR      drivers/pinctrl/freescale/built-in.o
  CC      drivers/pinctrl/mediatek/mtk-eint.o
  CC      drivers/misc/mediatek/cameraisp/dip/cameradip_dummy.o
  CC      drivers/media/rc/keymaps/rc-npgtech.o
  AR      drivers/misc/mediatek/cameraisp/dip/built-in.o
..
  CC      drivers/misc/mediatek/cameraisp/dpe/cameradpe_dummy.o
  AR      drivers/misc/mediatek/btif/common/btif.o
  AR      drivers/misc/mediatek/btif/common/built-in.o
  AR      drivers/misc/mediatek/btif/built-in.o
  AR      drivers/misc/mediatek/cameraisp/dpe/built-in.o
  CC      drivers/misc/mediatek/cameraisp/fdvt/fdvt_dummy.o
  CC      drivers/misc/mediatek/base/power/leakage_table_v2/mtk_static_power.o
  AR      drivers/misc/mediatek/cameraisp/fdvt/built-in.o
..
  CC      drivers/misc/mediatek/cameraisp/mfb/camera_mfb_dummy.o
  AR      drivers/misc/mediatek/cameraisp/mfb/built-in.o
..
  CC      drivers/misc/mediatek/cameraisp/owe/camera_owe_dummy.o
  CC      drivers/media/rc/keymaps/rc-pctv-sedna.o
  AR      drivers/misc/mediatek/cameraisp/owe/built-in.o
..
  CC      drivers/misc/mediatek/cameraisp/rsc/camera_rsc_dummy.o
  CC      drivers/misc/mediatek/cam_cal/src/mt6739/../common/v1/eeprom_i2c_common_driver.o
  CC      drivers/misc/mediatek/cameraisp/rsc/engine_request.o
  CC      drivers/misc/mediatek/base/power/eem_v2/mt6739/mtk_eem_platform.o
  CC      drivers/misc/mediatek/ccci_util/ccci_util_lib_fo.o
  AR      drivers/pinctrl/mvebu/built-in.o
  CC      drivers/regulator/core.o
  CC      drivers/misc/mediatek/base/power/eem_v2/mt6739/mtk_eem_internal.o
  CC      drivers/pinctrl/mediatek/pinctrl-paris.o
  AR      drivers/of/built-in.o
  CC      drivers/misc/mediatek/base/power/leakage_table_v2/mtk_static_power_mt6739.o
  CC      net/netfilter/xt_owner.o
  CC      drivers/media/rc/keymaps/rc-pinnacle-color.o
  CC      drivers/misc/mediatek/cam_cal/src/mt6739/eeprom_i2c_custom_driver.o
  CC      drivers/misc/mediatek/base/power/mcdi/mtk_mcdi_governor.o
  AR      drivers/misc/mediatek/cameraisp/rsc/built-in.o
  CC      drivers/misc/mediatek/cameraisp/src/cameraisp_dummy.o
  CC      drivers/misc/mediatek/ccmni/ccmni.o
  CC      drivers/net/usb/cdc_eem.o
cameraisp drv by platform 
  CC      drivers/misc/mediatek/cameraisp/src/mt6739/camera_isp.o
  AR      drivers/misc/mediatek/base/power/leakage_table_v2/built-in.o
  CC      drivers/misc/mediatek/base/power/mt6739/mtk_gpufreq.o
  CC      drivers/misc/mediatek/ccci_util/ccci_util_lib_load_img.o
  CC      drivers/net/usb/smsc75xx.o
  AR      drivers/misc/mediatek/base/power/eem_v2/mt6739/built-in.o
  AR      drivers/misc/mediatek/base/power/eem_v2/built-in.o
  CC      drivers/misc/mediatek/base/power/pbm_v3/mtk_pbm.o
  CC      drivers/media/rc/keymaps/rc-pinnacle-grey.o
  AR      drivers/misc/mediatek/c2k_usb/c2k_usb.o
  AR      drivers/misc/mediatek/c2k_usb/built-in.o
  CC      drivers/misc/mediatek/chip/mtk_chip_common.o
  CC      drivers/misc/mediatek/cam_cal/src/mt6739/camera_project/aau_v02/cam_cal_list.o
  CC      drivers/pinctrl/mediatek/pinctrl-mtk-common-v2.o
  CC      net/netfilter/xt_physdev.o
  CC      drivers/net/usb/smsc95xx.o
  CC      drivers/media/rc/keymaps/rc-pinnacle-pctv-hd.o
  CC      drivers/misc/mediatek/base/power/mcdi/mtk_mcdi_governor_lib.o
  CC      drivers/misc/mediatek/cam_cal/src/mt6739/camera_project/aau_v02/eeprom_i2c_dev.o
  CC      net/ipv4/netfilter/arpt_mangle.o
  AR      drivers/misc/mediatek/cam_cal/src/mt6739/camera_project/aau_v02/built-in.o
  AR      drivers/misc/mediatek/cam_cal/src/mt6739/built-in.o
  AR      drivers/misc/mediatek/cam_cal/src/built-in.o
  AR      drivers/pinctrl/nomadik/built-in.o
  AR      drivers/misc/mediatek/base/power/pbm_v3/built-in.o
  CC      drivers/media/rc/keymaps/rc-pixelview.o
  CC      drivers/misc/mediatek/cirq/mtk_sys_cirq.o
  CC      drivers/misc/mediatek/chip/mt6739/mtk_chip.o
  CC      drivers/misc/mediatek/ccci_util/ccci_util_lib_sys.o
..
  CC      drivers/misc/mediatek/cameraisp/tsf/camera_tsf_dummy.o
  CC      drivers/misc/mediatek/base/power/mcdi/mtk_mcdi_governor_hint.o
  AR      drivers/misc/mediatek/cameraisp/tsf/built-in.o
  CC      drivers/pinctrl/mediatek/pinctrl-mtk-common-v2_debug.o
  CC      drivers/misc/mediatek/cameraisp/wpe/camerawpe_dummy.o
  CC      drivers/media/rc/keymaps/rc-pixelview-mk12.o
  AR      drivers/misc/mediatek/cameraisp/wpe/built-in.o
  CC      net/netfilter/xt_pkttype.o
  CC      drivers/misc/mediatek/base/power/mcdi/mtk_mcdi_api.o
  CC      drivers/pinctrl/mediatek/pinctrl-mt6739.o
  CC      drivers/misc/mediatek/cameraisp/src/mt6739/camera_sysram.o
  CC      net/ipv4/netfilter/arptable_filter.o
  CC      drivers/misc/mediatek/ccci_util/ccci_private_log.o
  AR      drivers/misc/mediatek/chip/mt6739/CHIP.o
  AR      drivers/misc/mediatek/chip/mt6739/built-in.o
  AR      drivers/misc/mediatek/chip/CHIP_COMMON.o
  AR      drivers/misc/mediatek/chip/built-in.o
  CC      drivers/misc/mediatek/base/power/mt6739/mtk_picachu.o
  AR      net/ipv4/netfilter/nf_conntrack_ipv4.o
  AR      drivers/pinctrl/sprd/built-in.o
  CC      drivers/misc/mediatek/base/power/mcdi/mcdi_v1/mtk_mcdi_main.o
  AR      drivers/pinctrl/ti/built-in.o
  CC      drivers/regulator/dummy.o
  CC      drivers/media/rc/keymaps/rc-pixelview-002t.o
  CC      drivers/misc/mediatek/base/power/power_gs_v1/mt6739/mtk_power_gs_6357_array.o
  CC      drivers/net/usb/net1080.o
  AR      drivers/pinctrl/mediatek/built-in.o
  AR      drivers/pinctrl/built-in.o
  CC      drivers/rtc/rtc-lib.o
  AR      drivers/misc/mediatek/ccmni/eccmni.o
  AR      drivers/misc/mediatek/ccmni/built-in.o
  AR      drivers/misc/mediatek/cirq/built-in.o
  CC      drivers/misc/mediatek/base/power/mcdi/mcdi_v1/mtk_mcdi_util.o
  CC      drivers/misc/mediatek/cmdq/mdp_sync/mdp_fence.o
  CC      drivers/misc/mediatek/base/power/power_gs_v1/mt6739/mtk_cg_array.o
  CC      net/netfilter/xt_policy.o
  CC      drivers/media/rc/keymaps/rc-pixelview-new.o
  CC      drivers/net/usb/cdc_subset.o
  CC      drivers/misc/mediatek/base/power/power_gs_v1/mt6739/mtk_dcm_array.o
  AR      drivers/misc/mediatek/base/power/mt6739/built-in.o
  AR      net/ipv4/netfilter/nf_nat_ipv4.o
  AR      net/ipv4/netfilter/built-in.o
  CC      drivers/regulator/fixed-helper.o
  AR      net/ipv4/built-in.o
  CC      drivers/misc/mediatek/ccci_util/ccci_util_lib_time.o
  CC      drivers/misc/mediatek/base/power/ppm_v3/src/mtk_ppm_main.o
  CC      drivers/misc/mediatek/base/power/mcdi/mt6739/mtk_mcdi_plat.o
  CC      net/netfilter/xt_quota.o
  CC      drivers/misc/mediatek/base/power/power_gs_v1/mt6739/mtk_power_gs_sp.o
  CC      drivers/regulator/helpers.o
  CC      drivers/media/rc/keymaps/rc-powercolor-real-angel.o
  CC      drivers/rtc/hctosys.o
  AR      drivers/misc/mediatek/cmdq/mdp_sync/built-in.o
  CC      drivers/misc/mediatek/base/power/power_gs_v1/mtk_power_gs.o
  CC      drivers/misc/mediatek/cmdq/v3/cmdq_record.o
  CC      drivers/misc/mediatek/base/power/mcdi/mcdi_v1/mtk_mcdi_profile.o
  CC      drivers/misc/mediatek/base/power/mcdi/mt6739/mtk_mcdi_state.o
  CC      drivers/regulator/devres.o
  CC      drivers/misc/mediatek/base/power/power_gs_v1/mt6739/mtk_power_gs_compare.o
  CC      drivers/misc/mediatek/ccci_util/ccci_util_lib_main.o
  CC      drivers/net/usb/zaurus.o
  CC      drivers/rtc/systohc.o
  AR      drivers/misc/mediatek/base/power/mcdi/mt6739/built-in.o
  CC      drivers/media/rc/keymaps/rc-proteus-2309.o
  CC      drivers/samsung/debug/sec_debug.o
  CC      net/netfilter/xt_quota2.o
  CC      drivers/misc/mediatek/cmo/cmo-mtk.o
  CC      drivers/misc/mediatek/base/power/power_gs_v1/mt6739/mtk_power_gs_dump_pmic.o
  CC      net/netfilter/xt_realm.o
  CC      drivers/misc/mediatek/base/power/spm_v4/mtk_idle.o
  CC      drivers/misc/mediatek/base/power/power_gs_v1/mtk_power_gs_api.o
  CC      drivers/rtc/class.o
  CC      drivers/misc/mediatek/ccci_util/ccci_util_ld_md_errno.o
  CC      drivers/misc/mediatek/ccci_util/ccci_util_broadcast.o
  CC      drivers/media/rc/keymaps/rc-purpletv.o
  CC      drivers/misc/mediatek/base/power/mcdi/mcdi_v1/mtk_mcdi_cpc.o
  CC      drivers/regulator/of_regulator.o
  CC      drivers/misc/mediatek/base/power/ppm_v3/src/mtk_ppm_interface.o
  AR      drivers/misc/mediatek/base/power/power_gs_v1/mt6739/built-in.o
  CC      drivers/misc/mediatek/cmdq/v3/cmdq_virtual.o
  CC      drivers/net/usb/usbnet.o
  CC      drivers/samsung/debug/sec_debug_auto_comment.o
  CC      drivers/misc/mediatek/base/power/mcdi/mcdi_v1/mtk_mcdi_mcupm.o
  CC      drivers/media/rc/keymaps/rc-pv951.o
  AR      drivers/misc/mediatek/base/power/power_gs_v1/built-in.o
  CC      drivers/misc/mediatek/base/power/upower_v2/mtk_unified_power.o
  AR      drivers/misc/mediatek/cmo/built-in.o
  CC      drivers/misc/mediatek/cmdq/v3/cmdq_device.o
  CC      drivers/scsi/scsi.o
  CC      net/netfilter/xt_recent.o
  CC      drivers/misc/mediatek/base/power/ppm_v3/src/mtk_ppm_api.o
  CC      drivers/rtc/interface.o
  CC      drivers/misc/mediatek/ccci_util/ccci_util_sib.o
  AR      drivers/misc/mediatek/base/power/mcdi/mcdi_v1/built-in.o
  AR      drivers/misc/mediatek/base/power/mcdi/built-in.o
  CC      drivers/misc/mediatek/base/power/vcorefs_v3/mtk_vcorefs_manager.o
  CC      drivers/samsung/debug/sec_debug_softdog.o
  CC      drivers/media/rc/keymaps/rc-hauppauge.o
  CC      drivers/misc/mediatek/cmdq/v3/cmdq_driver.o
  CC      drivers/scsi/hosts.o
  CC      drivers/regulator/fixed.o
  CC      drivers/misc/mediatek/base/power/ppm_v3/src/mtk_ppm_profile.o
  CC      drivers/misc/mediatek/base/power/upower_v2/mtk_unified_power_internal.o
  CC      drivers/media/rc/keymaps/rc-rc6-mce.o
  CC      drivers/misc/mediatek/ccci_util/ccci_util_dummy.o
  CC      drivers/misc/mediatek/base/power/spm_v4/mtk_sleep.o
  CC      drivers/misc/mediatek/base/power/upower_v2/mtk_unified_power_api.o
  AR      drivers/samsung/debug/built-in.o
  CC      drivers/samsung/misc/sec_log.o
  CC      drivers/misc/mediatek/base/power/spm_v4/mtk_spm_init.o
  CC      drivers/misc/mediatek/base/power/ppm_v3/src/mtk_ppm_ipi.o
  CC      drivers/rtc/nvmem.o
  AR      drivers/regulator/built-in.o
  CC      drivers/misc/mediatek/cmdq/v3/cmdq_mdp_common.o
  CC      drivers/misc/mediatek/base/power/vcorefs_v3/mtk_vcorefs_governor.o
  CC      drivers/media/rc/keymaps/rc-real-audio-220-32-keys.o
  CC      drivers/misc/mediatek/base/power/ppm_v3/src/mtk_ppm_cpi.o
  CC      drivers/misc/mediatek/base/power/upower_v2/mtk_unified_power_mt6739.o
  AR      drivers/misc/mediatek/ccci_util/ccci_util_lib.o
  CC      net/netfilter/xt_socket.o
  AR      drivers/misc/mediatek/ccci_util/built-in.o
  CC      drivers/misc/mediatek/conn_md/conn_md.o
  CC      drivers/misc/mediatek/base/power/spm_v4/mtk_spm.o
  CC      drivers/misc/mediatek/cmdq/v3/cmdq_event_common.o
  CC      drivers/rtc/rtc-dev.o
  CC      drivers/scsi/scsi_ioctl.o
  CC      drivers/misc/mediatek/base/power/ppm_v3/src/mtk_ppm_policy_dlpt.o
  CC      drivers/media/rc/keymaps/rc-reddo.o
  AR      drivers/misc/mediatek/base/power/upower_v2/built-in.o
  CC      drivers/net/usb/cdc_ncm.o
  CC      drivers/media/rc/keymaps/rc-snapstream-firefly.o
  CC      drivers/samsung/misc/sec_bootstat.o
  CC      drivers/misc/mediatek/base/power/spm_v4/mtk_spm_dpidle.o
  CC      drivers/misc/mediatek/base/power/ppm_v3/src/mtk_ppm_policy_sys_boost.o
  CC      drivers/rtc/rtc-proc.o
  CC      drivers/samsung/sec_reboot.o
  CC      drivers/media/rc/keymaps/rc-streamzap.o
  CC      drivers/misc/mediatek/base/power/ppm_v3/src/mtk_ppm_policy_ptpod.o
  AR      drivers/misc/mediatek/base/power/vcorefs_v3/built-in.o
  CC      drivers/sensors/isg5320a_a02.o
  CC      drivers/misc/mediatek/conn_md/conn_md_exp.o
  AR      drivers/misc/mediatek/cameraisp/src/mt6739/built-in.o
  AR      drivers/misc/mediatek/cameraisp/src/built-in.o
  AR      drivers/misc/mediatek/cameraisp/built-in.o
  CC      drivers/media/rc/keymaps/rc-tbs-nec.o
$CONFIG_MTK_COMBO_CHIP is ["CONSYS_6739"]
MTK_PLATFORM_ID is [6739]
WIFI_IP_SET is 1
including gen2 driver
FM_CHIP_ID is [6739]
CFG_FM_CHIP_ID is [6739]
CFG_FM_CHIP is [mt6627]
CFG_BUILD_CONNAC2 is [false]
  CC      drivers/misc/mediatek/connectivity/common/connectivity_build_in_adapter.o
  CC      net/netfilter/xt_state.o
  CC      drivers/rtc/rtc-sysfs.o
  CC      drivers/misc/mediatek/base/power/ppm_v3/src/mtk_ppm_policy_pwr_thro.o
  CC      drivers/media/rc/keymaps/rc-technisat-ts35.o
  CC      drivers/samsung/misc/vbus_notifier.o
  CC      drivers/scsi/scsicam.o
  CC      drivers/media/rc/keymaps/rc-technisat-usb2.o
  CC      drivers/media/rc/keymaps/rc-terratec-cinergy-c-pci.o
  CC      drivers/misc/mediatek/base/power/spm_v4/mtk_idle_profile.o
  CC      drivers/misc/mediatek/base/power/ppm_v3/src/mtk_ppm_policy_thermal.o
  CC      drivers/sensors/isg5320a_sub_a02.o
  CC      drivers/misc/mediatek/conn_md/conn_md_log.o
  AR      drivers/rtc/rtc-core.o
  AR      drivers/rtc/built-in.o
  AR      drivers/samsung/misc/built-in.o
  CC      drivers/samsung/sec_class.o
  AR      drivers/soc/bcm/built-in.o
  CC      drivers/net/usb/cdc_mbim.o
  AR      drivers/soc/fsl/built-in.o
  CC      drivers/soc/mediatek/mtk-pmic-wrap.o
  CC      drivers/media/rc/keymaps/rc-terratec-cinergy-s2-hd.o
  CC      net/netfilter/xt_statistic.o
  CC      drivers/media/rc/keymaps/rc-terratec-cinergy-xs.o
  CC      drivers/misc/mediatek/base/power/spm_v4/mtk_spm_fs.o
  CC      drivers/misc/mediatek/cmdq/v3/cmdq_subsys_common.o
  CC      drivers/misc/mediatek/conn_md/conn_md_dump.o
  CC      drivers/misc/mediatek/base/power/ppm_v3/src/mtk_ppm_policy_lcm_off.o
  CC      drivers/sensors/sensors_core.o
  CC      drivers/misc/mediatek/connectivity/common/wmt_build_in_adapter.o
  CC      drivers/misc/mediatek/base/power/ppm_v3/src/mtk_ppm_policy_hard_user_limit.o
  CC      drivers/misc/mediatek/base/power/spm_v4/mtk_spm_internal.o
  CC      drivers/scsi/scsi_error.o
  CC      drivers/media/rc/keymaps/rc-terratec-slim.o
  CC      drivers/samsung/sec_param.o
  CC      drivers/misc/mediatek/cqdma/cqdma.o
  CC      net/netfilter/xt_string.o
  CC      drivers/misc/mediatek/cmdq/v3/cmdq_helper_ext.o
  CC      drivers/misc/mediatek/conn_md/conn_md_dbg.o
  CC      drivers/scsi/scsi_lib.o
  CC      drivers/media/rc/keymaps/rc-terratec-slim-2.o
  CC      drivers/misc/mediatek/base/power/spm_v4/mtk_spm_resource_req.o
  CC      net/netfilter/xt_tcpmss.o
  AR      drivers/net/usb/asix.o
  AR      drivers/net/usb/built-in.o
  AR      drivers/net/built-in.o
  CC      drivers/spi/spi.o
  CC      drivers/misc/mediatek/base/power/ppm_v3/src/mtk_ppm_policy_user_limit.o
  CC      drivers/samsung/sec_fmm_lock.o
../drivers/misc/mediatek/connectivity/bt/Makefile:30: yumin: bt 1
../drivers/misc/mediatek/connectivity/bt/Makefile:35: yumin: bt 2
  CC      drivers/misc/mediatek/connectivity/bt/stp_chrdev_bt.o
  CC      drivers/sensors/lis2ds_core_a02.o
  CC      drivers/soc/mediatek/mtk-cmdq-helper.o
  CC      drivers/sensors/lis2ds_i2c_a02.o
  CC      drivers/misc/mediatek/conn_md/conn_md_test.o
  CC      drivers/media/rc/keymaps/rc-tevii-nec.o
  CC      drivers/misc/mediatek/base/power/spm_v4/mtk_spm_sleep.o
  CC      drivers/misc/mediatek/base/power/spm_v4/mtk_spm_sodi.o
  AR      drivers/misc/mediatek/cqdma/built-in.o
  CC      drivers/misc/mediatek/base/power/ppm_v3/src/mtk_ppm_policy_force_limit.o
  CC      drivers/misc/mediatek/debug_latch/lastbus/lastbus.o
  CC      drivers/media/rc/keymaps/rc-tivo.o
  CC      drivers/scsi/scsi_common.o
  AR      drivers/misc/mediatek/conn_md/conn_md_bridge.o
  AR      drivers/misc/mediatek/conn_md/built-in.o
  CC      drivers/misc/mediatek/devinfo/devinfo.o
  CC      net/netfilter/xt_time.o
  CC      drivers/samsung/sec_key_notifier.o
  CC      drivers/scsi/scsi_lib_dma.o
  CC      drivers/misc/mediatek/debug_latch/lastbus/mt6739/plat_lastbus.o
  AR      drivers/misc/mediatek/debug_latch/lastbus/mt6739/built-in.o
  CC      drivers/misc/mediatek/base/power/ppm_v3/src/mtk_ppm_policy_ut.o
  AR      drivers/misc/mediatek/debug_latch/lastbus/built-in.o
  AR      drivers/misc/mediatek/debug_latch/built-in.o
  CC      drivers/misc/mediatek/dramc/dramc.o
  CC      drivers/misc/mediatek/connectivity/bt/dbg_bt.o
  CC      drivers/media/rc/keymaps/rc-total-media-in-hand.o
  CC      drivers/misc/mediatek/base/power/spm_v4/mtk_spm_sodi3p0.o
  CC      drivers/misc/mediatek/cmdq/v3/cmdq_test.o
  CC      drivers/misc/mediatek/base/power/spm_v4/mtk_spm_vcorefs.o
  CC      drivers/samsung/sec_crash_key.o
  CC      net/netfilter/xt_u32.o
  CC      drivers/misc/mediatek/dramc/mtk_lastdramc.o
  CC      drivers/media/rc/keymaps/rc-total-media-in-hand-02.o
  CC      drivers/misc/mediatek/base/power/ppm_v3/src/mach/mt6739/mtk_ppm_platform.o
  AR      drivers/misc/mediatek/devinfo/built-in.o
  CC      drivers/misc/mediatek/eccci/ccci_core.o
  AR      drivers/misc/mediatek/connectivity/bt/bt_drv.o
  AR      drivers/misc/mediatek/connectivity/bt/built-in.o
  AR      drivers/soc/mediatek/built-in.o
  CC      drivers/misc/mediatek/connectivity/fmradio_drv/chips/mt6627/pub/mt6627_fm_rds.o
  CC      drivers/samsung/sec_crash_key_user.o
  AR      drivers/soc/renesas/built-in.o
  AR      drivers/sensors/built-in.o
  AR      drivers/soc/built-in.o
  CC      drivers/spu_verify/spu-sign-verify.o
  CC      drivers/misc/mediatek/base/power/spm_v4/mtk_lp_sysfs.o
  CC      drivers/staging/android/ion/ion.o
  CC      drivers/misc/mediatek/cmdq/v3/mt6739/cmdq_mdp.o
  CC      drivers/scsi/scsi_scan.o
  CC      drivers/media/rc/keymaps/rc-trekstor.o
  CC      drivers/misc/mediatek/connectivity/gps/stp_chrdev_gps.o
  CC      drivers/misc/mediatek/base/power/spm_v4/mtk_lp_kernfs.o
  CC      drivers/misc/mediatek/dramc/mtk_memtest.o
  CC      net/netfilter/xt_domainfilter.o
  CC      drivers/misc/mediatek/connectivity/fmradio_drv/chips/mt6627/pub/mt6627_fm_lib.o
  CC      drivers/misc/mediatek/base/power/ppm_v3/src/mach/mt6739/mtk_ppm_power_data.o
  CC      drivers/samsung/sec_hard_reset_hook.o
  CC      drivers/misc/mediatek/eccci/ccci_bm.o
  CC      drivers/media/rc/keymaps/rc-tt-1500.o
  AR      drivers/spu_verify/built-in.o
  CC      drivers/sti/abc/abc_common.o
  CC      drivers/misc/mediatek/dramc/mtk_rshmoo.o
  CC      drivers/misc/mediatek/base/power/ppm_v3/src/mach/mt6739/mtk_ppm_cobra_algo.o
  CC      drivers/spi/spi-mt65xx.o
  CC      drivers/misc/mediatek/base/power/spm_v4/mtk_idle_sysfs.o
  AR      drivers/misc/mediatek/cmdq/v3/mt6739/built-in.o
  CC      drivers/misc/mediatek/emi_bwl/mt6739/emi_bwl.o
  CC      drivers/media/rc/keymaps/rc-twinhan-dtv-cab-ci.o
  AR      net/netfilter/netfilter.o
  AR      net/netfilter/nf_conntrack.o
  AR      net/netfilter/nf_conntrack_h323.o
  AR      net/netfilter/nf_nat.o
  AR      net/netfilter/built-in.o
  AR      net/built-in.o
  CC      drivers/misc/mediatek/dramc/mt6739/mtk_dramc.o
  AR      drivers/samsung/built-in.o
  CC      drivers/staging/android/ashmem.o
  AR      drivers/staging/iio/accel/built-in.o
  AR      drivers/staging/iio/adc/built-in.o
  AR      drivers/staging/iio/addac/built-in.o
  CC      drivers/misc/mediatek/base/power/spm_v4/mtk_lp_sysfs_procfs.o
  AR      drivers/staging/iio/cdc/built-in.o
  AR      drivers/staging/iio/frequency/built-in.o
  AR      drivers/staging/iio/gyro/built-in.o
  AR      drivers/staging/iio/impedance-analyzer/built-in.o
  AR      drivers/staging/iio/light/built-in.o
  AR      drivers/misc/mediatek/base/power/ppm_v3/src/mach/mt6739/built-in.o
  AR      drivers/misc/mediatek/connectivity/gps/gps_drv.o
  AR      drivers/misc/mediatek/base/power/ppm_v3/src/mach/built-in.o
  AR      drivers/misc/mediatek/connectivity/gps/built-in.o
  AR      drivers/staging/iio/meter/built-in.o
  AR      drivers/misc/mediatek/base/power/ppm_v3/src/built-in.o
  AR      drivers/staging/iio/resolver/built-in.o
  AR      drivers/misc/mediatek/base/power/ppm_v3/built-in.o
  CC      drivers/staging/android/ion/ion-ioctl.o
  AR      drivers/staging/iio/trigger/built-in.o
  AR      drivers/staging/iio/built-in.o
  AR      drivers/staging/media/built-in.o
  CC      drivers/misc/mediatek/eccci/ccci_modem.o
  CC      drivers/misc/mediatek/eccci/modem_sys1.o
  CC      drivers/misc/mediatek/connectivity/wlan_drv_gen2/os/linux/plat/mt6739/plat_priv.o
  CC      drivers/misc/mediatek/connectivity/fmradio_drv/core/fm_module.o
  CC      drivers/media/rc/keymaps/rc-twinhan1027.o
  CC      drivers/misc/mediatek/base/power/spm_v4/mtk_idle_mt6739.o
  CC      drivers/spi/spi-mt65xx-dev.o
  CC      drivers/scsi/scsi_sysfs.o
  CC      drivers/sti/abc/abc_hub_core.o
  CC      drivers/staging/android/ion/ion_heap.o
  CC      drivers/scsi/scsi_devinfo.o
  CC      drivers/misc/mediatek/emi_bwl/mt6739/emi_mbw.o
  CC      drivers/misc/mediatek/connectivity/wlan_drv_gen2/common/dump.o
  CC      drivers/media/rc/keymaps/rc-videomate-m1f.o
  CC      drivers/switch/switch_class.o
  CC      drivers/misc/mediatek/base/power/spm_v4/mtk_spm_dpidle_mt6739.o
  CC      drivers/staging/android/alarm-dev.o
  AR      drivers/misc/mediatek/dramc/mt6739/built-in.o
  AR      drivers/misc/mediatek/dramc/built-in.o
  CC      drivers/misc/mediatek/emi_mpu/emi_reg_rw.o
  CC      drivers/media/rc/keymaps/rc-videomate-s350.o
  CC      drivers/misc/mediatek/base/power/spm_v4/mtk_spm_sleep_mt6739.o
  AR      drivers/misc/mediatek/cmdq/v3/built-in.o
  AR      drivers/misc/mediatek/cmdq/built-in.o
  CC      drivers/misc/mediatek/base/power/spm_v4/mtk_spm_sodi_mt6739.o
  CC      drivers/scsi/scsi_sysctl.o
  AR      drivers/switch/built-in.o
  CC      drivers/thermal/thermal_core.o
  CC      drivers/misc/mediatek/eccci/modem_sys3.o
  CC      drivers/staging/android/ion/ion_page_pool.o
  AR      drivers/spi/built-in.o
  CC      drivers/tty/tty_io.o
  CC      drivers/misc/mediatek/emi_mpu/mt6739/emi_mpu.o
  CC      drivers/sti/abc/abc_hub_bootc.o
  CC      drivers/scsi/scsi_proc.o
  CC      drivers/misc/mediatek/emi_bwl/mt6739/emi_mbw_api.o
  CC      drivers/media/rc/keymaps/rc-videomate-tv-pvr.o
  CC      drivers/misc/mediatek/connectivity/wlan_drv_gen2/common/wlan_lib.o
  CC      drivers/scsi/scsi_trace.o
  CC      drivers/misc/mediatek/connectivity/fmradio_drv/core/fm_main.o
  CC      drivers/scsi/scsi_logging.o
  AR      drivers/misc/mediatek/ext_disp/common/built-in.o
  AR      drivers/misc/mediatek/ext_disp/built-in.o
  CC      drivers/misc/mediatek/ext_gic/mtk-gic-v3-extend.o
  AR      drivers/misc/mediatek/base/power/spm_v4/built-in.o
  AR      drivers/misc/mediatek/base/power/built-in.o
  AR      drivers/misc/mediatek/base/built-in.o
  CC      drivers/misc/mediatek/connectivity/fmradio_drv/core/fm_config.o
  CC      drivers/misc/mediatek/flashlight/flashlight-core.o
  CC      drivers/misc/mediatek/eccci/modem_io_device.o
  CC      drivers/media/rc/keymaps/rc-winfast.o
  CC      drivers/staging/android/ion/ion_system_heap.o
  AR      drivers/sti/abc/abc.o
  AR      drivers/sti/abc/abc_hub.o
  AR      drivers/sti/abc/built-in.o
  CC      drivers/usb/class/cdc-acm.o
  CC      drivers/misc/mediatek/emi_bwl/mt6739/emi_elm.o
../drivers/misc/mediatek/connectivity/wmt_chrdev_wifi/Makefile:53: wmt_chrdev_wifi build-in boot.img
  CC      drivers/misc/mediatek/connectivity/wmt_chrdev_wifi/wmt_cdev_wifi.o
  AR      drivers/staging/typec/fusb302/built-in.o
  AR      drivers/staging/typec/built-in.o
  CC      drivers/staging/android/lmkd_debug.o
  CC      drivers/media/rc/keymaps/rc-winfast-usbii-deluxe.o
  CC      drivers/misc/mediatek/connectivity/fmradio_drv/core/fm_rds_parser.o
  AR      drivers/misc/mediatek/emi_mpu/mt6739/built-in.o
  AR      drivers/misc/mediatek/emi_mpu/built-in.o
  CC      drivers/misc/mediatek/freqhopping/fhctl_new/clk-fhctl.o
  CC      drivers/scsi/scsi_pm.o
  CC      drivers/misc/mediatek/ext_gic/mt6739/plat_sw_mode.o
  CC      drivers/staging/android/ion/ion_carveout_heap.o
  CC      drivers/misc/mediatek/eccci/fsm/ccci_fsm.o
  AR      drivers/misc/mediatek/ext_gic/mt6739/built-in.o
  AR      drivers/misc/mediatek/ext_gic/built-in.o
  CC      drivers/thermal/thermal_sysfs.o
  CC      drivers/media/rc/keymaps/rc-su3000.o
  AR      drivers/misc/mediatek/emi_bwl/mt6739/built-in.o
  AR      drivers/misc/mediatek/emi_bwl/built-in.o
  CC      drivers/misc/mediatek/connectivity/wlan_drv_gen2/common/wlan_oid.o
  CC      drivers/tty/n_tty.o
  CC      drivers/misc/mediatek/flashlight/flashlight-device.o
  CC      drivers/misc/mediatek/flashlight/flashlights-rt4505.o
  CC      drivers/staging/android/ion/ion_chunk_heap.o
  CC      drivers/usb/class/usblp.o
  CC      drivers/misc/mediatek/eccci/fsm/ccci_fsm_ioctl.o
  CC      drivers/media/rc/keymaps/rc-zx-irdec.o
  CC      drivers/vibrator/common/sec_vibrator.o
  CC      drivers/misc/mediatek/freqhopping/fhctl_new/clk-fhctl-ap.o
  CC      drivers/misc/mediatek/flashlight/flashlights-s2mu005.o
  AR      drivers/misc/mediatek/connectivity/wmt_chrdev_wifi/wmt_chrdev_wifi.o
  AR      drivers/misc/mediatek/connectivity/wmt_chrdev_wifi/built-in.o
../drivers/misc/mediatek/connectivity/wmt_drv/Makefile:46: yumin: common 1
../drivers/misc/mediatek/connectivity/wmt_drv/Makefile:48: yumin: common 2
../drivers/misc/mediatek/connectivity/wmt_drv/Makefile:113: wmt_drv build-in boot.img
  CC      drivers/thermal/thermal_helpers.o
  CC      drivers/misc/mediatek/connectivity/wmt_drv/common_detect/wmt_detect_pwr.o
  AR      drivers/scsi/arm/built-in.o
  CC      drivers/scsi/sd.o
  AR      drivers/media/rc/keymaps/built-in.o
  AR      drivers/media/rc/built-in.o
  CC      drivers/misc/mediatek/freqhopping/fhctl_new/clk-fhctl-pll.o
  AR      drivers/media/built-in.o
  CC      drivers/staging/android/ion/ion_cma_heap.o
  CC      drivers/vibrator/dc/dc_vibrator.o
  AR      drivers/misc/mediatek/flashlight/flashlight.o
  AR      drivers/misc/mediatek/flashlight/built-in.o
  CC      drivers/staging/android/ion/mtk/ion_drv.o
  CC      drivers/misc/mediatek/connectivity/wlan_drv_gen2/common/wlan_bow.o
  CC      drivers/misc/mediatek/connectivity/fmradio_drv/core/fm_patch.o
  CC      drivers/misc/mediatek/connectivity/fmradio_drv/core/fm_utils.o
  CC      drivers/usb/class/cdc-wdm.o
  AR      drivers/misc/mediatek/freqhopping/fhctl_new/fhctl.o
  AR      drivers/misc/mediatek/freqhopping/fhctl_new/built-in.o
  AR      drivers/misc/mediatek/freqhopping/built-in.o
  CC      drivers/misc/mediatek/connectivity/wmt_drv/common_detect/wmt_detect.o
  CC      drivers/usb/common/common.o
  CC      drivers/thermal/thermal_hwmon.o
  AR      drivers/vibrator/dc/built-in.o
  CC      drivers/video/hdmi.o
  CC      drivers/misc/mediatek/eccci/fsm/ccci_fsm_monitor.o
  AR      drivers/vibrator/common/built-in.o
  CC      drivers/tty/tty_ioctl.o
  CC      drivers/misc/mediatek/eccci/hif/ccci_hif.o
  CC      drivers/watchdog/watchdog_core.o
  CC      drivers/video/backlight/lcd.o
  CC      drivers/misc/mediatek/connectivity/wmt_drv/common_detect/sdio_detect.o
  CC      drivers/misc/mediatek/connectivity/fmradio_drv/core/fm_link.o
  AR      drivers/usb/common/usb-common.o
  AR      drivers/usb/common/built-in.o
  CC      drivers/thermal/of-thermal.o
  CC      drivers/usb/core/usb.o
  CC      drivers/video/backlight/backlight.o
  CC      drivers/misc/mediatek/eccci/fsm/ccci_fsm_poller.o
  CC      drivers/watchdog/watchdog_dev.o
  CC      drivers/misc/mediatek/eccci/hif/ccci_hif_cldma.o
  CC      drivers/staging/android/ion/mtk/ion_mm_heap.o
  AR      drivers/usb/class/built-in.o
  CC      drivers/misc/mediatek/connectivity/fmradio_drv/core/fm_eint.o
  CC      drivers/misc/mediatek/connectivity/wmt_drv/common_detect/mtk_wcn_stub_alps.o
  CC      drivers/misc/mediatek/eccci/hif/ccci_hif_dpmaif.o
  CC      drivers/misc/mediatek/connectivity/wlan_drv_gen2/common/debug.o
  CC      drivers/tty/tty_ldisc.o
  CC      drivers/watchdog/softdog.o
  CC      drivers/misc/mediatek/connectivity/wlan_drv_gen2/common/wlan_p2p.o
  CC      drivers/misc/mediatek/connectivity/fmradio_drv/core/fm_cmd.o
MTK_GPU_VERSION 1 = rgx
  CC      drivers/misc/mediatek/gpu/ged/src/ged_ski.o
  CC      drivers/thermal/backward_compatible.o
  CC      drivers/misc/mediatek/eccci/fsm/ccci_fsm_scp.o
  CC      drivers/misc/mediatek/connectivity/wmt_drv/common_detect/wmt_gpio.o
  CC      drivers/misc/mediatek/connectivity/wlan_drv_gen2/common/fwcfg.o
  AR      drivers/scsi/scsi_mod.o
  AR      drivers/scsi/sd_mod.o
  AR      drivers/scsi/built-in.o
  AR      drivers/video/backlight/built-in.o
  CC      drivers/misc/mediatek/eccci/mixdev/mix_event.o
  CC      drivers/watchdog/mediatek/wdk/wd_common_drv.o
  CC      drivers/video/fbdev/core/fb_cmdline.o
  CC      drivers/usb/core/hub.o
  CC      drivers/misc/mediatek/gpu/ged/src/ged.o
  CC      drivers/misc/mediatek/connectivity/fmradio_drv/core/fm_reg_utils.o
  AR      drivers/thermal/broadcom/built-in.o
  AR      drivers/thermal/samsung/built-in.o
  AR      drivers/thermal/thermal_sys.o
  AR      drivers/thermal/built-in.o
  CC      drivers/staging/android/ion/mtk/ion_fb_heap.o
  CC      drivers/tty/tty_buffer.o
  CC      drivers/misc/mediatek/connectivity/wmt_drv/common_detect/drv_init/fm_drv_init.o
  CC      drivers/staging/android/ion/mtk/ion_sec_heap.o
  CC      drivers/misc/mediatek/eccci/fsm/ccci_fsm_ee.o
  CC      drivers/misc/mediatek/gpu/ged/src/ged_base.o
  CC      drivers/video/fbdev/core/fb_notify.o
  CC      drivers/misc/mediatek/connectivity/fmradio_drv/plat/legacy_wmt.o
  CC      drivers/watchdog/mediatek/wdk/wd_api.o
  CC      drivers/staging/android/ion/mtk/ion_profile.o
  CC      drivers/misc/mediatek/connectivity/wmt_drv/common_detect/drv_init/conn_drv_init.o
  CC      drivers/misc/mediatek/connectivity/wlan_drv_gen2/nic/nic.o
  CC      drivers/tty/tty_port.o
  CC      drivers/usb/gadget/usbstring.o
  AR      drivers/misc/mediatek/eccci/mixdev/mix_event_lib.o
  AR      drivers/misc/mediatek/eccci/mixdev/built-in.o
  CC      drivers/usb/misc/trancevibrator.o
  CC      drivers/misc/mediatek/gpu/ged/src/ged_main.o
  CC      drivers/misc/mediatek/connectivity/wlan_drv_gen2/nic/nic_tx.o
  CC      drivers/misc/mediatek/eccci/hif/dpmaif_drv.o
  AR      drivers/watchdog/mediatek/wdk/built-in.o
  CC      drivers/misc/mediatek/connectivity/wmt_drv/common_detect/drv_init/bluetooth_drv_init.o
  CC      drivers/staging/android/ion/mtk/ion_dma_reserved_heap.o
  CC      drivers/watchdog/mediatek/wdt/common/wdt_v2/mtk_wdt_v2.o
  CC      drivers/tty/tty_mutex.o
  CC      drivers/misc/mediatek/eccci/fsm/ccci_fsm_sys.o
  AR      drivers/usb/misc/built-in.o
  CC      drivers/misc/mediatek/connectivity/wmt_drv/common_detect/drv_init/wlan_drv_init.o
  CC      drivers/misc/mediatek/connectivity/fmradio_drv/dummy.o
  AR      drivers/misc/mediatek/connectivity/fmradio_drv/fmradio_drv.o
  AR      drivers/misc/mediatek/connectivity/fmradio_drv/built-in.o
  AR      drivers/misc/mediatek/connectivity/connadp.o
  AR      drivers/video/fbdev/omap2/omapfb/displays/built-in.o
  AR      drivers/video/fbdev/omap2/omapfb/dss/built-in.o
  AR      drivers/video/fbdev/omap2/omapfb/built-in.o
  AR      drivers/video/fbdev/omap2/built-in.o
  CC      drivers/misc/mediatek/gpu/ged/src/ged_sysfs.o
  CC      drivers/video/fbdev/core/fbmem.o
  CC      drivers/misc/mediatek/connectivity/wmt_drv/common_detect/drv_init/common_drv_init.o
  CC      drivers/usb/gadget/config.o
imgsensor drv by platform imx258_mipi_raw/ gc02m1_mipi_raw/
  CC      drivers/misc/mediatek/imgsensor/src/mt6739/../common/v1/imgsensor.o
  CC      drivers/tty/tty_ldsem.o
  CC      drivers/misc/mediatek/gpu/ged/src/ged_hal.o
  CC      drivers/misc/mediatek/connectivity/wmt_drv/common_detect/drv_init/gps_drv_init.o
  CC      drivers/staging/android/ion/mtk/ion_history.o
  CC      drivers/misc/mediatek/eccci/hif/net_speed_monitor.o
  CC      drivers/misc/mediatek/eccci/hif/ccci_ringbuf.o
*MTK_GPU_VERSION = rgx auckland 1.8ED
  CC      drivers/usb/core/hcd.o
[GPU_DEBUG] MTK_PLATFORM = mt6739
  CC      drivers/misc/mediatek/eccci/fsm/mdee_dumper_v1.o
  CC      drivers/misc/mediatek/connectivity/wmt_drv/common_main/platform/mt6739.o
  CC      drivers/misc/mediatek/gpu/gpu_rgx/m1.13ED5776728/generated/rogue/cache_bridge/server_cache_bridge.o
  CC      drivers/tty/tty_baudrate.o
  CC      drivers/misc/mediatek/gpu/ged/src/ged_log.o
  AR      drivers/watchdog/mediatek/wdt/common/wdt_v2/built-in.o
  AR      drivers/watchdog/mediatek/wdt/common/built-in.o
  AR      drivers/watchdog/mediatek/wdt/built-in.o
  AR      drivers/watchdog/mediatek/built-in.o
  AR      drivers/watchdog/watchdog.o
  AR      drivers/watchdog/built-in.o
  CC      drivers/misc/mediatek/eccci/mt6739/ccci_platform.o
  CC      drivers/misc/mediatek/eccci/fsm/mdee_dumper_v2.o
  CC      drivers/usb/gadget/epautoconf.o
  CC      drivers/misc/mediatek/gpu/gpu_rgx/m1.13ED5776728/generated/rogue/cache_bridge/client_cache_direct_bridge.o
  CC      drivers/staging/android/ion/mtk/ion_comm.o
  CC      drivers/misc/mediatek/connectivity/wlan_drv_gen2/nic/nic_rx.o
  CC      drivers/misc/mediatek/gpu/gpu_rgx/m1.13ED5776728/generated/rogue/rgxta3d_bridge/server_rgxta3d_bridge.o
  CC      drivers/misc/mediatek/eccci/hif/ccci_hif_ccif.o
  CC      drivers/tty/tty_jobctrl.o
  CC      drivers/usb/notify/usb_notify.o
  CC      drivers/video/fbdev/core/fbmon.o
  CC      drivers/misc/mediatek/connectivity/wmt_drv/common_main/platform/wmt_plat_alps.o
  CC      drivers/video/fbdev/core/fbcmap.o
  CC      drivers/misc/mediatek/io_boost/mtk_io_boost.o
  AR      drivers/misc/mediatek/io_boost/built-in.o
  CC      drivers/misc/mediatek/gpu/gpu_rgx/m1.13ED5776728/generated/rogue/sync_bridge/client_sync_direct_bridge.o
  AR      drivers/staging/android/ion/mtk/built-in.o
  AR      drivers/staging/android/ion/built-in.o
  AR      drivers/staging/android/built-in.o
  AR      drivers/staging/built-in.o
  CC      drivers/misc/mediatek/imgsensor/src/mt6739/../common/v1/imgsensor_hw.o
  CC      drivers/misc/mediatek/gpu/ged/src/ged_bridge.o
  CC      drivers/usb/gadget/composite.o
  CC      drivers/misc/mediatek/imgsensor/src/mt6739/../common/v1/imgsensor_i2c.o
  CC      drivers/misc/mediatek/eccci/fsm/mdee_dumper_v3.o
  CC      drivers/misc/mediatek/gpu/gpu_rgx/m1.13ED5776728/generated/rogue/sync_bridge/server_sync_bridge.o
  CC      drivers/misc/mediatek/gpu/ged/src/ged_monitor_3D_fence.o
  CC      drivers/misc/mediatek/gpu/ged/src/ged_notify_sw_vsync.o
  CC      drivers/misc/mediatek/eccci/mt6739/md_sys1_platform.o
  CC      drivers/usb/core/urb.o
  CC      drivers/tty/n_null.o
  CC      drivers/misc/mediatek/jpeg/v2/jpeg_drv_enc.o
  CC      drivers/misc/mediatek/gpu/gpu_rgx/m1.13ED5776728/generated/rogue/synctracking_bridge/client_synctracking_direct_bridge.o
  CC      drivers/misc/mediatek/lcm/mt65xx_lcm_list.o
  CC      drivers/misc/mediatek/gpu/ged/src/ged_hashtable.o
  CC      drivers/misc/mediatek/imgsensor/src/mt6739/../common/v1/imgsensor_legacy.o
  CC      drivers/misc/mediatek/lcm/lcm_common.o
  CC      drivers/tty/pty.o
  CC      drivers/misc/mediatek/lcm/lcm_gpio.o
  CC      drivers/misc/mediatek/connectivity/wmt_drv/common_main/platform/mtk_wcn_consys_hw.o
  CC      drivers/misc/mediatek/gpu/gpu_rgx/m1.13ED5776728/generated/rogue/synctracking_bridge/server_synctracking_bridge.o
  CC      drivers/misc/mediatek/gpu/hal/mtk_gpu_utility.o
  CC      drivers/misc/mediatek/gpu/ged/src/ged_thread.o
  CC      drivers/video/fbdev/core/fbsysfs.o
  CC      drivers/misc/mediatek/connectivity/wlan_drv_gen2/nic/nic_pwr_mgt.o
  CC      drivers/usb/notify/usb_notify_sysfs.o
  CC      drivers/misc/mediatek/eccci/fsm/mdee_dumper_v5.o
  CC      drivers/misc/mediatek/jpeg/v2/jpeg_drv_dec.o
  CC      drivers/misc/mediatek/lcm/lcm_i2c.o
  CC      drivers/misc/mediatek/lcm/lcm_pmic.o
  CC      drivers/misc/mediatek/gpu/ged/src/ged_ge.o
  AR      drivers/misc/mediatek/eccci/hif/ccci_hif_all.o
  AR      drivers/misc/mediatek/eccci/hif/built-in.o
  CC      drivers/usb/phy/phy.o
  CC      drivers/misc/mediatek/imgsensor/src/mt6739/../common/v1/imgsensor_proc.o
  CC      drivers/misc/mediatek/gpu/gpu_rgx/m1.13ED5776728/generated/rogue/srvcore_bridge/server_srvcore_bridge.o
  CC      drivers/misc/mediatek/lcm/lcm_util.o
  CC      drivers/misc/mediatek/lcm/smcdsd_panel/panels/../smcdsd_panel_init.o
  CC      drivers/misc/mediatek/jpeg/v2/jpeg_drv.o
  CC      drivers/usb/core/message.o
  AR      drivers/misc/mediatek/gpu/hal/hal.o
  AR      drivers/misc/mediatek/gpu/hal/built-in.o
  CC      drivers/usb/gadget/functions.o
  CC      drivers/tty/tty_audit.o
  CC      drivers/misc/mediatek/eccci/mt6739/ccif_c2k_platform.o
  CC      drivers/misc/mediatek/gpu/ged/src/ged_dvfs.o
  CC      drivers/misc/mediatek/gpu/gpu_rgx/m1.13ED5776728/generated/rogue/devicememhistory_bridge/client_devicememhistory_direct_bridge.o
  CC      drivers/misc/mediatek/imgsensor/src/mt6739/../common/v1/imgsensor_sensor_list.o
  AR      drivers/misc/mediatek/eccci/fsm/ccci_fsm_all.o
  AR      drivers/misc/mediatek/eccci/fsm/built-in.o
  CC      drivers/misc/mediatek/gpu/ged/src/ged_gpu_tuner.o
  CC      drivers/misc/mediatek/eccci/port/port_cfg.o
  CC      drivers/misc/mediatek/gpu/gpu_rgx/m1.13ED5776728/generated/rogue/devicememhistory_bridge/server_devicememhistory_bridge.o
  CC      drivers/usb/notify/dock_notify.o
  CC      drivers/video/fbdev/core/modedb.o
  CC      drivers/tty/sysrq.o
  CC      drivers/misc/mediatek/connectivity/wmt_drv/common_main/platform/mtk_wcn_cmb_hw.o
  CC      drivers/usb/phy/of.o
  CC      drivers/misc/mediatek/connectivity/wlan_drv_gen2/nic/cmd_buf.o
  AR      drivers/misc/mediatek/jpeg/v2/jpeg_driver.o
  AR      drivers/misc/mediatek/jpeg/v2/built-in.o
  AR      drivers/misc/mediatek/jpeg/built-in.o
  CC      drivers/misc/mediatek/leds/mtk_leds_drv.o
  CC      drivers/usb/gadget/configfs.o
  CC      drivers/misc/mediatek/gpu/ged/src/ged_kpi.o
  CC      drivers/misc/mediatek/gpu/gpu_rgx/m1.13ED5776728/generated/rogue/rgxcmp_bridge/server_rgxcmp_bridge.o
  CC      drivers/misc/mediatek/lcm/smcdsd_panel/panels/../smcdsd_panel.o
  CC      drivers/misc/mediatek/imgsensor/src/mt6739/../common/sysfs/imgsensor_sysfs.o
  CC      drivers/usb/serial/usb-serial.o
  AR      drivers/misc/mediatek/eccci/mt6739/ccci.o
  AR      drivers/misc/mediatek/eccci/mt6739/built-in.o
  CC      drivers/misc/mediatek/eccci/udc/udc.o
  CC      drivers/misc/mediatek/connectivity/wmt_drv/common_main/core/wmt_ic_6628.o
  CC      drivers/misc/mediatek/eccci/port/port_char.o
  CC      drivers/usb/phy/phy-generic.o
  CC      drivers/usb/notify/host_notify_class.o
  CC      drivers/misc/mediatek/gpu/gpu_rgx/m1.13ED5776728/generated/rogue/rgxhwperf_bridge/server_rgxhwperf_bridge.o
  AR      drivers/misc/mediatek/eccci/udc/built-in.o
  AR      drivers/misc/mediatek/eccci/ccci.o
  CC      drivers/misc/mediatek/leds/mt6739/mtk_leds.o
  CC      drivers/usb/core/driver.o
  CC      drivers/misc/mediatek/lcm/smcdsd_panel/panels/../smcdsd_board.o
  CC      drivers/video/fbdev/core/fbcvt.o
  AR      drivers/tty/ipwireless/built-in.o
  CC      drivers/misc/mediatek/connectivity/wlan_drv_gen2/nic/que_mgt.o
  CC      drivers/misc/mediatek/gpu/gpu_rgx/m1.13ED5776728/generated/rogue/rgxfwdbg_bridge/server_rgxfwdbg_bridge.o
  CC      drivers/video/fbdev/core/fb_defio.o
  CC      drivers/tty/serial/serial_core.o
  CC      drivers/misc/mediatek/connectivity/wmt_drv/common_main/core/wmt_conf.o
  CC      drivers/usb/notify/usblog_proc_notify.o
  CC      drivers/misc/mediatek/gpu/gpu_rgx/m1.13ED5776728/generated/rogue/rgxbreakpoint_bridge/server_rgxbreakpoint_bridge.o
  CC      drivers/usb/gadget/u_f.o
  AR      drivers/usb/phy/built-in.o
  CC      drivers/usb/storage/scsiglue.o
  AR      drivers/misc/mediatek/leds/mt6739/built-in.o
  AR      drivers/misc/mediatek/leds/built-in.o
  CC      drivers/misc/mediatek/eccci/port/port_ctlmsg.o
  CC      drivers/misc/mediatek/lens/main/main_lens.o
  CC      drivers/usb/serial/generic.o
  CC      drivers/misc/mediatek/gpu/gpu_rgx/m1.13ED5776728/generated/rogue/rgxregconfig_bridge/server_rgxregconfig_bridge.o
  CC      drivers/misc/mediatek/imgsensor/src/mt6739/../common/sysfs/imgsensor_vendor.o
  CC      drivers/misc/mediatek/connectivity/wmt_drv/common_main/core/stp_core.o
  CC      drivers/usb/gadget/function/f_acm.o
  CC      drivers/misc/mediatek/lcm/smcdsd_panel/panels/../smcdsd_notify.o
  CC      drivers/video/fbdev/core/cfbfillrect.o
  CC      drivers/usb/core/config.o
  CC      drivers/misc/mediatek/gpu/gpu_rgx/m1.13ED5776728/generated/rogue/htbuffer_bridge/client_htbuffer_direct_bridge.o
  AR      drivers/misc/mediatek/gpu/ged/ged.o
  AR      drivers/misc/mediatek/gpu/ged/built-in.o
  AR      drivers/usb/gadget/legacy/built-in.o
imgsensor drv by project gc5035_mipi_raw/
  CC      drivers/misc/mediatek/imgsensor/src/mt6739/../common/sysfs/crc32.o
  CC      drivers/usb/gadget/udc/core.o
  CC      drivers/misc/mediatek/imgsensor/src/mt6739/camera_project/aau_v02/camera_hw/gpio/gpio.o
  CC      drivers/misc/mediatek/eccci/port/port_udc.o
  CC      drivers/misc/mediatek/imgsensor/src/mt6739/../common/sysfs/imgsensor_vendor_rom_config.o
  CC      drivers/misc/mediatek/gpu/gpu_rgx/m1.13ED5776728/generated/rogue/htbuffer_bridge/server_htbuffer_bridge.o
  CC      drivers/misc/mediatek/lens/main/common/ak7371af/AK7371AF.o
  CC      drivers/misc/mediatek/imgsensor/src/mt6739/../common/sysfs/imgsensor_vendor_rom_config_aau_v02.o
  CC      drivers/usb/gadget/function/u_serial.o
  CC      drivers/usb/storage/protocol.o
  CC      drivers/misc/mediatek/imgsensor/src/mt6739/../common/sysfs/imgsensor_eeprom_rear_imx258_v008.o
  CC      drivers/misc/mediatek/gpu/gpu_rgx/m1.13ED5776728/generated/rogue/cmm_bridge/server_cmm_bridge.o
  AR      drivers/misc/mediatek/imgsensor/src/mt6739/camera_project/aau_v02/camera_hw/gpio/built-in.o
  CC      drivers/usb/serial/bus.o
  CC      drivers/misc/mediatek/imgsensor/src/mt6739/camera_project/aau_v02/camera_hw/mclk/mclk.o
  AR      drivers/misc/mediatek/lens/main/common/ak7371af/built-in.o
  CC      drivers/misc/mediatek/lens/main/common/bu63169af/BU63169AF.o
  CC      drivers/misc/mediatek/imgsensor/src/mt6739/../common/sysfs/imgsensor_eeprom_rear2_gc02m1_v008.o
  AR      drivers/tty/serial/built-in.o
  AR      drivers/tty/vt/built-in.o
  AR      drivers/tty/built-in.o
  CC      drivers/video/fbdev/core/cfbcopyarea.o
  CC      drivers/misc/mediatek/connectivity/wlan_drv_gen2/nic/nic_cmd_event.o
  CC      drivers/misc/mediatek/lcm/smcdsd_panel/panels/../smcdsd_abd.o
  CC      drivers/usb/notify/usb_notifier.o
  CC      drivers/misc/mediatek/gpu/gpu_rgx/m1.13ED5776728/generated/rogue/rgxtq_bridge/server_rgxtq_bridge.o
  CC      drivers/misc/mediatek/imgsensor/src/mt6739/../common/sysfs/imgsensor_otp_front_gc5035_v008.o
  CC      drivers/usb/core/file.o
  CC      drivers/misc/mediatek/eccci/port/port_ipc.o
  AR      drivers/misc/mediatek/imgsensor/src/mt6739/../common/sysfs/ROM_CONFIG_FILE
  AR      drivers/misc/mediatek/imgsensor/src/mt6739/../common/sysfs/built-in.o
  CC      drivers/misc/mediatek/connectivity/wmt_drv/common_main/core/wmt_ctrl.o
  CC      drivers/usb/core/buffer.o
  AR      drivers/misc/mediatek/imgsensor/src/mt6739/camera_project/aau_v02/camera_hw/mclk/built-in.o
  CC      drivers/misc/mediatek/imgsensor/src/mt6739/camera_project/aau_v02/camera_hw/regulator/regulator.o
  AR      drivers/usb/serial/usbserial.o
  AR      drivers/usb/serial/built-in.o
  CC      drivers/misc/mediatek/lens/main/common/bu63169af/OIS_func.o
  CC      drivers/misc/mediatek/log_store/log_store.o
  CC      drivers/usb/storage/transport.o
  CC      drivers/misc/mediatek/lens/main/common/bu63169af/OIS_main.o
  AR      drivers/usb/notify/usb_notify_layer.o
  AR      drivers/usb/notify/built-in.o
  CC      drivers/usb/core/sysfs.o
  CC      drivers/misc/mediatek/lens/main/common/bu63169af/OIS_user.o
  CC      drivers/misc/mediatek/gpu/gpu_rgx/m1.13ED5776728/generated/rogue/mm_bridge/client_mm_direct_bridge.o
  AR      drivers/misc/mediatek/lens/main/common/bu63169af/built-in.o
  CC      drivers/misc/mediatek/lens/main/common/bu6424af/BU6424AF.o
  CC      drivers/usb/gadget/function/f_serial.o
  CC      drivers/usb/gadget/udc/trace.o
  CC      drivers/video/fbdev/core/cfbimgblt.o
  CC      drivers/misc/mediatek/connectivity/wmt_drv/common_main/core/wmt_func.o
  AR      drivers/misc/mediatek/imgsensor/src/mt6739/camera_project/aau_v02/camera_hw/regulator/built-in.o
  CC      drivers/misc/mediatek/imgsensor/src/mt6739/camera_project/aau_v02/gc5035_mipi_raw/gc5035mipiraw_Sensor.o
  CC      drivers/misc/mediatek/imgsensor/src/mt6739/camera_project/aau_v02/camera_hw/imgsensor_cfg_table.o
  CC      drivers/usb/core/endpoint.o
  CC      drivers/misc/mediatek/gpu/gpu_rgx/m1.13ED5776728/generated/rogue/mm_bridge/server_mm_bridge.o
  CC      drivers/misc/mediatek/eccci/port/port_net.o
  CC      drivers/misc/mediatek/connectivity/wmt_drv/common_main/core/wmt_core.o
  AR      drivers/misc/mediatek/log_store/built-in.o
  AR      drivers/misc/mediatek/lens/main/common/bu6424af/built-in.o
  CC      drivers/misc/mediatek/lens/main/common/bu64253gwzaf/BU64253GWZAF.o
  CC      drivers/misc/mediatek/m4u/2.0/m4u.o
  CC      drivers/usb/gadget/function/u_ether.o
  CC      drivers/misc/mediatek/connectivity/wlan_drv_gen2/nic/p2p_nic.o
  CC      drivers/misc/mediatek/lcm/smcdsd_panel/panels/a02_nt36525b_ctc.o
  CC      drivers/usb/core/devio.o
  AR      drivers/misc/mediatek/imgsensor/src/mt6739/camera_project/aau_v02/camera_hw/built-in.o
  CC      drivers/misc/mediatek/imgsensor/src/mt6739/gc02m1_mipi_raw/gc02m1mipiraw_Sensor.o
  CC      drivers/usb/core/notify.o
  AR      drivers/usb/gadget/udc/udc-core.o
  AR      drivers/usb/gadget/udc/built-in.o
  CC      drivers/misc/mediatek/connectivity/wmt_drv/common_main/core/psm_core.o
  CC      drivers/usb/storage/usb.o
  AR      drivers/misc/mediatek/lens/main/common/bu64253gwzaf/built-in.o
  CC      drivers/misc/mediatek/lens/main/common/bu6429af/BU6429AF.o
  CC      drivers/video/fbdev/core/sysfillrect.o
  CC      drivers/misc/mediatek/gpu/gpu_rgx/m1.13ED5776728/generated/rogue/rgxkicksync_bridge/server_rgxkicksync_bridge.o
  CC      drivers/usb/gadget/function/f_rndis.o
  CC      drivers/misc/mediatek/eccci/port/port_poller.o
  AR      drivers/misc/mediatek/lens/main/common/bu6429af/built-in.o
  CC      drivers/misc/mediatek/lens/main/common/bu64748af/bu64748_function.o
  AR      drivers/misc/mediatek/imgsensor/src/mt6739/camera_project/aau_v02/gc5035_mipi_raw/built-in.o
  AR      drivers/misc/mediatek/imgsensor/src/mt6739/camera_project/aau_v02/built-in.o
  CC      drivers/usb/core/generic.o
  CC      drivers/misc/mediatek/imgsensor/src/mt6739/imx258_mipi_raw/imx258_pdafotp.o
  CC      drivers/misc/mediatek/gpu/gpu_rgx/m1.13ED5776728/generated/rogue/pvrtl_bridge/server_pvrtl_bridge.o
  CC      drivers/misc/mediatek/imgsensor/src/mt6739/gc02m1_mipi_raw/gc02m1_eeprom.o
  CC      drivers/misc/mediatek/lcm/smcdsd_panel/panels/a02_ili7806s_tianma.o
  CC      drivers/misc/mediatek/connectivity/wlan_drv_gen2/os/linux/gl_init.o
  CC      drivers/misc/mediatek/lens/main/common/bu64748af/bu64748af.o
  CC      drivers/misc/mediatek/imgsensor/src/mt6739/imx258_mipi_raw/imx258mipiraw_Sensor.o
  AR      drivers/misc/mediatek/imgsensor/src/mt6739/gc02m1_mipi_raw/built-in.o
  CC      drivers/misc/mediatek/m4u/mt6739/m4u_hw.o
  CC      drivers/misc/mediatek/gpu/gpu_rgx/m1.13ED5776728/generated/rogue/pvrtl_bridge/client_pvrtl_direct_bridge.o
  CC      drivers/video/fbdev/core/syscopyarea.o
  CC      drivers/misc/mediatek/eccci/port/port_proxy.o
  CC      drivers/misc/mediatek/lens/main2/main2_lens.o
  CC      drivers/misc/mediatek/m4u/2.0/m4u_mva.o
  CC      drivers/usb/storage/initializers.o
  AR      drivers/misc/mediatek/lens/main/common/bu64748af/built-in.o
  CC      drivers/misc/mediatek/lens/main/common/dw9714af/DW9714AF.o
  CC      drivers/misc/mediatek/gpu/gpu_rgx/m1.13ED5776728/generated/rogue/rgxsignals_bridge/server_rgxsignals_bridge.o
  CC      drivers/usb/core/quirks.o
  CC      drivers/misc/mediatek/m4u/2.0/m4u_pgtable.o
  CC      drivers/misc/mediatek/connectivity/wmt_drv/common_main/core/wmt_ic_soc.o
  CC      drivers/misc/mediatek/lcm/smcdsd_panel/panels/a02_nt36675_csot.o
  CC      drivers/usb/gadget/function/rndis.o
  CC      drivers/misc/mediatek/gpu/gpu_rgx/m1.13ED5776728/generated/rogue/rgxtq2_bridge/server_rgxtq2_bridge.o
  AR      drivers/misc/mediatek/lens/main/common/dw9714af/built-in.o
  CC      drivers/misc/mediatek/lens/main2/common/ak7371af/AK7371AF.o
  CC      drivers/misc/mediatek/lens/main/common/dw9718af/DW9718AF.o
  CC      drivers/usb/core/devices.o
  AR      drivers/usb/gadget/libcomposite.o
  CC      drivers/misc/mediatek/lcm/smcdsd_panel/panels/a02_nt36525b_boe.o
  CC      drivers/usb/storage/sierra_ms.o
  CC      drivers/video/fbdev/core/sysimgblt.o
  CC      drivers/misc/mediatek/connectivity/wlan_drv_gen2/os/linux/gl_kal.o
  AR      drivers/misc/mediatek/lens/main/common/dw9718af/built-in.o
  CC      drivers/misc/mediatek/lens/main/common/dw9718saf/DW9718SAF.o
  AR      drivers/misc/mediatek/lens/main2/common/ak7371af/built-in.o
  CC      drivers/misc/mediatek/gpu/gpu_rgx/m1.13ED5776728/generated/rogue/dmabuf_bridge/server_dmabuf_bridge.o
  CC      drivers/misc/mediatek/lens/main2/common/ak7374af/AK7374AF.o
  CC      drivers/misc/mediatek/m4u/2.0/m4u_debug.o
  CC      drivers/misc/mediatek/masp/asfv2/core/sec_boot_core.o
  CC      drivers/usb/storage/option_ms.o
  AR      drivers/misc/mediatek/m4u/mt6739/built-in.o
  CC      drivers/misc/mediatek/imgsensor/src/mt6739/imgsensor_clk.o
  CC      drivers/usb/core/port.o
  AR      drivers/misc/mediatek/lens/main2/common/ak7374af/built-in.o
  AR      drivers/misc/mediatek/lens/main/common/dw9718saf/built-in.o
  CC      drivers/misc/mediatek/lens/main2/common/bu64748af/bu64748_function.o
  CC      drivers/misc/mediatek/lens/main/common/dw9718taf/DW9718TAF.o
  CC      drivers/misc/mediatek/lcm/smcdsd_panel/panels/a02_td4150.o
  CC      drivers/misc/mediatek/masp/asfv2/core/sec_mod_core.o
  CC      drivers/misc/mediatek/gpu/gpu_rgx/m1.13ED5776728/services/system/rogue/rgx_mtk/ion_support.o
  CC      drivers/misc/mediatek/gpu/gpu_rgx/m1.13ED5776728/services/system/rogue/rgx_mtk/sysconfig.o
  AR      drivers/misc/mediatek/imgsensor/src/mt6739/imx258_mipi_raw/built-in.o
  CC      drivers/usb/storage/usual-tables.o
  CC      drivers/misc/mediatek/lens/main2/common/bu64748af/bu64748af.o
  CC      drivers/video/fbdev/core/fb_sys_fops.o
  AR      drivers/misc/mediatek/imgsensor/src/mt6739/built-in.o
  AR      drivers/misc/mediatek/imgsensor/src/built-in.o
  CC      drivers/misc/mediatek/connectivity/wmt_drv/common_main/core/wmt_lib.o
  CC      drivers/misc/mediatek/lens/main3/main3_lens.o
  CC      drivers/usb/gadget/function/f_fs.o
  AR      drivers/misc/mediatek/m4u/2.0/built-in.o
  AR      drivers/misc/mediatek/m4u/built-in.o
  CC      drivers/misc/mediatek/masp/asfv2/core/sec_osal.o
  CC      drivers/misc/mediatek/eccci/port/port_rpc.o
  AR      drivers/misc/mediatek/lens/main/common/dw9718taf/built-in.o
  CC      drivers/misc/mediatek/connectivity/wlan_drv_gen2/os/linux/gl_bow.o
  CC      drivers/misc/mediatek/lens/main/common/dw9719taf/DW9719TAF.o
  CC      drivers/usb/core/of.o
  CC      drivers/misc/mediatek/lens/main2/common/dw9718taf/DW9718TAF.o
  CC      drivers/misc/mediatek/gpu/gpu_rgx/m1.13ED5776728/services/system/rogue/rgx_mtk/mt6739/mtk_mfgsys.o
  CC      drivers/usb/storage/alauda.o
  CC      drivers/misc/mediatek/mdp/mdp_ioctl_ex.o
  AR      drivers/misc/mediatek/lens/main2/common/bu64748af/built-in.o
  CC      drivers/misc/mediatek/lens/main2/common/dw9800waf/DW9800WAF.o
  AR      drivers/misc/mediatek/lens/main/common/dw9719taf/built-in.o
  CC      drivers/misc/mediatek/lens/main/common/dw9800waf/DW9800WAF.o
  CC      drivers/misc/mediatek/lens/main3/common/bu24253af/BU24253AF.o
  CC      drivers/misc/mediatek/lcm/smcdsd_panel/panels/a02_ili9882n_boe.o
  AR      drivers/misc/mediatek/lens/main2/common/dw9718taf/built-in.o
  CC      drivers/misc/mediatek/memory-amms/memory-amms.o
  CC      drivers/misc/mediatek/masp/asfv2/core/sec_legacy.o
  AR      drivers/usb/core/usbcore.o
  AR      drivers/video/fbdev/core/fb.o
  AR      drivers/video/fbdev/core/built-in.o
  AR      drivers/usb/core/built-in.o
  CC      drivers/usb/gadget/function/f_midi.o
  AR      drivers/video/fbdev/built-in.o
  AR      drivers/video/built-in.o
  CC      drivers/misc/mediatek/connectivity/wlan_drv_gen2/os/linux/gl_wext.o
  AR      drivers/misc/mediatek/lens/main2/common/dw9800waf/built-in.o
  CC      drivers/misc/mediatek/lens/main2/common/gt9772af/GT9772AF.o
  AR      drivers/misc/mediatek/lens/main3/common/bu24253af/built-in.o
  CC      drivers/misc/mediatek/lens/main3/common/gt9772af/GT9772AF.o
  AR      drivers/misc/mediatek/lens/main/common/dw9800waf/built-in.o
  CC      drivers/misc/mediatek/masp/asfv2/module/sec_mod.o
  CC      drivers/misc/mediatek/lens/main/common/dw9814af/DW9814AF.o
  CC      drivers/misc/mediatek/eccci/port/port_smem.o
  CC      drivers/misc/mediatek/connectivity/wlan_drv_gen2/os/linux/gl_wext_priv.o
  CC      drivers/misc/mediatek/gpu/gpu_rgx/m1.13ED5776728/services/system/rogue/rgx_mtk/mtk_pp.o
  AR      drivers/misc/mediatek/lens/main2/common/gt9772af/built-in.o
  CC      drivers/misc/mediatek/lens/main2/common/lc898212xdaf_f/LC898212XDAF_F.o
  CC      drivers/misc/mediatek/lens/sub/sub_lens.o
  AR      drivers/misc/mediatek/lens/main3/common/gt9772af/built-in.o
  AR      drivers/misc/mediatek/lens/main3/built-in.o
  CC      drivers/misc/mediatek/lcm/smcdsd_panel/panels/a02_ili9882q_boe.o
  CC      drivers/misc/mediatek/eccci/port/port_sysmsg.o
  AR      drivers/misc/mediatek/lens/main/common/dw9814af/built-in.o
  CC      drivers/misc/mediatek/lens/main/common/dw9825af_ois_mcu/DW9825AF_OIS_MCU.o
  CC      drivers/usb/storage/cypress_atacb.o
  CC      drivers/misc/mediatek/mdp/mdp_m4u.o
  CC      drivers/misc/mediatek/masp/asfv2/module/sec_clk.o
  CC      drivers/usb/gadget/function/f_hid.o
  CC      drivers/misc/mediatek/gpu/gpu_rgx/m1.13ED5776728/services/system/rogue/common/vmm_type_stub.o
  CC      drivers/misc/mediatek/connectivity/wmt_drv/common_main/core/wmt_ic_6620.o
  CC      drivers/misc/mediatek/lens/sub/common/ak7371af/AK7371AF.o
  AR      drivers/misc/mediatek/lens/main/common/dw9825af_ois_mcu/built-in.o
  CC      drivers/misc/mediatek/lens/main/common/dw9839af/DW9839AF.o
  CC      drivers/misc/mediatek/gpu/gpu_rgx/m1.13ED5776728/services/system/rogue/common/env/linux/interrupt_support.o
  CC      drivers/misc/mediatek/masp/asfv2/mach/hacc_lib.o
  CC      drivers/misc/mediatek/lens/main2/common/lc898212xdaf_f/LC89821x_STMV.o
  AR      drivers/misc/mediatek/mdp/built-in.o
  CC      drivers/misc/mediatek/memory-ssmr/memory_ssmr.o
  CC      drivers/misc/mediatek/eccci/port/ccci_swtp.o
  CC      drivers/usb/storage/datafab.o
  AR      drivers/misc/mediatek/memory-amms/built-in.o
  CC      drivers/misc/mediatek/gpu/gpu_rgx/m1.13ED5776728/services/system/rogue/common/env/linux/dma_support.o
  CC      drivers/misc/mediatek/masp/asfv2/mach/hacc_export.o
  AR      drivers/misc/mediatek/lens/main2/common/lc898212xdaf_f/built-in.o
  CC      drivers/misc/mediatek/lens/main2/common/lc898217af/LC898217AF.o
  AR      drivers/misc/mediatek/lcm/smcdsd_panel/panels/built-in.o
  AR      drivers/misc/mediatek/lcm/smcdsd_panel/built-in.o
  AR      drivers/misc/mediatek/lcm/built-in.o
  AR      drivers/misc/mediatek/lens/sub/common/ak7371af/built-in.o
  CC      drivers/misc/mediatek/met_drv/met_api.o
  CC      drivers/misc/mediatek/lens/sub/common/bu6424af/BU6424AF.o
  AR      drivers/misc/mediatek/lens/main/common/dw9839af/built-in.o
  CC      drivers/misc/mediatek/lens/main/common/fp5510e2af/FP5510E2AF.o
  CC      drivers/misc/mediatek/lens/main2/common/lc898217afa/LC898217AFA.o
  CC      drivers/misc/mediatek/masp/asfv2/mach/hacc_hk.o
  CC      drivers/usb/gadget/function/f_dm.o
  CC      drivers/usb/gadget/function/f_mtp_samsung.o
  CC      drivers/misc/mediatek/connectivity/wmt_drv/common_main/core/stp_exp.o
  CC      drivers/misc/mediatek/masp/asfv2/mach/hacc_sk.o
  CC      drivers/misc/mediatek/connectivity/wlan_drv_gen2/os/linux/gl_rst.o
  AR      drivers/misc/mediatek/lens/main2/common/lc898217af/built-in.o
  CC      drivers/usb/storage/freecom.o
  AR      drivers/misc/mediatek/lens/sub/common/bu6424af/built-in.o
  CC      drivers/misc/mediatek/lens/sub/common/bu6429af/BU6429AF.o
  AR      drivers/misc/mediatek/eccci/port/ccci_port.o
  AR      drivers/misc/mediatek/eccci/port/built-in.o
  CC      drivers/misc/mediatek/lens/sub2/sub2_lens.o
  AR      drivers/misc/mediatek/eccci/built-in.o
  CC      drivers/misc/mediatek/mlog/mlog_logger.o
  AR      drivers/misc/mediatek/lens/main/common/fp5510e2af/built-in.o
  CC      drivers/misc/mediatek/masp/asfv2/mach/sec_lib.o
  CC      drivers/misc/mediatek/lens/main/common/fp5519af/FP5519AF.o
  CC      drivers/misc/mediatek/gpu/gpu_rgx/m1.13ED5776728/services/server/devices/rgxtimecorr.o
  AR      drivers/misc/mediatek/lens/main2/common/lc898217afa/built-in.o
  CC      drivers/misc/mediatek/lens/main2/common/lc898217afb/LC898217AFB.o
  CC      drivers/usb/gadget/function/f_ptp.o
  AR      drivers/misc/mediatek/memory-ssmr/built-in.o
  CC      drivers/misc/mediatek/connectivity/wlan_drv_gen2/os/linux/gl_cfg80211.o
  CC      drivers/misc/mediatek/mmdvfs/mmdvfs_pmqos.o
  CC      drivers/misc/mediatek/masp/asfv2/mach/mt6739/security_ao.o
  AR      drivers/misc/mediatek/lens/sub/common/bu6429af/built-in.o
  CC      drivers/misc/mediatek/lens/sub/common/dw9714af/DW9714AF.o
  CC      drivers/misc/mediatek/gpu/gpu_rgx/m1.13ED5776728/services/server/devices/rgxfwdbg.o
  AR      drivers/misc/mediatek/lens/sub2/built-in.o
  CC      drivers/usb/gadget/function/f_audio_source.o
  CC      drivers/usb/storage/isd200.o
  AR      drivers/misc/mediatek/lens/main/common/fp5519af/built-in.o
  CC      drivers/misc/mediatek/lens/main/common/fp5529af/FP5529AF.o
  CC      drivers/misc/mediatek/connectivity/wmt_drv/common_main/core/wmt_ic_6632.o
  AR      drivers/misc/mediatek/lens/main2/common/lc898217afb/built-in.o
  CC      drivers/misc/mediatek/lens/main2/common/lc898217afc/LC898217AFC.o
  CC      drivers/misc/mediatek/mtprintk/mtk_printk_ctrl.o
  CC      drivers/misc/mediatek/connectivity/wmt_drv/common_main/core/wmt_exp.o
  AR      drivers/misc/mediatek/masp/sec.o
  AR      drivers/misc/mediatek/masp/built-in.o
  CC      drivers/usb/gadget/function/f_accessory.o
  AR      drivers/misc/mediatek/lens/sub/common/dw9714af/built-in.o
  CC      drivers/misc/mediatek/gpu/gpu_rgx/m1.13ED5776728/services/server/devices/rgxshader.o
  CC      drivers/misc/mediatek/lens/sub/common/dw9718af/DW9718AF.o
  AR      drivers/misc/mediatek/met_drv/built-in.o
  CC      drivers/misc/mediatek/mtprof/bootprof.o
  CC      drivers/misc/mediatek/connectivity/wlan_drv_gen2/os/linux/gl_vendor.o
  AR      drivers/misc/mediatek/lens/main/common/fp5529af/built-in.o
  CC      drivers/misc/mediatek/lens/main/common/gt9764af/GT9764AF.o
  AR      drivers/misc/mediatek/mlog/built-in.o
  CC      drivers/misc/mediatek/gpu/gpu_rgx/m1.13ED5776728/services/server/devices/rgxfwtrace_strings.o
  AR      drivers/misc/mediatek/lens/main2/common/lc898217afc/built-in.o
  AR      drivers/misc/mediatek/lens/main2/built-in.o
  CC      drivers/usb/storage/jumpshot.o
  CC      drivers/misc/mediatek/connectivity/wmt_drv/common_main/core/btm_core.o
  CC      drivers/misc/mediatek/gpu/gpu_rgx/m1.13ED5776728/services/server/devices/rogue/rgxutils.o
  AR      drivers/misc/mediatek/mtprintk/built-in.o
  CC      drivers/misc/mediatek/partition/mtk_partition.o
  CC      drivers/usb/gadget/function/f_conn_gadget.o
  AR      drivers/misc/mediatek/lens/sub/common/dw9718af/built-in.o
  CC      drivers/misc/mediatek/lens/sub/common/dw9814af/DW9814AF.o
  CC      drivers/usb/gadget/function/multi_config.o
  CC      drivers/misc/mediatek/connectivity/wmt_drv/common_main/core/wmt_ic_6630.o
  CC      drivers/usb/storage/karma.o
  AR      drivers/misc/mediatek/lens/main/common/gt9764af/built-in.o
  CC      drivers/misc/mediatek/gpu/gpu_rgx/m1.13ED5776728/services/server/devices/rogue/rgxhwperf.o
  CC      drivers/misc/mediatek/lens/main/common/lc898122af/LC898122AF.o
  CC      drivers/misc/mediatek/mtprof/common.o
  AR      drivers/misc/mediatek/lens/sub/common/dw9814af/built-in.o
  CC      drivers/misc/mediatek/lens/sub/common/lc898214af/LC898214AF.o
  CC      drivers/misc/mediatek/connectivity/wmt_drv/common_main/linux/hif_sdio.o
  CC      drivers/misc/mediatek/gpu/gpu_rgx/m1.13ED5776728/services/server/devices/rogue/rgxfwimageutils.o
  AR      drivers/misc/mediatek/partition/built-in.o
  CC      drivers/misc/mediatek/perf/perf_common.o
  CC      drivers/usb/storage/onetouch.o
  CC      drivers/misc/mediatek/connectivity/wmt_drv/common_main/linux/stp_dbg_soc.o
  CC      drivers/misc/mediatek/lens/main/common/lc898122af/OisCmd.o
  CC      drivers/usb/storage/sddr09.o
  CC      drivers/misc/mediatek/connectivity/wlan_drv_gen2/os/linux/platform.o
  CC      drivers/misc/mediatek/connectivity/wmt_drv/common_main/linux/stp_dbg_combo.o
  AR      drivers/misc/mediatek/lens/sub/common/lc898214af/built-in.o
  CC      drivers/misc/mediatek/lens/sub/common/wv511aaf/WV511AAF.o
  CC      drivers/misc/mediatek/gpu/gpu_rgx/m1.13ED5776728/services/server/devices/rogue/rgxfwutils.o
  CC      drivers/misc/mediatek/mmdvfs/mmdvfs_plat_default.o
  CC      drivers/misc/mediatek/lens/main/common/lc898212af/LC898212AF.o
  CC      drivers/misc/mediatek/mtprof/prof_main.o
  CC      drivers/misc/mediatek/lens/main/common/lc898122af/OisIni.o
  CC      drivers/misc/mediatek/perf/lowmem_hint.o
  CC      drivers/misc/mediatek/connectivity/wlan_drv_gen2/os/linux/gl_sys.o
  AR      drivers/misc/mediatek/lens/main/common/lc898122af/built-in.o
  CC      drivers/misc/mediatek/performance/perfmgr_main.o
  AR      drivers/misc/mediatek/mmdvfs/built-in.o
  AR      drivers/misc/mediatek/pidmap/built-in.o
  AR      drivers/usb/gadget/function/usb_f_acm.o
  CC      drivers/usb/storage/sddr55.o
  AR      drivers/usb/gadget/function/usb_f_serial.o
  AR      drivers/usb/gadget/function/usb_f_rndis.o
  AR      drivers/usb/gadget/function/usb_f_fs.o
  AR      drivers/usb/gadget/function/usb_f_midi.o
  AR      drivers/usb/gadget/function/usb_f_hid.o
  AR      drivers/usb/gadget/function/usb_f_dm.o
  AR      drivers/usb/gadget/function/usb_f_mtp_samsung.o
  CC      drivers/misc/mediatek/connectivity/wmt_drv/common_main/linux/osal.o
  AR      drivers/misc/mediatek/lens/sub/common/wv511aaf/built-in.o
  AR      drivers/usb/gadget/function/usb_f_ptp.o
  AR      drivers/misc/mediatek/lens/sub/built-in.o
  AR      drivers/usb/gadget/function/usb_f_audio_source.o
  AR      drivers/usb/gadget/function/usb_f_accessory.o
  AR      drivers/usb/gadget/function/usb_f_conn_gadget.o
  AR      drivers/usb/gadget/function/built-in.o
  CC      drivers/misc/mediatek/connectivity/wlan_drv_gen2/os/linux/gl_proc.o
  AR      drivers/usb/gadget/built-in.o
  CC      drivers/usb/storage/shuttle_usbat.o
  CC      drivers/misc/mediatek/connectivity/wmt_drv/common_main/linux/wmt_dev.o
  CC      drivers/misc/mediatek/performance/base/utility.o
  CC      drivers/misc/mediatek/lens/main/common/lc898212xdaf/LC898212XDAF.o
  AR      drivers/misc/mediatek/mtprof/mtprof.o
  AR      drivers/misc/mediatek/mtprof/built-in.o
  CC      drivers/misc/mediatek/pmic/common/upmu.o
  AR      drivers/misc/mediatek/lens/main/common/lc898212af/built-in.o
  CC      drivers/misc/mediatek/lens/main/common/lc898214af/LC898214AF.o
  CC      drivers/misc/mediatek/pmic/mt6357/v1/pmic.o
  CC      drivers/misc/mediatek/connectivity/wlan_drv_gen2/os/linux/gl_p2p.o
  AR      drivers/misc/mediatek/perf/built-in.o
  CC      drivers/misc/mediatek/pmic_wrap/mtk_pmic_wrap.o
  CC      drivers/misc/mediatek/lens/main/common/lc898212xdaf/AfInter.o
  AR      drivers/misc/mediatek/performance/base/built-in.o
  CC      drivers/misc/mediatek/performance/boost_ctrl/boostctrl_main.o
  AR      drivers/misc/mediatek/lens/main/common/lc898214af/built-in.o
  CC      drivers/misc/mediatek/lens/main/common/lc898217af/LC898217AF.o
  AR      drivers/usb/storage/usb-storage.o
  CC      drivers/misc/mediatek/performance/boost_ctrl/cpu_ctrl/cpu_ctrl.o
  CC      drivers/misc/mediatek/gpu/gpu_rgx/m1.13ED5776728/services/server/devices/rogue/rgxmem.o
  AR      drivers/usb/storage/ums-alauda.o
  CC      drivers/misc/mediatek/pmic/common/upmu_regulator.o
  AR      drivers/usb/storage/ums-cypress.o
  CC      drivers/misc/mediatek/performance/boost_ctrl/dram_ctrl/dram_ctrl.o
  CC      drivers/misc/mediatek/lens/main/common/lc898212xdaf/AfInit.o
  AR      drivers/usb/storage/ums-datafab.o
  AR      drivers/usb/storage/ums-freecom.o
  AR      drivers/usb/storage/ums-isd200.o
  CC      drivers/misc/mediatek/pmic/mt6357/v1/pmic_common.o
  AR      drivers/usb/storage/ums-jumpshot.o
  AR      drivers/usb/storage/ums-karma.o
  AR      drivers/usb/storage/ums-onetouch.o
  AR      drivers/usb/storage/ums-sddr09.o
  AR      drivers/usb/storage/ums-sddr55.o
  AR      drivers/usb/storage/ums-usbat.o
  CC      drivers/misc/mediatek/lens/main/common/lc898212xdaf/AfSTMV.o
  AR      drivers/usb/storage/built-in.o
  CC      drivers/misc/mediatek/connectivity/wmt_drv/common_main/linux/stp_sdio.o
  AR      drivers/usb/built-in.o
  CC      drivers/misc/mediatek/pwm/mt6739/mtk_pwm_hal.o
  AR      drivers/misc/mediatek/lens/main/common/lc898212xdaf/built-in.o
  CC      drivers/misc/mediatek/lens/main/common/lc898217afa/LC898217AFA.o
  CC      drivers/misc/mediatek/ram_console/mtk_ram_console.o
  CC      drivers/misc/mediatek/pmic_wrap/mt6739/pwrap_hal_v1.o
  AR      drivers/misc/mediatek/lens/main/common/lc898217af/built-in.o
  CC      drivers/misc/mediatek/gpu/gpu_rgx/m1.13ED5776728/services/server/devices/rogue/rgxccb.o
  CC      drivers/misc/mediatek/pmic/common/upmu_debugfs.o
  CC      drivers/misc/mediatek/performance/boost_ctrl/eas_ctrl/eas_ctrl.o
  AR      drivers/misc/mediatek/performance/boost_ctrl/dram_ctrl/built-in.o
  CC      drivers/misc/mediatek/pmic/mt6357/v1/pmic_debugfs.o
  CC      drivers/misc/mediatek/connectivity/wlan_drv_gen2/os/linux/gl_p2p_cfg80211.o
  CC      drivers/misc/mediatek/performance/boost_ctrl/topo_ctrl/topo_ctrl.o
  AR      drivers/misc/mediatek/lens/main/common/lc898217afa/built-in.o
  CC      drivers/misc/mediatek/lens/main/common/lc898217afb/LC898217AFB.o
  AR      drivers/misc/mediatek/pmic_wrap/mt6739/built-in.o
  AR      drivers/misc/mediatek/pmic_wrap/built-in.o
  CC      drivers/misc/mediatek/pwm/mtk_pwm.o
  CC      drivers/misc/mediatek/rps/rps_perf.o
  CC      drivers/misc/mediatek/lens/main/common/lc898217afc/LC898217AFC.o
  AR      drivers/misc/mediatek/pwm/mt6739/built-in.o
  CC      drivers/misc/mediatek/lens/main/common/lc898229af/LC898229AF.o
  CC      drivers/misc/mediatek/pmic/common/upmu_initial_setting.o
  CC      drivers/misc/mediatek/pmic/common/upmu_lbat_service.o
  CC      drivers/misc/mediatek/gpu/gpu_rgx/m1.13ED5776728/services/server/devices/rogue/rgxmmuinit.o
  CC      drivers/misc/mediatek/pmic/mt6357/v1/pmic_irq.o
  AR      drivers/misc/mediatek/performance/boost_ctrl/cpu_ctrl/built-in.o
  CC      drivers/misc/mediatek/connectivity/wlan_drv_gen2/os/linux/gl_p2p_init.o
  AR      drivers/misc/mediatek/lens/main/common/lc898217afb/built-in.o
  AR      drivers/misc/mediatek/performance/boost_ctrl/topo_ctrl/built-in.o
  CC      drivers/misc/mediatek/connectivity/wmt_drv/common_main/linux/bgw_desense.o
  CC      drivers/misc/mediatek/lens/main/common/wv511aaf/WV511AAF.o
  AR      drivers/misc/mediatek/lens/main/common/lc898217afc/built-in.o
  CC      drivers/misc/mediatek/connectivity/wlan_drv_gen2/os/linux/gl_p2p_kal.o
  AR      drivers/misc/mediatek/lens/main/common/lc898229af/built-in.o
  CC      drivers/misc/mediatek/rt-regmap/rt-regmap.o
  CC      drivers/misc/mediatek/gpu/gpu_rgx/m1.13ED5776728/services/server/devices/rogue/rgxtransfer.o
  CC      drivers/misc/mediatek/pmic/mt6357/v1/pmic_initial_setting.o
  CC      drivers/misc/mediatek/connectivity/wlan_drv_gen2/os/linux/hif/ahb/arm.o
  CC      drivers/misc/mediatek/connectivity/wlan_drv_gen2/os/linux/hif/ahb/ahb.o
  AR      drivers/misc/mediatek/lens/main/common/wv511aaf/built-in.o
  AR      drivers/misc/mediatek/lens/main/built-in.o
  AR      drivers/misc/mediatek/performance/boost_ctrl/eas_ctrl/built-in.o
  AR      drivers/misc/mediatek/performance/boost_ctrl/built-in.o
  CC      drivers/misc/mediatek/performance/perf_ioctl/perf_ioctl.o
  AR      drivers/misc/mediatek/lens/built-in.o
  CC      drivers/misc/mediatek/gpu/gpu_rgx/m1.13ED5776728/services/server/devices/rogue/rgxbreakpoint.o
  AR      drivers/misc/mediatek/pwm/built-in.o
  CC      drivers/misc/mediatek/performance/syslimiter/syslimiter.o
  CC      drivers/misc/mediatek/performance/tchbst/tchbst_main.o
  AR      drivers/misc/mediatek/pmic/common/built-in.o
  CC      drivers/misc/mediatek/connectivity/wmt_drv/common_main/linux/wmt_idc.o
  CC      drivers/misc/mediatek/gpu/gpu_rgx/m1.13ED5776728/services/server/devices/rogue/rgxmipsmmuinit.o
  CC      drivers/misc/mediatek/connectivity/wmt_drv/common_main/linux/stp_uart.o
  CC      drivers/misc/mediatek/gpu/gpu_rgx/m1.13ED5776728/services/server/devices/rogue/rgxinit.o
  CC      drivers/misc/mediatek/pmic/mt6357/v1/pmic_api.o
  CC      drivers/misc/mediatek/gpu/gpu_rgx/m1.13ED5776728/services/server/devices/rogue/rgxsignals.o
  CC      drivers/misc/mediatek/pmic/mt6357/v1/pmic_auxadc.o
  AR      drivers/misc/mediatek/rps/built-in.o
  CC      drivers/misc/mediatek/rtc/mtk_rtc_common.o
  CC      drivers/misc/mediatek/connectivity/wlan_drv_gen2/os/linux/hif/ahb/mt6739/ahb_pdma.o
  CC      drivers/misc/mediatek/gpu/gpu_rgx/m1.13ED5776728/services/server/devices/rogue/rgxlayer_impl.o
  CC      drivers/misc/mediatek/performance/tchbst/kernel/ktch.o
  CC      drivers/misc/mediatek/gpu/gpu_rgx/m1.13ED5776728/services/server/devices/rogue/rgxtdmtransfer.o
  AR      drivers/misc/mediatek/performance/perf_ioctl/built-in.o
  CC      drivers/misc/mediatek/rtc/mtk_rtc_hal_common.o
  CC      drivers/misc/mediatek/connectivity/wmt_drv/common_main/linux/wmt_dbg.o
  AR      drivers/misc/mediatek/performance/syslimiter/built-in.o
  CC      drivers/misc/mediatek/pmic/mt6357/v1/pmic_throttling_dlpt.o
  AR      drivers/misc/mediatek/rt-regmap/built-in.o
  CC      drivers/misc/mediatek/sched/cputopo.o
  CC      drivers/misc/mediatek/connectivity/wlan_drv_gen2/mgmt/ais_fsm.o
  CC      drivers/misc/mediatek/connectivity/wlan_drv_gen2/mgmt/aaa_fsm.o
  AR      drivers/misc/mediatek/ram_console/built-in.o
  CC      drivers/misc/mediatek/sensors-1.0/dummy.o
  CC      drivers/misc/mediatek/gpu/gpu_rgx/m1.13ED5776728/services/server/devices/rogue/rgxbvnc.o
  CC      drivers/misc/mediatek/pmic/mt6357/v1/regulator_codegen.o
  AR      drivers/misc/mediatek/sensors-1.0/built-in.o
  CC      drivers/misc/mediatek/rtc/mtk_rtc_debug.o
  CC      drivers/misc/mediatek/gpu/gpu_rgx/m1.13ED5776728/services/server/devices/rogue/rgxdebug.o
  CC      drivers/misc/mediatek/rtc/mt6357/mtk_rtc_hal.o
  AR      drivers/misc/mediatek/performance/tchbst/kernel/built-in.o
  AR      drivers/misc/mediatek/performance/tchbst/built-in.o
  AR      drivers/misc/mediatek/performance/built-in.o
  CC      drivers/misc/mediatek/connectivity/wmt_drv/common_main/linux/stp_dbg.o
  CC      drivers/misc/mediatek/sched/rq_stats.o
  CC      drivers/misc/mediatek/smi/mmdvfs_mgr_v3.o
  CC      drivers/misc/mediatek/sched/sched_avg.o
  CC      drivers/misc/mediatek/connectivity/wlan_drv_gen2/mgmt/assoc.o
  CC      drivers/misc/mediatek/pmic/mt6357/v1/pmic_lp_api.o
  CC      drivers/misc/mediatek/gpu/gpu_rgx/m1.13ED5776728/services/server/devices/rogue/rgxta3d.o
  CC      drivers/misc/mediatek/connectivity/wmt_drv/common_main/linux/wmt_user_proc.o
  CC      drivers/misc/mediatek/gpu/gpu_rgx/m1.13ED5776728/services/server/devices/rogue/rgxkicksync.o
  CC      drivers/misc/mediatek/connectivity/wmt_drv/common_main/linux/wmt_proc_dbg.o
  AR      drivers/misc/mediatek/rtc/mt6357/built-in.o
  AR      drivers/misc/mediatek/rtc/built-in.o
  CC      drivers/misc/mediatek/sspm/dummy.o
  AR      drivers/misc/mediatek/sspm/built-in.o
  AR      drivers/misc/mediatek/subpmic/built-in.o
  CC      drivers/misc/mediatek/sync/mtk_sync.o
  CC      drivers/misc/mediatek/pmic/mt6357/v1/pmic_efuse.o
  CC      drivers/misc/mediatek/smi/mmdvfs_profile_adaptor.o
  CC      drivers/misc/mediatek/connectivity/wmt_drv/common_main/linux/wmt_alarm.o
  CC      drivers/misc/mediatek/gpu/gpu_rgx/m1.13ED5776728/services/server/devices/rogue/rgxsrvinit.o
  CC      drivers/misc/mediatek/connectivity/wmt_drv/common_main/linux/wmt_step.o
  CC      drivers/misc/mediatek/systracker/systracker_interface_v2.o
  CC      drivers/misc/mediatek/connectivity/wlan_drv_gen2/mgmt/auth.o
  AR      drivers/misc/mediatek/sync/built-in.o
  CC      drivers/misc/mediatek/thermal/mtk_thermal_monitor.o
  CC      drivers/misc/mediatek/timer/timesync/mtk_sys_timer.o
  CC      drivers/misc/mediatek/smi/mmdvfs_mgr_util.o
  CC      drivers/misc/mediatek/gpu/gpu_rgx/m1.13ED5776728/services/server/devices/rogue/rgxregconfig.o
  CC      drivers/misc/mediatek/systracker/mt6739/systracker_platform.o
  CC      drivers/misc/mediatek/thermal/mtk_cooler_shutdown.o
  CC      drivers/misc/mediatek/connectivity/wlan_drv_gen2/mgmt/bss.o
  CC      drivers/misc/mediatek/sched/sched_ctl.o
  CC      drivers/misc/mediatek/gpu/gpu_rgx/m1.13ED5776728/services/server/devices/rogue/rgxcompute.o
TCORE_UT_TESTS_SUPPORT = n
TCORE_PROFILING_SUPPORT = n
TCORE_PROFILING_AUTO_DUMP = n
TCORE_MEMORY_LEAK_DETECTION_SUPPORT = n
  CC      drivers/misc/mediatek/trusted_mem/dev_mgr.o
  CC      drivers/misc/mediatek/sched/eas_plus.o
  CC      drivers/misc/mediatek/smi/smi_drv.o
  CC      drivers/misc/mediatek/connectivity/wmt_drv/common_main/linux/stp_btif.o
  CC      drivers/misc/mediatek/timer/timesync/archcounter_timesync.o
  CC      drivers/misc/mediatek/connectivity/wmt_drv/debug_utility/ring.o
  AR      drivers/misc/mediatek/systracker/mt6739/built-in.o
  CC      drivers/misc/mediatek/systracker/backtrace32.o
  CC      drivers/misc/mediatek/uart/uart.o
  CC      drivers/misc/mediatek/connectivity/wmt_drv/debug_utility/ring_emi.o
  CC      drivers/misc/mediatek/trusted_mem/entry.o
  CC      drivers/misc/mediatek/gpu/gpu_rgx/m1.13ED5776728/services/server/devices/rogue/rgxstartstop.o
  CC      drivers/misc/mediatek/connectivity/wmt_drv/debug_utility/connsys_debug_utility.o
  AR      drivers/misc/mediatek/timer/timesync/built-in.o
  AR      drivers/misc/mediatek/timer/built-in.o
  CC      drivers/misc/mediatek/usb20/mt6739/usb20.o
  CC      drivers/misc/mediatek/connectivity/wlan_drv_gen2/mgmt/cnm.o
  CC      drivers/misc/mediatek/thermal/mtk_cooler_backlight.o
  AS      drivers/misc/mediatek/systracker/backtrace32_asm.o
  CC      drivers/misc/mediatek/trusted_mem/region_mgr.o
  AR      drivers/misc/mediatek/systracker/built-in.o
  CC      drivers/misc/mediatek/usb_boost/usb_boost.o
  CC      drivers/misc/mediatek/gpu/gpu_rgx/m1.13ED5776728/services/server/devices/rogue/rgxpower.o
  CC      drivers/misc/mediatek/video/common/aal30/ddp_aal.o
  CC      drivers/misc/mediatek/thermal/mtk_cooler_kshutdown.o
  CC      drivers/misc/mediatek/usb20/musb_core.o
  CC      drivers/misc/mediatek/trusted_mem/ssmr_mgr.o
  CC      drivers/misc/mediatek/thermal/mtk_cooler_cam.o
  CC      drivers/misc/mediatek/uart/mt6739/platform_uart.o
  AR      drivers/misc/mediatek/sched/built-in.o
  CC      drivers/misc/mediatek/videocodec/videocodec_kernel.o
  CC      drivers/misc/mediatek/thermal/common/mtk_thermal_platform.o
  CC      drivers/misc/mediatek/trusted_mem/peer_mgr.o
  CC      drivers/misc/mediatek/gpu/gpu_rgx/m1.13ED5776728/services/server/devices/rogue/rgxsyncutils.o
  CC      drivers/misc/mediatek/usb_boost/v1/usb_boost_plat.o
  CC      drivers/misc/mediatek/thermal/mt6739/src/mtk_tc.o
  AR      drivers/misc/mediatek/smi/built-in.o
  CC      drivers/misc/mediatek/zone_movable_cma/single_cma.o
  CC      drivers/misc/mediatek/gpu/gpu_rgx/m1.13ED5776728/services/server/devices/rogue/rgxmulticore.o
  CC      drivers/misc/mediatek/trusted_mem/proc.o
  CC      drivers/misc/mediatek/usb20/mt6739/usb20_phy.o
  AR      drivers/misc/mediatek/usb_boost/v1/built-in.o
  AR      drivers/misc/mediatek/usb_boost/built-in.o
  CC      drivers/misc/mediatek/connectivity/wlan_drv_gen2/mgmt/cnm_timer.o
  CC      drivers/misc/mediatek/video/mt6739/dispsys/ddp_ovl.o
  CC      drivers/misc/mediatek/video/mt6739/videox/mtkfb_console.o
  AR      drivers/misc/mediatek/connectivity/wmt_drv/wmt_drv.o
  AR      drivers/misc/mediatek/connectivity/wmt_drv/built-in.o
  CC      drivers/misc/mediatek/zone_movable_cma/zmc_notify.o
  CC      drivers/misc/mediatek/gpu/gpu_rgx/m1.13ED5776728/services/server/common/tlstream.o
  CC      drivers/misc/mediatek/videocodec/mt6739/videocodec_kernel_driver.o
  CC      drivers/misc/mediatek/trusted_mem/alloc_api.o
  AR      drivers/misc/mediatek/zone_movable_cma/built-in.o
  CC      drivers/misc/mediatek/video/common/color20/ddp_color.o
  CC      drivers/misc/mediatek/trusted_mem/tee_devices.o
  AR      drivers/misc/mediatek/video/common/aal30/built-in.o
  CC      drivers/misc/mediatek/video/common/corr10/ddp_dither.o
  AR      drivers/misc/mediatek/uart/mt6739/built-in.o
  CC      drivers/misc/mediatek/usb20/musb_gadget_ep0.o
  AR      drivers/misc/mediatek/uart/built-in.o
  CC      drivers/misc/mediatek/video/mt6739/dispsys/ddp_rdma_ex.o
  CC      drivers/misc/mediatek/thermal/common/ap_thermal_limit.o
  CC      drivers/misc/mediatek/gpu/gpu_rgx/m1.13ED5776728/services/server/common/pvrsrv_pool.o
  CC      drivers/misc/mediatek/usb20/mt6739/usb20_host.o
  CC      drivers/misc/mediatek/trusted_mem/tee_impl/tee_invoke.o
  CC      drivers/misc/mediatek/trusted_mem/tee_impl/tee_ops.o
  CC      drivers/misc/mediatek/video/mt6739/videox/disp_assert_layer.o
  CC      drivers/misc/mediatek/thermal/mt6739/src/mtk_pmic_efuse.o
  CC      drivers/misc/mediatek/gpu/gpu_rgx/m1.13ED5776728/services/server/common/cache_km.o
  CC      drivers/misc/mediatek/connectivity/wlan_drv_gen2/mgmt/cnm_mem.o
  CC      drivers/misc/mediatek/videocodec/mt6739/common/val/src/val.o
  AR      drivers/misc/mediatek/trusted_mem/trusted_mem.o
  AR      drivers/misc/mediatek/trusted_mem/tee_impl.o
  AR      drivers/misc/mediatek/trusted_mem/built-in.o
  CC      drivers/misc/mediatek/video/common/layering_rule_base/v1/layering_rule_base.o
  CC      drivers/misc/mediatek/video/common/corr10/ddp_gamma.o
  CC      drivers/misc/mediatek/thermal/common/coolers/mtk_ta.o
  CC      drivers/misc/mediatek/thermal/mt6739/src/mtk_ts_6357buck1.o
  CC      drivers/misc/mediatek/usb20/musb_gadget.o
  AR      drivers/misc/mediatek/video/common/color20/built-in.o
  CC      drivers/misc/mediatek/video/common/pwm10/ddp_pwm.o
  CC      drivers/misc/mediatek/video/mt6739/dispsys/ddp_wdma_ex.o
  CC      drivers/misc/mediatek/connectivity/wlan_drv_gen2/mgmt/hem_mbox.o
  CC      drivers/misc/mediatek/videocodec/mt6739/common/drv/src/drv_base.o
  CC      drivers/misc/mediatek/connectivity/wlan_drv_gen2/mgmt/mib.o
  AR      drivers/misc/mediatek/usb20/mt6739/built-in.o
  CC      drivers/misc/mediatek/usb20/musb_virthub.o
  CC      drivers/misc/mediatek/video/mt6739/videox/mtkfb.o
  CC      drivers/misc/mediatek/gpu/gpu_rgx/m1.13ED5776728/services/server/common/htbserver.o
  CC      drivers/misc/mediatek/video/mt6739/dispsys/ddp_dsi.o
  CC      drivers/misc/mediatek/thermal/mt6739/src/mtk_ts_6357buck2.o
  AR      drivers/misc/mediatek/videocodec/mt6739/vcodec_kernel_driver.o
  AR      drivers/misc/mediatek/videocodec/mt6739/built-in.o
  AR      drivers/misc/mediatek/videocodec/built-in.o
  CC      drivers/misc/mediatek/thermal/common/coolers/mtk_cooler_mutt.o
  CC      drivers/misc/mediatek/thermal/common/coolers/mtk_cooler_atm.o
  CC      drivers/misc/mediatek/gpu/gpu_rgx/m1.13ED5776728/services/server/common/tlintern.o
  CC      drivers/misc/mediatek/thermal/common/thermal_zones/mtk_ts_battery.o
  CC      drivers/misc/mediatek/usb20/musb_host.o
  AR      drivers/misc/mediatek/video/common/pwm10/built-in.o
  CC      drivers/misc/mediatek/video/mt6739/videox/mtkfb_fence.o
  AR      drivers/misc/mediatek/video/common/corr10/built-in.o
  CC      drivers/misc/mediatek/connectivity/wlan_drv_gen2/mgmt/privacy.o
  CC      drivers/misc/mediatek/video/mt6739/videox/fbconfig_kdebug.o
  CC      drivers/misc/mediatek/thermal/common/mtk_thermal_timer.o
  CC      drivers/misc/mediatek/gpu/gpu_rgx/m1.13ED5776728/services/server/common/pvr_notifier.o
  AR      drivers/misc/mediatek/video/common/layering_rule_base/v1/built-in.o
  AR      drivers/misc/mediatek/video/common/layering_rule_base/built-in.o
  AR      drivers/misc/mediatek/video/common/built-in.o
  CC      drivers/misc/mediatek/thermal/common/coolers/mtk_cooler_dtm.o
  CC      drivers/misc/mediatek/video/mt6739/dispsys/ddp_clkmgr.o
  AR      drivers/misc/mediatek/thermal/mt6739/src/built-in.o
  AR      drivers/misc/mediatek/thermal/mt6739/built-in.o
  CC      drivers/misc/mediatek/thermal/common/thermal_zones/mtk_ts_bts.o
  CC      drivers/misc/mediatek/thermal/common/coolers/mtk_cooler_sysrst.o
  CC      drivers/misc/mediatek/gpu/gpu_rgx/m1.13ED5776728/services/server/common/devicemem_history_server.o
  CC      drivers/misc/mediatek/video/mt6739/dispsys/ddp_drv.o
  CC      drivers/misc/mediatek/thermal/common/thermal_zones/mtk_ts_btsmdpa.o
  CC      drivers/misc/mediatek/usb20/musbhsdma.o
  CC      drivers/misc/mediatek/video/mt6739/videox/disp_cust.o
  CC      drivers/misc/mediatek/thermal/common/coolers/mtk_cooler_VR_FPS.o
  CC      drivers/misc/mediatek/video/mt6739/videox/debug.o
  CC      drivers/misc/mediatek/connectivity/wlan_drv_gen2/mgmt/rate.o
  CC      drivers/misc/mediatek/thermal/common/thermal_zones/mtk_ts_cpu_noBank.o
  CC      drivers/misc/mediatek/connectivity/wlan_drv_gen2/mgmt/rlm.o
  CC      drivers/misc/mediatek/video/mt6739/dispsys/ddp_path.o
  CC      drivers/misc/mediatek/gpu/gpu_rgx/m1.13ED5776728/services/server/common/physmem.o
  CC      drivers/misc/mediatek/video/mt6739/videox/primary_display.o
  CC      drivers/misc/mediatek/usb20/mtk_qmu.o
  CC      drivers/misc/mediatek/video/mt6739/dispsys/ddp_mutex.o
  CC      drivers/misc/mediatek/video/mt6739/videox/disp_lowpower.o
  CC      drivers/misc/mediatek/thermal/common/thermal_zones/mtk_ts_pa.o
  AR      drivers/misc/mediatek/thermal/common/coolers/built-in.o
  CC      drivers/misc/mediatek/connectivity/wlan_drv_gen2/mgmt/rlm_domain.o
  CC      drivers/misc/mediatek/gpu/gpu_rgx/m1.13ED5776728/services/server/common/tlserver.o
  AR      drivers/misc/mediatek/pmic/mt6357/v1/built-in.o
  AR      drivers/misc/mediatek/pmic/mt6357/built-in.o
  AR      drivers/misc/mediatek/pmic/built-in.o
  CC      drivers/misc/mediatek/usb20/musb_qmu.o
  CC      drivers/misc/mediatek/video/mt6739/dispsys/ddp_m4u.o
  CC      drivers/misc/mediatek/gpu/gpu_rgx/m1.13ED5776728/services/server/common/physheap.o
  CC      drivers/misc/mediatek/connectivity/wlan_drv_gen2/mgmt/rlm_obss.o
  CC      drivers/misc/mediatek/video/mt6739/videox/disp_recovery.o
  AR      drivers/misc/mediatek/usb20/musb_hdrc.o
  CC      drivers/misc/mediatek/thermal/common/thermal_zones/mtk_ts_pa_thput.o
  CC      drivers/misc/mediatek/gpu/gpu_rgx/m1.13ED5776728/services/server/common/handle.o
  CC      drivers/misc/mediatek/video/mt6739/dispsys/ddp_debug.o
  CC      drivers/misc/mediatek/video/mt6739/dispsys/ddp_dump.o
  CC      drivers/misc/mediatek/thermal/common/thermal_zones/mtk_ts_pmic.o
  CC      drivers/misc/mediatek/video/mt6739/dispsys/ddp_manager.o
  CC      drivers/misc/mediatek/connectivity/wlan_drv_gen2/mgmt/rlm_protection.o
  CC      drivers/misc/mediatek/gpu/gpu_rgx/m1.13ED5776728/services/server/common/devicemem_heapcfg.o
  CC      drivers/misc/mediatek/thermal/common/thermal_zones/mtk_ts_wmt.o
  CC      drivers/misc/mediatek/thermal/common/thermal_zones/mtk_tsAll.o
  CC      drivers/misc/mediatek/video/mt6739/videox/disp_lcm.o
  CC      drivers/misc/mediatek/connectivity/wlan_drv_gen2/mgmt/rsn.o
  CC      drivers/misc/mediatek/gpu/gpu_rgx/m1.13ED5776728/services/server/common/sync_server.o
  CC      drivers/misc/mediatek/connectivity/wlan_drv_gen2/mgmt/saa_fsm.o
  CC      drivers/misc/mediatek/connectivity/wlan_drv_gen2/mgmt/scan.o
  CC      drivers/misc/mediatek/thermal/common/thermal_zones/mtk_ts_imgsensor.o
  CC      drivers/misc/mediatek/connectivity/wlan_drv_gen2/mgmt/scan_fsm.o
  AR      drivers/misc/mediatek/usb20/built-in.o
  CC      drivers/misc/mediatek/video/mt6739/dispsys/ddp_irq.o
  CC      drivers/misc/mediatek/video/mt6739/dispsys/ddp_info.o
  CC      drivers/misc/mediatek/gpu/gpu_rgx/m1.13ED5776728/services/server/common/sync_checkpoint.o
  CC      drivers/misc/mediatek/connectivity/wlan_drv_gen2/mgmt/sec_fsm.o
  CC      drivers/misc/mediatek/video/mt6739/videox/disp_utils.o
  CC      drivers/misc/mediatek/video/mt6739/dispsys/ddp_color_format.o
  CC      drivers/misc/mediatek/video/mt6739/dispsys/ddp_pwm_mux.o
  CC      drivers/misc/mediatek/gpu/gpu_rgx/m1.13ED5776728/services/server/common/lists.o
  CC      drivers/misc/mediatek/connectivity/wlan_drv_gen2/mgmt/swcr.o
  CC      drivers/misc/mediatek/video/mt6739/dispsys/ddp_mmp.o
  CC      drivers/misc/mediatek/gpu/gpu_rgx/m1.13ED5776728/services/server/common/info_page_km.o
  CC      drivers/misc/mediatek/gpu/gpu_rgx/m1.13ED5776728/services/server/common/physmem_lma.o
  CC      drivers/misc/mediatek/video/mt6739/videox/mtk_disp_mgr.o
  CC      drivers/misc/mediatek/connectivity/wlan_drv_gen2/mgmt/roaming_fsm.o
  CC      drivers/misc/mediatek/video/mt6739/dispsys/ddp_met.o
  CC      drivers/misc/mediatek/video/mt6739/dispsys/display_recorder.o
  CC      drivers/misc/mediatek/gpu/gpu_rgx/m1.13ED5776728/services/server/common/process_stats.o
  CC      drivers/misc/mediatek/video/mt6739/videox/compat_mtk_disp_mgr.o
  CC      drivers/misc/mediatek/gpu/gpu_rgx/m1.13ED5776728/services/server/common/connection_server.o
  CC      drivers/misc/mediatek/connectivity/wlan_drv_gen2/mgmt/hs20.o
  CC      drivers/misc/mediatek/video/mt6739/videox/mtk_ovl.o
  CC      drivers/misc/mediatek/connectivity/wlan_drv_gen2/mgmt/wnm.o
  CC      drivers/misc/mediatek/connectivity/wlan_drv_gen2/mgmt/qosmap.o
  CC      drivers/misc/mediatek/video/mt6739/videox/disp_helper.o
  CC      drivers/misc/mediatek/video/mt6739/videox/disp_dts_gpio.o
  CC      drivers/misc/mediatek/gpu/gpu_rgx/m1.13ED5776728/services/server/common/pmr.o
  CC      drivers/misc/mediatek/connectivity/wlan_drv_gen2/mgmt/tdls.o
  AR      drivers/misc/mediatek/thermal/common/thermal_zones/built-in.o
  AR      drivers/misc/mediatek/thermal/common/built-in.o
  CC      drivers/misc/mediatek/connectivity/wlan_drv_gen2/mgmt/tdls_com.o
  AR      drivers/misc/mediatek/thermal/built-in.o
  CC      drivers/misc/mediatek/video/mt6739/videox/disp_rect.o
  CC      drivers/misc/mediatek/gpu/gpu_rgx/m1.13ED5776728/services/server/common/pvrsrv_bridge_init.o
  CC      drivers/misc/mediatek/connectivity/wlan_drv_gen2/mgmt/stats.o
  CC      drivers/misc/mediatek/connectivity/wlan_drv_gen2/mgmt/p2p_assoc.o
  CC      drivers/misc/mediatek/video/mt6739/videox/disp_arr.o
  CC      drivers/misc/mediatek/connectivity/wlan_drv_gen2/mgmt/p2p_bss.o
  CC      drivers/misc/mediatek/video/mt6739/videox/disp_partial.o
  CC      drivers/misc/mediatek/video/mt6739/videox/layering_rule.o
  CC      drivers/misc/mediatek/video/mt6739/videox/frame_queue.o
  CC      drivers/misc/mediatek/gpu/gpu_rgx/m1.13ED5776728/services/server/common/mmu_common.o
  CC      drivers/misc/mediatek/gpu/gpu_rgx/m1.13ED5776728/services/server/common/devicemem_server.o
  CC      drivers/misc/mediatek/video/mt6739/videox/mtk_notify.o
  CC      drivers/misc/mediatek/connectivity/wlan_drv_gen2/mgmt/p2p_fsm.o
  CC      drivers/misc/mediatek/connectivity/wlan_drv_gen2/mgmt/p2p_func.o
  CC      drivers/misc/mediatek/gpu/gpu_rgx/m1.13ED5776728/services/server/common/power.o
  AR      drivers/misc/mediatek/video/mt6739/dispsys/built-in.o
  CC      drivers/misc/mediatek/gpu/gpu_rgx/m1.13ED5776728/services/server/common/physmem_hostmem.o
  CC      drivers/misc/mediatek/connectivity/wlan_drv_gen2/mgmt/p2p_rlm.o
  CC      drivers/misc/mediatek/gpu/gpu_rgx/m1.13ED5776728/services/server/common/pvrsrv.o
  CC      drivers/misc/mediatek/connectivity/wlan_drv_gen2/mgmt/p2p_rlm_obss.o
  CC      drivers/misc/mediatek/gpu/gpu_rgx/m1.13ED5776728/services/server/common/srvcore.o
  CC      drivers/misc/mediatek/gpu/gpu_rgx/m1.13ED5776728/services/server/common/vz_vmm_pvz.o
  CC      drivers/misc/mediatek/connectivity/wlan_drv_gen2/mgmt/p2p_scan.o
  CC      drivers/misc/mediatek/gpu/gpu_rgx/m1.13ED5776728/services/server/common/vz_vmm_vm.o
  CC      drivers/misc/mediatek/connectivity/wlan_drv_gen2/mgmt/p2p_ie.o
  CC      drivers/misc/mediatek/connectivity/wlan_drv_gen2/mgmt/p2p_state.o
  CC      drivers/misc/mediatek/gpu/gpu_rgx/m1.13ED5776728/services/server/common/vmm_pvz_client.o
  AR      drivers/misc/mediatek/video/mt6739/videox/built-in.o
  AR      drivers/misc/mediatek/video/mt6739/built-in.o
  AR      drivers/misc/mediatek/video/built-in.o
  CC      drivers/misc/mediatek/connectivity/wlan_drv_gen2/mgmt/wmm.o
  CC      drivers/misc/mediatek/gpu/gpu_rgx/m1.13ED5776728/services/server/common/vmm_pvz_server.o
  CC      drivers/misc/mediatek/gpu/gpu_rgx/m1.13ED5776728/services/server/common/htb_debug.o
  CC      drivers/misc/mediatek/gpu/gpu_rgx/m1.13ED5776728/services/server/common/di_server.o
  CC      drivers/misc/mediatek/gpu/gpu_rgx/m1.13ED5776728/services/server/env/linux/km_apphint.o
  CC      drivers/misc/mediatek/gpu/gpu_rgx/m1.13ED5776728/services/server/env/linux/osmmap_stub.o
  CC      drivers/misc/mediatek/connectivity/wlan_drv_gen2/mgmt/wapi.o
  CC      drivers/misc/mediatek/gpu/gpu_rgx/m1.13ED5776728/services/server/env/linux/physmem_test.o
  CC      drivers/misc/mediatek/gpu/gpu_rgx/m1.13ED5776728/services/server/env/linux/allocmem.o
  CC      drivers/misc/mediatek/gpu/gpu_rgx/m1.13ED5776728/services/server/env/linux/pvr_bridge_k.o
  CC      drivers/misc/mediatek/gpu/gpu_rgx/m1.13ED5776728/services/server/env/linux/physmem_dmabuf.o
  CC      drivers/misc/mediatek/gpu/gpu_rgx/m1.13ED5776728/services/server/env/linux/pvr_debugfs.o
  CC      drivers/misc/mediatek/gpu/gpu_rgx/m1.13ED5776728/services/server/env/linux/osconnection_server.o
  CC      drivers/misc/mediatek/gpu/gpu_rgx/m1.13ED5776728/services/server/env/linux/handle_idr.o
  CC      drivers/misc/mediatek/gpu/gpu_rgx/m1.13ED5776728/services/server/env/linux/event.o
  CC      drivers/misc/mediatek/gpu/gpu_rgx/m1.13ED5776728/services/server/env/linux/fwload.o
  CC      drivers/misc/mediatek/gpu/gpu_rgx/m1.13ED5776728/services/server/env/linux/pmr_os.o
  CC      drivers/misc/mediatek/gpu/gpu_rgx/m1.13ED5776728/services/server/env/linux/module_common.o
  CC      drivers/misc/mediatek/gpu/gpu_rgx/m1.13ED5776728/services/server/env/linux/physmem_osmem_linux.o
  CC      drivers/misc/mediatek/gpu/gpu_rgx/m1.13ED5776728/services/server/env/linux/osfunc.o
  CC      drivers/misc/mediatek/gpu/gpu_rgx/m1.13ED5776728/services/server/env/linux/pvr_gputrace.o
  CC      drivers/misc/mediatek/gpu/gpu_rgx/m1.13ED5776728/services/server/env/linux/pvr_debug.o
  CC      drivers/misc/mediatek/gpu/gpu_rgx/m1.13ED5776728/services/server/env/linux/pvr_procfs.o
  CC      drivers/misc/mediatek/gpu/gpu_rgx/m1.13ED5776728/services/server/env/linux/pvr_ion_stats.o
  CC      drivers/misc/mediatek/gpu/gpu_rgx/m1.13ED5776728/services/shared/devices/rogue/rgx_hwperf_table.o
  CC      drivers/misc/mediatek/gpu/gpu_rgx/m1.13ED5776728/services/shared/common/devicemem_utils.o
  CC      drivers/misc/mediatek/gpu/gpu_rgx/m1.13ED5776728/services/shared/common/hash.o
  CC      drivers/misc/mediatek/gpu/gpu_rgx/m1.13ED5776728/services/shared/common/ra.o
  CC      drivers/misc/mediatek/gpu/gpu_rgx/m1.13ED5776728/services/shared/common/sync.o
  CC      drivers/misc/mediatek/gpu/gpu_rgx/m1.13ED5776728/services/shared/common/uniq_key_splay_tree.o
  CC      drivers/misc/mediatek/gpu/gpu_rgx/m1.13ED5776728/services/shared/common/tlclient.o
  CC      drivers/misc/mediatek/gpu/gpu_rgx/m1.13ED5776728/services/shared/common/devicemem.o
  AR      drivers/misc/mediatek/connectivity/wlan_drv_gen2/wlan_drv_gen2.o
  CC      drivers/misc/mediatek/gpu/gpu_rgx/m1.13ED5776728/services/shared/common/htbuffer.o
  AR      drivers/misc/mediatek/connectivity/wlan_drv_gen2/built-in.o
  CC      drivers/misc/mediatek/gpu/gpu_rgx/m1.13ED5776728/services/shared/common/mem_utils.o
  AR      drivers/misc/mediatek/connectivity/built-in.o
  CC      drivers/misc/mediatek/gpu/gpu_rgx/m1.13ED5776728/services/shared/common/pvrsrv_error.o
  CC      drivers/misc/mediatek/gpu/gpu_rgx/m1.13ED5776728/kernel/drivers/staging/imgtec/pvr_drm.o
  CC      drivers/misc/mediatek/gpu/gpu_rgx/m1.13ED5776728/kernel/drivers/staging/imgtec/pvr_platform_drv.o
  CC      drivers/misc/mediatek/gpu/gpu_rgx/m1.13ED5776728/kernel/drivers/staging/imgtec/pvr_sync_file.o
  CC      drivers/misc/mediatek/gpu/gpu_rgx/m1.13ED5776728/kernel/drivers/staging/imgtec/pvr_counting_timeline.o
  CC      drivers/misc/mediatek/gpu/gpu_rgx/m1.13ED5776728/kernel/drivers/staging/imgtec/pvr_sw_fence.o
  CC      drivers/misc/mediatek/gpu/gpu_rgx/m1.13ED5776728/kernel/drivers/staging/imgtec/pvr_fence.o
  CC      drivers/misc/mediatek/gpu/gpu_rgx/m1.13ED5776728/services/server/env/linux/osfunc_arm.o
  CC      drivers/misc/mediatek/gpu/gpu_rgx/m1.13ED5776728/services/server/env/linux/trace_events.o
  AR      drivers/misc/mediatek/gpu/gpu_rgx/m1.13ED5776728/pvrsrvkm.o
  AR      drivers/misc/mediatek/gpu/gpu_rgx/m1.13ED5776728/built-in.o
  AR      drivers/misc/mediatek/gpu/gpu_rgx/built-in.o
  AR      drivers/misc/mediatek/gpu/built-in.o
  AR      drivers/misc/mediatek/built-in.o
  AR      drivers/misc/built-in.o
  AR      drivers/built-in.o
  GEN     .version
  CHK     include/generated/compile.h
  UPD     include/generated/compile.h
  CC      init/version.o
  AR      init/built-in.o
  AR      built-in.o
  LD      vmlinux.o
  MODPOST vmlinux.o
arm-linux-androideabi-ld: warning: unwinding may not work because EXIDX input section 10 of built-in.o(arch/arm/crypto/sha256_glue.o) is not in EXIDX output section
arm-linux-androideabi-ld: warning: unwinding may not work because EXIDX input section 12 of built-in.o(arch/arm/crypto/sha512-glue.o) is not in EXIDX output section
arm-linux-androideabi-ld: warning: unwinding may not work because EXIDX input section 9 of built-in.o(arch/arm/crypto/sha2-ce-glue.o) is not in EXIDX output section
arm-linux-androideabi-ld: warning: unwinding may not work because EXIDX input section 8 of built-in.o(kernel/configs.o) is not in EXIDX output section
arm-linux-androideabi-ld: warning: unwinding may not work because EXIDX input section 12 of built-in.o(mm/mm_debug.o) is not in EXIDX output section
arm-linux-androideabi-ld: warning: unwinding may not work because EXIDX input section 7 of built-in.o(mm/sec_mm/sec_mm_init.o) is not in EXIDX output section
arm-linux-androideabi-ld: warning: unwinding may not work because EXIDX input section 9 of built-in.o(mm/zswap.o) is not in EXIDX output section
arm-linux-androideabi-ld: warning: unwinding may not work because EXIDX input section 16 of built-in.o(mm/zsmalloc.o) is not in EXIDX output section
arm-linux-androideabi-ld: warning: unwinding may not work because EXIDX input section 16 of built-in.o(fs/dlog_hook.o) is not in EXIDX output section
arm-linux-androideabi-ld: warning: unwinding may not work because EXIDX input section 9 of built-in.o(fs/binfmt_script.o) is not in EXIDX output section
arm-linux-androideabi-ld: warning: unwinding may not work because EXIDX input section 9 of built-in.o(fs/binfmt_elf.o) is not in EXIDX output section
arm-linux-androideabi-ld: warning: unwinding may not work because EXIDX input section 18 of built-in.o(fs/mbcache.o) is not in EXIDX output section
arm-linux-androideabi-ld: warning: unwinding may not work because EXIDX input section 9 of built-in.o(fs/quota/quota_v2.o) is not in EXIDX output section
arm-linux-androideabi-ld: warning: unwinding may not work because EXIDX input section 12 of built-in.o(fs/configfs/mount.o) is not in EXIDX output section
arm-linux-androideabi-ld: warning: unwinding may not work because EXIDX input section 19 of built-in.o(fs/ext4/super.o) is not in EXIDX output section
arm-linux-androideabi-ld: warning: unwinding may not work because EXIDX input section 56 of built-in.o(fs/jbd2/journal.o) is not in EXIDX output section
arm-linux-androideabi-ld: warning: unwinding may not work because EXIDX input section 14 of built-in.o(fs/fat/inode.o) is not in EXIDX output section
arm-linux-androideabi-ld: warning: unwinding may not work because EXIDX input section 9 of built-in.o(fs/fat/namei_vfat.o) is not in EXIDX output section
arm-linux-androideabi-ld: warning: unwinding may not work because EXIDX input section 9 of built-in.o(fs/fat/namei_msdos.o) is not in EXIDX output section
arm-linux-androideabi-ld: warning: unwinding may not work because EXIDX input section 9 of built-in.o(fs/sdfat/sdfat.o) is not in EXIDX output section
arm-linux-androideabi-ld: warning: unwinding may not work because EXIDX input section 12 of built-in.o(fs/isofs/inode.o) is not in EXIDX output section
arm-linux-androideabi-ld: warning: unwinding may not work because EXIDX input section 14 of built-in.o(fs/ecryptfs/main.o) is not in EXIDX output section
arm-linux-androideabi-ld: warning: unwinding may not work because EXIDX input section 10 of built-in.o(fs/sdcardfs/main.o) is not in EXIDX output section
arm-linux-androideabi-ld: warning: unwinding may not work because EXIDX input section 9 of built-in.o(fs/nls/nls_cp437.o) is not in EXIDX output section
arm-linux-androideabi-ld: warning: unwinding may not work because EXIDX input section 9 of built-in.o(fs/nls/nls_cp950.o) is not in EXIDX output section
arm-linux-androideabi-ld: warning: unwinding may not work because EXIDX input section 9 of built-in.o(fs/nls/nls_ascii.o) is not in EXIDX output section
arm-linux-androideabi-ld: warning: unwinding may not work because EXIDX input section 9 of built-in.o(fs/nls/nls_iso8859-1.o) is not in EXIDX output section
arm-linux-androideabi-ld: warning: unwinding may not work because EXIDX input section 9 of built-in.o(fs/nls/nls_utf8.o) is not in EXIDX output section
arm-linux-androideabi-ld: warning: unwinding may not work because EXIDX input section 14 of built-in.o(fs/fuse/inode.o) is not in EXIDX output section
arm-linux-androideabi-ld: warning: unwinding may not work because EXIDX input section 17 of built-in.o(fs/fuse/control.o) is not in EXIDX output section
arm-linux-androideabi-ld: warning: unwinding may not work because EXIDX input section 9 of built-in.o(fs/overlayfs/super.o) is not in EXIDX output section
arm-linux-androideabi-ld: warning: unwinding may not work because EXIDX input section 8 of built-in.o(fs/incfs/main.o) is not in EXIDX output section
arm-linux-androideabi-ld: warning: unwinding may not work because EXIDX input section 19 of built-in.o(fs/f2fs/super.o) is not in EXIDX output section
arm-linux-androideabi-ld: warning: unwinding may not work because EXIDX input section 17 of built-in.o(fs/pstore/inode.o) is not in EXIDX output section
arm-linux-androideabi-ld: warning: unwinding may not work because EXIDX input section 17 of built-in.o(fs/pstore/ram.o) is not in EXIDX output section
arm-linux-androideabi-ld: warning: unwinding may not work because EXIDX input section 7 of built-in.o(crypto/crypto_wq.o) is not in EXIDX output section
arm-linux-androideabi-ld: warning: unwinding may not work because EXIDX input section 45 of built-in.o(crypto/algapi.o) is not in EXIDX output section
arm-linux-androideabi-ld: warning: unwinding may not work because EXIDX input section 13 of built-in.o(crypto/proc.o) is not in EXIDX output section
arm-linux-androideabi-ld: warning: unwinding may not work because EXIDX input section 9 of built-in.o(crypto/seqiv.o) is not in EXIDX output section
arm-linux-androideabi-ld: warning: unwinding may not work because EXIDX input section 9 of built-in.o(crypto/echainiv.o) is not in EXIDX output section
arm-linux-androideabi-ld: warning: unwinding may not work because EXIDX input section 9 of built-in.o(crypto/algboss.o) is not in EXIDX output section
arm-linux-androideabi-ld: warning: unwinding may not work because EXIDX input section 9 of built-in.o(crypto/cmac.o) is not in EXIDX output section
arm-linux-androideabi-ld: warning: unwinding may not work because EXIDX input section 9 of built-in.o(crypto/hmac.o) is not in EXIDX output section
arm-linux-androideabi-ld: warning: unwinding may not work because EXIDX input section 9 of built-in.o(crypto/xcbc.o) is not in EXIDX output section
arm-linux-androideabi-ld: warning: unwinding may not work because EXIDX input section 10 of built-in.o(crypto/crypto_null.o) is not in EXIDX output section
arm-linux-androideabi-ld: warning: unwinding may not work because EXIDX input section 7 of built-in.o(crypto/md5.o) is not in EXIDX output section
arm-linux-androideabi-ld: warning: unwinding may not work because EXIDX input section 11 of built-in.o(crypto/sha1_generic.o) is not in EXIDX output section
arm-linux-androideabi-ld: warning: unwinding may not work because EXIDX input section 12 of built-in.o(crypto/sha256_generic.o) is not in EXIDX output section
arm-linux-androideabi-ld: warning: unwinding may not work because EXIDX input section 10 of built-in.o(crypto/sha512_generic.o) is not in EXIDX output section
arm-linux-androideabi-ld: warning: unwinding may not work because EXIDX input section 9 of built-in.o(crypto/ecb.o) is not in EXIDX output section
arm-linux-androideabi-ld: warning: unwinding may not work because EXIDX input section 9 of built-in.o(crypto/cbc.o) is not in EXIDX output section
arm-linux-androideabi-ld: warning: unwinding may not work because EXIDX input section 9 of built-in.o(crypto/cts.o) is not in EXIDX output section
arm-linux-androideabi-ld: warning: unwinding may not work because EXIDX input section 9 of built-in.o(crypto/xts.o) is not in EXIDX output section
arm-linux-androideabi-ld: warning: unwinding may not work because EXIDX input section 9 of built-in.o(crypto/ctr.o) is not in EXIDX output section
arm-linux-androideabi-ld: warning: unwinding may not work because EXIDX input section 9 of built-in.o(crypto/gcm.o) is not in EXIDX output section
arm-linux-androideabi-ld: warning: unwinding may not work because EXIDX input section 9 of built-in.o(crypto/ccm.o) is not in EXIDX output section
arm-linux-androideabi-ld: warning: unwinding may not work because EXIDX input section 26 of built-in.o(crypto/cryptd.o) is not in EXIDX output section
arm-linux-androideabi-ld: warning: unwinding may not work because EXIDX input section 10 of built-in.o(crypto/des_generic.o) is not in EXIDX output section
arm-linux-androideabi-ld: warning: unwinding may not work because EXIDX input section 8 of built-in.o(crypto/blowfish_generic.o) is not in EXIDX output section
arm-linux-androideabi-ld: warning: unwinding may not work because EXIDX input section 8 of built-in.o(crypto/twofish_generic.o) is not in EXIDX output section
arm-linux-androideabi-ld: warning: unwinding may not work because EXIDX input section 14 of built-in.o(crypto/aes_generic.o) is not in EXIDX output section
arm-linux-androideabi-ld: warning: unwinding may not work because EXIDX input section 9 of built-in.o(crypto/arc4.o) is not in EXIDX output section
arm-linux-androideabi-ld: warning: unwinding may not work because EXIDX input section 9 of built-in.o(crypto/deflate.o) is not in EXIDX output section
arm-linux-androideabi-ld: warning: unwinding may not work because EXIDX input section 9 of built-in.o(crypto/crc32c_generic.o) is not in EXIDX output section
arm-linux-androideabi-ld: warning: unwinding may not work because EXIDX input section 9 of built-in.o(crypto/crc32_generic.o) is not in EXIDX output section
arm-linux-androideabi-ld: warning: unwinding may not work because EXIDX input section 9 of built-in.o(crypto/authenc.o) is not in EXIDX output section
arm-linux-androideabi-ld: warning: unwinding may not work because EXIDX input section 9 of built-in.o(crypto/authencesn.o) is not in EXIDX output section
arm-linux-androideabi-ld: warning: unwinding may not work because EXIDX input section 9 of built-in.o(crypto/lzo.o) is not in EXIDX output section
arm-linux-androideabi-ld: warning: unwinding may not work because EXIDX input section 9 of built-in.o(crypto/lzo-rle.o) is not in EXIDX output section
arm-linux-androideabi-ld: warning: unwinding may not work because EXIDX input section 9 of built-in.o(crypto/lz4.o) is not in EXIDX output section
arm-linux-androideabi-ld: warning: unwinding may not work because EXIDX input section 8 of built-in.o(crypto/drbg.o) is not in EXIDX output section
arm-linux-androideabi-ld: warning: unwinding may not work because EXIDX input section 12 of built-in.o(crypto/jitterentropy-kcapi.o) is not in EXIDX output section
arm-linux-androideabi-ld: warning: unwinding may not work because EXIDX input section 9 of built-in.o(crypto/ghash-generic.o) is not in EXIDX output section
arm-linux-androideabi-ld: warning: unwinding may not work because EXIDX input section 16 of built-in.o(crypto/asymmetric_keys/asymmetric_type.o) is not in EXIDX output section
arm-linux-androideabi-ld: warning: unwinding may not work because EXIDX input section 12 of built-in.o(crypto/asymmetric_keys/x509_public_key.o) is not in EXIDX output section
arm-linux-androideabi-ld: warning: unwinding may not work because EXIDX input section 9 of built-in.o(block/noop-iosched.o) is not in EXIDX output section
arm-linux-androideabi-ld: warning: unwinding may not work because EXIDX input section 9 of built-in.o(block/deadline-iosched.o) is not in EXIDX output section
arm-linux-androideabi-ld: warning: unwinding may not work because EXIDX input section 9 of built-in.o(block/cfq-iosched.o) is not in EXIDX output section
arm-linux-androideabi-ld: warning: unwinding may not work because EXIDX input section 9 of built-in.o(block/mq-deadline.o) is not in EXIDX output section
arm-linux-androideabi-ld: warning: unwinding may not work because EXIDX input section 9 of built-in.o(block/kyber-iosched.o) is not in EXIDX output section
arm-linux-androideabi-ld: warning: unwinding may not work because EXIDX input section 9 of built-in.o(lib/libcrc32c.o) is not in EXIDX output section
arm-linux-androideabi-ld: warning: unwinding may not work because EXIDX input section 9 of built-in.o(lib/ts_kmp.o) is not in EXIDX output section
arm-linux-androideabi-ld: warning: unwinding may not work because EXIDX input section 9 of built-in.o(lib/ts_bm.o) is not in EXIDX output section
arm-linux-androideabi-ld: warning: unwinding may not work because EXIDX input section 9 of built-in.o(lib/ts_fsm.o) is not in EXIDX output section
arm-linux-androideabi-ld: warning: unwinding may not work because EXIDX input section 10 of built-in.o(lib/sg_pool.o) is not in EXIDX output section
arm-linux-androideabi-ld: warning: unwinding may not work because EXIDX input section 12 of built-in.o(drivers/video/backlight/lcd.o) is not in EXIDX output section
arm-linux-androideabi-ld: warning: unwinding may not work because EXIDX input section 18 of built-in.o(drivers/video/backlight/backlight.o) is not in EXIDX output section
arm-linux-androideabi-ld: warning: unwinding may not work because EXIDX input section 14 of built-in.o(drivers/regulator/fixed.o) is not in EXIDX output section
arm-linux-androideabi-ld: warning: unwinding may not work because EXIDX input section 8 of built-in.o(drivers/tty/n_null.o) is not in EXIDX output section
arm-linux-androideabi-ld: warning: unwinding may not work because EXIDX input section 10 of built-in.o(drivers/char/hw_random/core.o) is not in EXIDX output section
arm-linux-androideabi-ld: warning: unwinding may not work because EXIDX input section 14 of built-in.o(drivers/char/hw_random/mt67xx-rng.o) is not in EXIDX output section
arm-linux-androideabi-ld: warning: unwinding may not work because EXIDX input section 17 of built-in.o(drivers/char/rpmb/core.o) is not in EXIDX output section
arm-linux-androideabi-ld: warning: unwinding may not work because EXIDX input section 6 of built-in.o(drivers/gpu/drm/drm_kms_helper_common.o) is not in EXIDX output section
arm-linux-androideabi-ld: warning: unwinding may not work because EXIDX input section 14 of built-in.o(drivers/base/firmware_class.o) is not in EXIDX output section
arm-linux-androideabi-ld: warning: unwinding may not work because EXIDX input section 14 of built-in.o(drivers/block/brd.o) is not in EXIDX output section
arm-linux-androideabi-ld: warning: unwinding may not work because EXIDX input section 10 of built-in.o(drivers/block/loop.o) is not in EXIDX output section
arm-linux-androideabi-ld: warning: unwinding may not work because EXIDX input section 14 of built-in.o(drivers/block/zram/zram_drv.o) is not in EXIDX output section
arm-linux-androideabi-ld: warning: unwinding may not work because EXIDX input section 13 of built-in.o(drivers/misc/mediatek/emi_bwl/mt6739/emi_bwl.o) is not in EXIDX output section
arm-linux-androideabi-ld: warning: unwinding may not work because EXIDX input section 9 of built-in.o(drivers/misc/mediatek/emi_mpu/mt6739/emi_mpu.o) is not in EXIDX output section
arm-linux-androideabi-ld: warning: unwinding may not work because EXIDX input section 12 of built-in.o(drivers/misc/mediatek/base/power/cpufreq_v2/src/mtk_cpufreq_main.o) is not in EXIDX output section
arm-linux-androideabi-ld: warning: unwinding may not work because EXIDX input section 16 of built-in.o(drivers/misc/mediatek/base/power/eem_v2/mt6739/mtk_eem.o) is not in EXIDX output section
arm-linux-androideabi-ld: warning: unwinding may not work because EXIDX input section 9 of built-in.o(drivers/misc/mediatek/base/power/pbm_v3/mtk_pbm.o) is not in EXIDX output section
arm-linux-androideabi-ld: warning: unwinding may not work because EXIDX input section 30 of built-in.o(drivers/misc/mediatek/base/power/mt6739/mtk_gpufreq.o) is not in EXIDX output section
arm-linux-androideabi-ld: warning: unwinding may not work because EXIDX input section 8 of built-in.o(drivers/misc/mediatek/base/power/mt6739/mtk_picachu.o) is not in EXIDX output section
arm-linux-androideabi-ld: warning: unwinding may not work because EXIDX input section 15 of built-in.o(drivers/misc/mediatek/base/power/power_gs_v1/mtk_power_gs.o) is not in EXIDX output section
arm-linux-androideabi-ld: warning: unwinding may not work because EXIDX input section 12 of built-in.o(drivers/misc/mediatek/base/power/ppm_v3/src/mtk_ppm_main.o) is not in EXIDX output section
arm-linux-androideabi-ld: warning: unwinding may not work because EXIDX input section 12 of built-in.o(drivers/misc/mediatek/base/power/ppm_v3/src/mtk_ppm_cpi.o) is not in EXIDX output section
arm-linux-androideabi-ld: warning: unwinding may not work because EXIDX input section 12 of built-in.o(drivers/misc/mediatek/base/power/ppm_v3/src/mtk_ppm_policy_dlpt.o) is not in EXIDX output section
arm-linux-androideabi-ld: warning: unwinding may not work because EXIDX input section 12 of built-in.o(drivers/misc/mediatek/base/power/ppm_v3/src/mtk_ppm_policy_sys_boost.o) is not in EXIDX output section
arm-linux-androideabi-ld: warning: unwinding may not work because EXIDX input section 12 of built-in.o(drivers/misc/mediatek/base/power/ppm_v3/src/mtk_ppm_policy_ptpod.o) is not in EXIDX output section
arm-linux-androideabi-ld: warning: unwinding may not work because EXIDX input section 12 of built-in.o(drivers/misc/mediatek/base/power/ppm_v3/src/mtk_ppm_policy_pwr_thro.o) is not in EXIDX output section
arm-linux-androideabi-ld: warning: unwinding may not work because EXIDX input section 12 of built-in.o(drivers/misc/mediatek/base/power/ppm_v3/src/mtk_ppm_policy_thermal.o) is not in EXIDX output section
arm-linux-androideabi-ld: warning: unwinding may not work because EXIDX input section 12 of built-in.o(drivers/misc/mediatek/base/power/ppm_v3/src/mtk_ppm_policy_lcm_off.o) is not in EXIDX output section
arm-linux-androideabi-ld: warning: unwinding may not work because EXIDX input section 12 of built-in.o(drivers/misc/mediatek/base/power/ppm_v3/src/mtk_ppm_policy_hard_user_limit.o) is not in EXIDX output section
arm-linux-androideabi-ld: warning: unwinding may not work because EXIDX input section 12 of built-in.o(drivers/misc/mediatek/base/power/ppm_v3/src/mtk_ppm_policy_user_limit.o) is not in EXIDX output section
arm-linux-androideabi-ld: warning: unwinding may not work because EXIDX input section 12 of built-in.o(drivers/misc/mediatek/base/power/ppm_v3/src/mtk_ppm_policy_force_limit.o) is not in EXIDX output section
arm-linux-androideabi-ld: warning: unwinding may not work because EXIDX input section 12 of built-in.o(drivers/misc/mediatek/base/power/ppm_v3/src/mtk_ppm_policy_ut.o) is not in EXIDX output section
arm-linux-androideabi-ld: warning: unwinding may not work because EXIDX input section 14 of built-in.o(drivers/misc/mediatek/base/power/dvfsrc/dvfsrc-boost-driver.o) is not in EXIDX output section
arm-linux-androideabi-ld: warning: unwinding may not work because EXIDX input section 15 of built-in.o(drivers/misc/mediatek/uart/uart.o) is not in EXIDX output section
arm-linux-androideabi-ld: warning: unwinding may not work because EXIDX input section 12 of built-in.o(drivers/misc/mediatek/pmic/common/upmu.o) is not in EXIDX output section
arm-linux-androideabi-ld: warning: unwinding may not work because EXIDX input section 13 of built-in.o(drivers/misc/mediatek/m4u/2.0/m4u.o) is not in EXIDX output section
arm-linux-androideabi-ld: warning: unwinding may not work because EXIDX input section 30 of built-in.o(drivers/misc/mediatek/mmdvfs/mmdvfs_pmqos.o) is not in EXIDX output section
arm-linux-androideabi-ld: warning: unwinding may not work because EXIDX input section 11 of built-in.o(drivers/misc/mediatek/systracker/systracker_interface_v2.o) is not in EXIDX output section
arm-linux-androideabi-ld: warning: unwinding may not work because EXIDX input section 11 of built-in.o(drivers/misc/mediatek/connectivity/wlan_drv_gen2/os/linux/hif/ahb/ahb.o) is not in EXIDX output section
arm-linux-androideabi-ld: warning: unwinding may not work because EXIDX input section 10 of built-in.o(drivers/misc/mediatek/connectivity/gps/stp_chrdev_gps.o) is not in EXIDX output section
arm-linux-androideabi-ld: warning: unwinding may not work because EXIDX input section 9 of built-in.o(drivers/misc/mediatek/masp/asfv2/module/sec_mod.o) is not in EXIDX output section
arm-linux-androideabi-ld: warning: unwinding may not work because EXIDX input section 11 of built-in.o(drivers/misc/mediatek/trusted_mem/dev_mgr.o) is not in EXIDX output section
arm-linux-androideabi-ld: warning: unwinding may not work because EXIDX input section 7 of built-in.o(drivers/misc/mediatek/trusted_mem/proc.o) is not in EXIDX output section
arm-linux-androideabi-ld: warning: unwinding may not work because EXIDX input section 7 of built-in.o(drivers/misc/mediatek/trusted_mem/tee_devices.o) is not in EXIDX output section
arm-linux-androideabi-ld: warning: unwinding may not work because EXIDX input section 12 of built-in.o(drivers/misc/mediatek/atf/atf_logger.o) is not in EXIDX output section
arm-linux-androideabi-ld: warning: unwinding may not work because EXIDX input section 14 of built-in.o(drivers/misc/mediatek/devinfo/devinfo.o) is not in EXIDX output section
arm-linux-androideabi-ld: warning: unwinding may not work because EXIDX input section 19 of built-in.o(drivers/misc/mediatek/dramc/mt6739/mtk_dramc.o) is not in EXIDX output section
arm-linux-androideabi-ld: warning: unwinding may not work because EXIDX input section 9 of built-in.o(drivers/misc/mediatek/gpu/gpu_rgx/m1.13ED5776728/kernel/drivers/staging/imgtec/pvr_platform_drv.o) is not in EXIDX output section
arm-linux-androideabi-ld: warning: unwinding may not work because EXIDX input section 13 of built-in.o(drivers/misc/mediatek/cameraisp/src/mt6739/camera_isp.o) is not in EXIDX output section
arm-linux-androideabi-ld: warning: unwinding may not work because EXIDX input section 9 of built-in.o(drivers/misc/mediatek/cameraisp/src/mt6739/camera_sysram.o) is not in EXIDX output section
arm-linux-androideabi-ld: warning: unwinding may not work because EXIDX input section 11 of built-in.o(drivers/misc/mediatek/cameraisp/rsc/engine_request.o) is not in EXIDX output section
arm-linux-androideabi-ld: warning: unwinding may not work because EXIDX input section 9 of built-in.o(drivers/misc/mediatek/imgsensor/src/common/v1/imgsensor.o) is not in EXIDX output section
arm-linux-androideabi-ld: warning: unwinding may not work because EXIDX input section 12 of built-in.o(drivers/misc/mediatek/imgsensor/src/common/sysfs/imgsensor_sysfs.o) is not in EXIDX output section
arm-linux-androideabi-ld: warning: unwinding may not work because EXIDX input section 12 of built-in.o(drivers/misc/mediatek/cam_cal/src/common/v1/eeprom_driver.o) is not in EXIDX output section
arm-linux-androideabi-ld: warning: unwinding may not work because EXIDX input section 9 of built-in.o(drivers/misc/mediatek/lens/main/main_lens.o) is not in EXIDX output section
arm-linux-androideabi-ld: warning: unwinding may not work because EXIDX input section 12 of built-in.o(drivers/misc/mediatek/lens/main2/main2_lens.o) is not in EXIDX output section
arm-linux-androideabi-ld: warning: unwinding may not work because EXIDX input section 12 of built-in.o(drivers/misc/mediatek/lens/main3/main3_lens.o) is not in EXIDX output section
arm-linux-androideabi-ld: warning: unwinding may not work because EXIDX input section 9 of built-in.o(drivers/misc/mediatek/lens/sub/sub_lens.o) is not in EXIDX output section
arm-linux-androideabi-ld: warning: unwinding may not work because EXIDX input section 12 of built-in.o(drivers/misc/mediatek/lens/sub2/sub2_lens.o) is not in EXIDX output section
arm-linux-androideabi-ld: warning: unwinding may not work because EXIDX input section 23 of built-in.o(drivers/misc/mediatek/flashlight/flashlight-core.o) is not in EXIDX output section
arm-linux-androideabi-ld: warning: unwinding may not work because EXIDX input section 17 of built-in.o(drivers/misc/mediatek/flashlight/flashlights-rt4505.o) is not in EXIDX output section
arm-linux-androideabi-ld: warning: unwinding may not work because EXIDX input section 12 of built-in.o(drivers/misc/mediatek/flashlight/flashlights-s2mu005.o) is not in EXIDX output section
arm-linux-androideabi-ld: warning: unwinding may not work because EXIDX input section 12 of built-in.o(drivers/misc/mediatek/mlog/mlog_logger.o) is not in EXIDX output section
arm-linux-androideabi-ld: warning: unwinding may not work because EXIDX input section 11 of built-in.o(drivers/misc/mediatek/auxadc/mtk_auxadc.o) is not in EXIDX output section
arm-linux-androideabi-ld: warning: unwinding may not work because EXIDX input section 11 of built-in.o(drivers/misc/mediatek/pwm/mtk_pwm.o) is not in EXIDX output section
arm-linux-androideabi-ld: warning: unwinding may not work because EXIDX input section 17 of built-in.o(drivers/misc/mediatek/eccci/modem_io_device.o) is not in EXIDX output section
arm-linux-androideabi-ld: warning: unwinding may not work because EXIDX input section 12 of built-in.o(drivers/misc/mediatek/memory-amms/memory-amms.o) is not in EXIDX output section
arm-linux-androideabi-ld: warning: unwinding may not work because EXIDX input section 11 of built-in.o(drivers/misc/mediatek/leds/mtk_leds_drv.o) is not in EXIDX output section
arm-linux-androideabi-ld: warning: unwinding may not work because EXIDX input section 17 of built-in.o(drivers/misc/mediatek/usb20/mt6739/usb20.o) is not in EXIDX output section
arm-linux-androideabi-ld: warning: unwinding may not work because EXIDX input section 16 of built-in.o(drivers/misc/mediatek/usb20/musb_core.o) is not in EXIDX output section
arm-linux-androideabi-ld: warning: unwinding may not work because EXIDX input section 12 of built-in.o(drivers/misc/mediatek/boot/mtk_boot_common.o) is not in EXIDX output section
arm-linux-androideabi-ld: warning: unwinding may not work because EXIDX input section 11 of built-in.o(drivers/misc/mediatek/boot/mtk_boot.o) is not in EXIDX output section
arm-linux-androideabi-ld: warning: unwinding may not work because EXIDX input section 22 of built-in.o(drivers/misc/mediatek/aee/common/aee-common.o) is not in EXIDX output section
arm-linux-androideabi-ld: warning: unwinding may not work because EXIDX input section 9 of built-in.o(drivers/misc/mediatek/aee/aed/aed-main.o) is not in EXIDX output section
arm-linux-androideabi-ld: warning: unwinding may not work because EXIDX input section 12 of built-in.o(drivers/misc/mediatek/aee/mrdump/mrdump_key_setup.o) is not in EXIDX output section
arm-linux-androideabi-ld: warning: unwinding may not work because EXIDX input section 17 of built-in.o(drivers/misc/mediatek/cmdq/v3/cmdq_driver.o) is not in EXIDX output section
arm-linux-androideabi-ld: warning: unwinding may not work because EXIDX input section 14 of built-in.o(drivers/misc/mediatek/cmdq/v3/cmdq_test.o) is not in EXIDX output section
arm-linux-androideabi-ld: warning: unwinding may not work because EXIDX input section 12 of built-in.o(drivers/misc/mediatek/video/mt6739/dispsys/ddp_drv.o) is not in EXIDX output section
arm-linux-androideabi-ld: warning: unwinding may not work because EXIDX input section 19 of built-in.o(drivers/misc/mediatek/video/mt6739/videox/mtkfb.o) is not in EXIDX output section
arm-linux-androideabi-ld: warning: unwinding may not work because EXIDX input section 12 of built-in.o(drivers/misc/mediatek/video/mt6739/videox/mtk_disp_mgr.o) is not in EXIDX output section
arm-linux-androideabi-ld: warning: unwinding may not work because EXIDX input section 30 of built-in.o(drivers/misc/mediatek/rt-regmap/rt-regmap.o) is not in EXIDX output section
arm-linux-androideabi-ld: warning: unwinding may not work because EXIDX input section 10 of built-in.o(drivers/misc/mediatek/videocodec/mt6739/videocodec_kernel_driver.o) is not in EXIDX output section
arm-linux-androideabi-ld: warning: unwinding may not work because EXIDX input section 12 of built-in.o(drivers/misc/mediatek/jpeg/v2/jpeg_drv.o) is not in EXIDX output section
arm-linux-androideabi-ld: warning: unwinding may not work because EXIDX input section 9 of built-in.o(drivers/misc/mediatek/c2k_usb/f_rawbulk.o) is not in EXIDX output section
arm-linux-androideabi-ld: warning: unwinding may not work because EXIDX input section 19 of built-in.o(drivers/misc/mediatek/c2k_usb/rawbulk_transfer.o) is not in EXIDX output section
arm-linux-androideabi-ld: warning: unwinding may not work because EXIDX input section 13 of built-in.o(drivers/misc/mediatek/usb_boost/v1/usb_boost_plat.o) is not in EXIDX output section
arm-linux-androideabi-ld: warning: unwinding may not work because EXIDX input section 16 of built-in.o(drivers/misc/mediatek/thermal/mtk_thermal_monitor.o) is not in EXIDX output section
arm-linux-androideabi-ld: warning: unwinding may not work because EXIDX input section 12 of built-in.o(drivers/misc/mediatek/thermal/mtk_cooler_shutdown.o) is not in EXIDX output section
arm-linux-androideabi-ld: warning: unwinding may not work because EXIDX input section 9 of built-in.o(drivers/misc/mediatek/thermal/mtk_cooler_backlight.o) is not in EXIDX output section
arm-linux-androideabi-ld: warning: unwinding may not work because EXIDX input section 9 of built-in.o(drivers/misc/mediatek/thermal/mtk_cooler_kshutdown.o) is not in EXIDX output section
arm-linux-androideabi-ld: warning: unwinding may not work because EXIDX input section 12 of built-in.o(drivers/misc/mediatek/thermal/mtk_cooler_cam.o) is not in EXIDX output section
arm-linux-androideabi-ld: warning: unwinding may not work because EXIDX input section 14 of built-in.o(drivers/misc/mediatek/thermal/common/mtk_thermal_platform.o) is not in EXIDX output section
arm-linux-androideabi-ld: warning: unwinding may not work because EXIDX input section 12 of built-in.o(drivers/misc/mediatek/thermal/common/thermal_zones/mtk_ts_battery.o) is not in EXIDX output section
arm-linux-androideabi-ld: warning: unwinding may not work because EXIDX input section 12 of built-in.o(drivers/misc/mediatek/thermal/common/thermal_zones/mtk_ts_bts.o) is not in EXIDX output section
arm-linux-androideabi-ld: warning: unwinding may not work because EXIDX input section 12 of built-in.o(drivers/misc/mediatek/thermal/common/thermal_zones/mtk_ts_btsmdpa.o) is not in EXIDX output section
arm-linux-androideabi-ld: warning: unwinding may not work because EXIDX input section 13 of built-in.o(drivers/misc/mediatek/thermal/common/thermal_zones/mtk_ts_cpu_noBank.o) is not in EXIDX output section
arm-linux-androideabi-ld: warning: unwinding may not work because EXIDX input section 12 of built-in.o(drivers/misc/mediatek/thermal/common/thermal_zones/mtk_ts_pa.o) is not in EXIDX output section
arm-linux-androideabi-ld: warning: unwinding may not work because EXIDX input section 18 of built-in.o(drivers/misc/mediatek/thermal/common/thermal_zones/mtk_ts_pa_thput.o) is not in EXIDX output section
arm-linux-androideabi-ld: warning: unwinding may not work because EXIDX input section 9 of built-in.o(drivers/misc/mediatek/thermal/common/thermal_zones/mtk_ts_pmic.o) is not in EXIDX output section
arm-linux-androideabi-ld: warning: unwinding may not work because EXIDX input section 14 of built-in.o(drivers/misc/mediatek/thermal/common/thermal_zones/mtk_ts_wmt.o) is not in EXIDX output section
arm-linux-androideabi-ld: warning: unwinding may not work because EXIDX input section 9 of built-in.o(drivers/misc/mediatek/thermal/common/thermal_zones/mtk_tsAll.o) is not in EXIDX output section
arm-linux-androideabi-ld: warning: unwinding may not work because EXIDX input section 12 of built-in.o(drivers/misc/mediatek/thermal/common/thermal_zones/mtk_ts_imgsensor.o) is not in EXIDX output section
arm-linux-androideabi-ld: warning: unwinding may not work because EXIDX input section 12 of built-in.o(drivers/misc/mediatek/thermal/common/coolers/mtk_cooler_mutt.o) is not in EXIDX output section
arm-linux-androideabi-ld: warning: unwinding may not work because EXIDX input section 15 of built-in.o(drivers/misc/mediatek/thermal/common/coolers/mtk_cooler_atm.o) is not in EXIDX output section
arm-linux-androideabi-ld: warning: unwinding may not work because EXIDX input section 9 of built-in.o(drivers/misc/mediatek/thermal/common/coolers/mtk_cooler_dtm.o) is not in EXIDX output section
arm-linux-androideabi-ld: warning: unwinding may not work because EXIDX input section 9 of built-in.o(drivers/misc/mediatek/thermal/common/coolers/mtk_cooler_sysrst.o) is not in EXIDX output section
arm-linux-androideabi-ld: warning: unwinding may not work because EXIDX input section 9 of built-in.o(drivers/misc/mediatek/thermal/common/coolers/mtk_cooler_VR_FPS.o) is not in EXIDX output section
arm-linux-androideabi-ld: warning: unwinding may not work because EXIDX input section 9 of built-in.o(drivers/misc/mediatek/thermal/mt6739/src/mtk_ts_6357buck1.o) is not in EXIDX output section
arm-linux-androideabi-ld: warning: unwinding may not work because EXIDX input section 9 of built-in.o(drivers/misc/mediatek/thermal/mt6739/src/mtk_ts_6357buck2.o) is not in EXIDX output section
arm-linux-androideabi-ld: warning: unwinding may not work because EXIDX input section 17 of built-in.o(drivers/misc/dev_ril_bridge.o) is not in EXIDX output section
arm-linux-androideabi-ld: warning: unwinding may not work because EXIDX input section 12 of built-in.o(drivers/misc/tzdev/4.1/extensions/irs.o) is not in EXIDX output section
arm-linux-androideabi-ld: warning: unwinding may not work because EXIDX input section 15 of built-in.o(drivers/mfd/syscon.o) is not in EXIDX output section
arm-linux-androideabi-ld: warning: unwinding may not work because EXIDX input section 14 of built-in.o(drivers/mfd/mt635x-ot-debug.o) is not in EXIDX output section
arm-linux-androideabi-ld: warning: unwinding may not work because EXIDX input section 26 of built-in.o(drivers/dax/super.o) is not in EXIDX output section
arm-linux-androideabi-ld: warning: unwinding may not work because EXIDX input section 29 of built-in.o(drivers/dma-buf/dma-buf.o) is not in EXIDX output section
arm-linux-androideabi-ld: warning: unwinding may not work because EXIDX input section 27 of built-in.o(drivers/scsi/scsi.o) is not in EXIDX output section
arm-linux-androideabi-ld: warning: unwinding may not work because EXIDX input section 9 of built-in.o(drivers/scsi/sd.o) is not in EXIDX output section
arm-linux-androideabi-ld: warning: unwinding may not work because EXIDX input section 14 of built-in.o(drivers/spi/spi-mt65xx.o) is not in EXIDX output section
arm-linux-androideabi-ld: warning: unwinding may not work because EXIDX input section 10 of built-in.o(drivers/spi/spi-mt65xx-dev.o) is not in EXIDX output section
arm-linux-androideabi-ld: warning: unwinding may not work because EXIDX input section 9 of built-in.o(drivers/net/dummy.o) is not in EXIDX output section
arm-linux-androideabi-ld: warning: unwinding may not work because EXIDX input section 8 of built-in.o(drivers/net/ifb.o) is not in EXIDX output section
arm-linux-androideabi-ld: warning: unwinding may not work because EXIDX input section 51 of built-in.o(drivers/net/phy/phy_device.o) is not in EXIDX output section
arm-linux-androideabi-ld: warning: unwinding may not work because EXIDX input section 16 of built-in.o(drivers/net/phy/fixed_phy.o) is not in EXIDX output section
arm-linux-androideabi-ld: warning: unwinding may not work because EXIDX input section 9 of built-in.o(drivers/net/veth.o) is not in EXIDX output section
arm-linux-androideabi-ld: warning: unwinding may not work because EXIDX input section 20 of built-in.o(drivers/net/ppp/ppp_generic.o) is not in EXIDX output section
arm-linux-androideabi-ld: warning: unwinding may not work because EXIDX input section 9 of built-in.o(drivers/net/ppp/ppp_async.o) is not in EXIDX output section
arm-linux-androideabi-ld: warning: unwinding may not work because EXIDX input section 9 of built-in.o(drivers/net/ppp/bsd_comp.o) is not in EXIDX output section
arm-linux-androideabi-ld: warning: unwinding may not work because EXIDX input section 9 of built-in.o(drivers/net/ppp/ppp_deflate.o) is not in EXIDX output section
arm-linux-androideabi-ld: warning: unwinding may not work because EXIDX input section 9 of built-in.o(drivers/net/ppp/ppp_mppe.o) is not in EXIDX output section
arm-linux-androideabi-ld: warning: unwinding may not work because EXIDX input section 9 of built-in.o(drivers/net/ppp/ppp_synctty.o) is not in EXIDX output section
arm-linux-androideabi-ld: warning: unwinding may not work because EXIDX input section 12 of built-in.o(drivers/net/ppp/pppox.o) is not in EXIDX output section
arm-linux-androideabi-ld: warning: unwinding may not work because EXIDX input section 9 of built-in.o(drivers/net/ppp/pppoe.o) is not in EXIDX output section
arm-linux-androideabi-ld: warning: unwinding may not work because EXIDX input section 8 of built-in.o(drivers/net/ppp/pptp.o) is not in EXIDX output section
arm-linux-androideabi-ld: warning: unwinding may not work because EXIDX input section 14 of built-in.o(drivers/net/usb/rtl8150.o) is not in EXIDX output section
arm-linux-androideabi-ld: warning: unwinding may not work because EXIDX input section 14 of built-in.o(drivers/net/usb/r8152.o) is not in EXIDX output section
arm-linux-androideabi-ld: warning: unwinding may not work because EXIDX input section 14 of built-in.o(drivers/net/usb/asix_devices.o) is not in EXIDX output section
arm-linux-androideabi-ld: warning: unwinding may not work because EXIDX input section 14 of built-in.o(drivers/net/usb/ax88179_178a.o) is not in EXIDX output section
arm-linux-androideabi-ld: warning: unwinding may not work because EXIDX input section 16 of built-in.o(drivers/net/usb/cdc_ether.o) is not in EXIDX output section
arm-linux-androideabi-ld: warning: unwinding may not work because EXIDX input section 14 of built-in.o(drivers/net/usb/cdc_eem.o) is not in EXIDX output section
arm-linux-androideabi-ld: warning: unwinding may not work because EXIDX input section 14 of built-in.o(drivers/net/usb/smsc75xx.o) is not in EXIDX output section
arm-linux-androideabi-ld: warning: unwinding may not work because EXIDX input section 14 of built-in.o(drivers/net/usb/smsc95xx.o) is not in EXIDX output section
arm-linux-androideabi-ld: warning: unwinding may not work because EXIDX input section 14 of built-in.o(drivers/net/usb/net1080.o) is not in EXIDX output section
arm-linux-androideabi-ld: warning: unwinding may not work because EXIDX input section 13 of built-in.o(drivers/net/usb/cdc_subset.o) is not in EXIDX output section
arm-linux-androideabi-ld: warning: unwinding may not work because EXIDX input section 14 of built-in.o(drivers/net/usb/zaurus.o) is not in EXIDX output section
arm-linux-androideabi-ld: warning: unwinding may not work because EXIDX input section 47 of built-in.o(drivers/net/usb/usbnet.o) is not in EXIDX output section
arm-linux-androideabi-ld: warning: unwinding may not work because EXIDX input section 20 of built-in.o(drivers/net/usb/cdc_ncm.o) is not in EXIDX output section
arm-linux-androideabi-ld: warning: unwinding may not work because EXIDX input section 14 of built-in.o(drivers/net/usb/cdc_mbim.o) is not in EXIDX output section
arm-linux-androideabi-ld: warning: unwinding may not work because EXIDX input section 27 of built-in.o(drivers/usb/core/usb.o) is not in EXIDX output section
arm-linux-androideabi-ld: warning: unwinding may not work because EXIDX input section 16 of built-in.o(drivers/usb/phy/phy-generic.o) is not in EXIDX output section
arm-linux-androideabi-ld: warning: unwinding may not work because EXIDX input section 9 of built-in.o(drivers/usb/class/cdc-acm.o) is not in EXIDX output section
arm-linux-androideabi-ld: warning: unwinding may not work because EXIDX input section 14 of built-in.o(drivers/usb/class/usblp.o) is not in EXIDX output section
arm-linux-androideabi-ld: warning: unwinding may not work because EXIDX input section 12 of built-in.o(drivers/usb/class/cdc-wdm.o) is not in EXIDX output section
arm-linux-androideabi-ld: warning: unwinding may not work because EXIDX input section 21 of built-in.o(drivers/usb/storage/usb.o) is not in EXIDX output section
arm-linux-androideabi-ld: warning: unwinding may not work because EXIDX input section 14 of built-in.o(drivers/usb/storage/alauda.o) is not in EXIDX output section
arm-linux-androideabi-ld: warning: unwinding may not work because EXIDX input section 14 of built-in.o(drivers/usb/storage/cypress_atacb.o) is not in EXIDX output section
arm-linux-androideabi-ld: warning: unwinding may not work because EXIDX input section 14 of built-in.o(drivers/usb/storage/datafab.o) is not in EXIDX output section
arm-linux-androideabi-ld: warning: unwinding may not work because EXIDX input section 14 of built-in.o(drivers/usb/storage/freecom.o) is not in EXIDX output section
arm-linux-androideabi-ld: warning: unwinding may not work because EXIDX input section 14 of built-in.o(drivers/usb/storage/isd200.o) is not in EXIDX output section
arm-linux-androideabi-ld: warning: unwinding may not work because EXIDX input section 14 of built-in.o(drivers/usb/storage/jumpshot.o) is not in EXIDX output section
arm-linux-androideabi-ld: warning: unwinding may not work because EXIDX input section 14 of built-in.o(drivers/usb/storage/karma.o) is not in EXIDX output section
arm-linux-androideabi-ld: warning: unwinding may not work because EXIDX input section 14 of built-in.o(drivers/usb/storage/onetouch.o) is not in EXIDX output section
arm-linux-androideabi-ld: warning: unwinding may not work because EXIDX input section 14 of built-in.o(drivers/usb/storage/sddr09.o) is not in EXIDX output section
arm-linux-androideabi-ld: warning: unwinding may not work because EXIDX input section 14 of built-in.o(drivers/usb/storage/sddr55.o) is not in EXIDX output section
arm-linux-androideabi-ld: warning: unwinding may not work because EXIDX input section 14 of built-in.o(drivers/usb/storage/shuttle_usbat.o) is not in EXIDX output section
arm-linux-androideabi-ld: warning: unwinding may not work because EXIDX input section 14 of built-in.o(drivers/usb/serial/usb-serial.o) is not in EXIDX output section
arm-linux-androideabi-ld: warning: unwinding may not work because EXIDX input section 14 of built-in.o(drivers/usb/misc/trancevibrator.o) is not in EXIDX output section
arm-linux-androideabi-ld: warning: unwinding may not work because EXIDX input section 15 of built-in.o(drivers/usb/gadget/configfs.o) is not in EXIDX output section
arm-linux-androideabi-ld: warning: unwinding may not work because EXIDX input section 50 of built-in.o(drivers/usb/gadget/udc/core.o) is not in EXIDX output section
arm-linux-androideabi-ld: warning: unwinding may not work because EXIDX input section 9 of built-in.o(drivers/usb/gadget/function/f_acm.o) is not in EXIDX output section
arm-linux-androideabi-ld: warning: unwinding may not work because EXIDX input section 9 of built-in.o(drivers/usb/gadget/function/f_serial.o) is not in EXIDX output section
arm-linux-androideabi-ld: warning: unwinding may not work because EXIDX input section 30 of built-in.o(drivers/usb/gadget/function/u_ether.o) is not in EXIDX output section
arm-linux-androideabi-ld: warning: unwinding may not work because EXIDX input section 9 of built-in.o(drivers/usb/gadget/function/f_rndis.o) is not in EXIDX output section
arm-linux-androideabi-ld: warning: unwinding may not work because EXIDX input section 11 of built-in.o(drivers/usb/gadget/function/f_fs.o) is not in EXIDX output section
arm-linux-androideabi-ld: warning: unwinding may not work because EXIDX input section 9 of built-in.o(drivers/usb/gadget/function/f_midi.o) is not in EXIDX output section
arm-linux-androideabi-ld: warning: unwinding may not work because EXIDX input section 9 of built-in.o(drivers/usb/gadget/function/f_hid.o) is not in EXIDX output section
arm-linux-androideabi-ld: warning: unwinding may not work because EXIDX input section 10 of built-in.o(drivers/usb/gadget/function/f_dm.o) is not in EXIDX output section
arm-linux-androideabi-ld: warning: unwinding may not work because EXIDX input section 10 of built-in.o(drivers/usb/gadget/function/f_mtp_samsung.o) is not in EXIDX output section
arm-linux-androideabi-ld: warning: unwinding may not work because EXIDX input section 9 of built-in.o(drivers/usb/gadget/function/f_ptp.o) is not in EXIDX output section
arm-linux-androideabi-ld: warning: unwinding may not work because EXIDX input section 12 of built-in.o(drivers/usb/gadget/function/f_audio_source.o) is not in EXIDX output section
arm-linux-androideabi-ld: warning: unwinding may not work because EXIDX input section 10 of built-in.o(drivers/usb/gadget/function/f_accessory.o) is not in EXIDX output section
arm-linux-androideabi-ld: warning: unwinding may not work because EXIDX input section 10 of built-in.o(drivers/usb/gadget/function/f_conn_gadget.o) is not in EXIDX output section
arm-linux-androideabi-ld: warning: unwinding may not work because EXIDX input section 40 of built-in.o(drivers/usb/notify/usb_notify.o) is not in EXIDX output section
arm-linux-androideabi-ld: warning: unwinding may not work because EXIDX input section 9 of built-in.o(drivers/usb/notify/usb_notifier.o) is not in EXIDX output section
arm-linux-androideabi-ld: warning: unwinding may not work because EXIDX input section 20 of built-in.o(drivers/input/serio/serio.o) is not in EXIDX output section
arm-linux-androideabi-ld: warning: unwinding may not work because EXIDX input section 9 of built-in.o(drivers/input/serio/serport.o) is not in EXIDX output section
arm-linux-androideabi-ld: warning: unwinding may not work because EXIDX input section 38 of built-in.o(drivers/input/input.o) is not in EXIDX output section
arm-linux-androideabi-ld: warning: unwinding may not work because EXIDX input section 14 of built-in.o(drivers/input/input-leds.o) is not in EXIDX output section
arm-linux-androideabi-ld: warning: unwinding may not work because EXIDX input section 11 of built-in.o(drivers/input/evdev.o) is not in EXIDX output section
arm-linux-androideabi-ld: warning: unwinding may not work because EXIDX input section 9 of built-in.o(drivers/input/keyboard/atkbd.o) is not in EXIDX output section
arm-linux-androideabi-ld: warning: unwinding may not work because EXIDX input section 17 of built-in.o(drivers/input/keyboard/mediatek/kpd.o) is not in EXIDX output section
arm-linux-androideabi-ld: warning: unwinding may not work because EXIDX input section 14 of built-in.o(drivers/input/joystick/xpad.o) is not in EXIDX output section
arm-linux-androideabi-ld: warning: unwinding may not work because EXIDX input section 14 of built-in.o(drivers/input/tablet/acecad.o) is not in EXIDX output section
arm-linux-androideabi-ld: warning: unwinding may not work because EXIDX input section 14 of built-in.o(drivers/input/tablet/aiptek.o) is not in EXIDX output section
arm-linux-androideabi-ld: warning: unwinding may not work because EXIDX input section 14 of built-in.o(drivers/input/tablet/gtco.o) is not in EXIDX output section
arm-linux-androideabi-ld: warning: unwinding may not work because EXIDX input section 14 of built-in.o(drivers/input/tablet/hanwang.o) is not in EXIDX output section
arm-linux-androideabi-ld: warning: unwinding may not work because EXIDX input section 14 of built-in.o(drivers/input/tablet/kbtab.o) is not in EXIDX output section
arm-linux-androideabi-ld: warning: unwinding may not work because EXIDX input section 12 of built-in.o(drivers/input/touchscreen/ili9881x/ili9881x_init.o) is not in EXIDX output section
arm-linux-androideabi-ld: warning: unwinding may not work because EXIDX input section 12 of built-in.o(drivers/input/touchscreen/NT36672C/nt36xxx.o) is not in EXIDX output section
arm-linux-androideabi-ld: warning: unwinding may not work because EXIDX input section 14 of built-in.o(drivers/input/misc/uinput.o) is not in EXIDX output section
arm-linux-androideabi-ld: warning: unwinding may not work because EXIDX input section 16 of built-in.o(drivers/rtc/rtc-dev.o) is not in EXIDX output section
arm-linux-androideabi-ld: warning: unwinding may not work because EXIDX input section 45 of built-in.o(drivers/i2c/i2c-core-base.o) is not in EXIDX output section
arm-linux-androideabi-ld: warning: unwinding may not work because EXIDX input section 14 of built-in.o(drivers/i2c/busses/i2c-gpio.o) is not in EXIDX output section
arm-linux-androideabi-ld: warning: unwinding may not work because EXIDX input section 15 of built-in.o(drivers/i2c/busses/i2c-mtk.o) is not in EXIDX output section
arm-linux-androideabi-ld: warning: unwinding may not work because EXIDX input section 12 of built-in.o(drivers/i2c/busses/i2c-mtk_debug.o) is not in EXIDX output section
arm-linux-androideabi-ld: warning: unwinding may not work because EXIDX input section 14 of built-in.o(drivers/media/i2c/ir-kbd-i2c.o) is not in EXIDX output section
arm-linux-androideabi-ld: warning: unwinding may not work because EXIDX input section 21 of built-in.o(drivers/media/v4l2-core/v4l2-dev.o) is not in EXIDX output section
arm-linux-androideabi-ld: warning: unwinding may not work because EXIDX input section 8 of built-in.o(drivers/media/rc/keymaps/rc-adstech-dvb-t-pci.o) is not in EXIDX output section
arm-linux-androideabi-ld: warning: unwinding may not work because EXIDX input section 8 of built-in.o(drivers/media/rc/keymaps/rc-alink-dtu-m.o) is not in EXIDX output section
arm-linux-androideabi-ld: warning: unwinding may not work because EXIDX input section 8 of built-in.o(drivers/media/rc/keymaps/rc-anysee.o) is not in EXIDX output section
arm-linux-androideabi-ld: warning: unwinding may not work because EXIDX input section 8 of built-in.o(drivers/media/rc/keymaps/rc-apac-viewcomp.o) is not in EXIDX output section
arm-linux-androideabi-ld: warning: unwinding may not work because EXIDX input section 8 of built-in.o(drivers/media/rc/keymaps/rc-asus-pc39.o) is not in EXIDX output section
arm-linux-androideabi-ld: warning: unwinding may not work because EXIDX input section 8 of built-in.o(drivers/media/rc/keymaps/rc-asus-ps3-100.o) is not in EXIDX output section
arm-linux-androideabi-ld: warning: unwinding may not work because EXIDX input section 8 of built-in.o(drivers/media/rc/keymaps/rc-ati-tv-wonder-hd-600.o) is not in EXIDX output section
arm-linux-androideabi-ld: warning: unwinding may not work because EXIDX input section 8 of built-in.o(drivers/media/rc/keymaps/rc-ati-x10.o) is not in EXIDX output section
arm-linux-androideabi-ld: warning: unwinding may not work because EXIDX input section 8 of built-in.o(drivers/media/rc/keymaps/rc-avermedia-a16d.o) is not in EXIDX output section
arm-linux-androideabi-ld: warning: unwinding may not work because EXIDX input section 8 of built-in.o(drivers/media/rc/keymaps/rc-avermedia.o) is not in EXIDX output section
arm-linux-androideabi-ld: warning: unwinding may not work because EXIDX input section 8 of built-in.o(drivers/media/rc/keymaps/rc-avermedia-cardbus.o) is not in EXIDX output section
arm-linux-androideabi-ld: warning: unwinding may not work because EXIDX input section 8 of built-in.o(drivers/media/rc/keymaps/rc-avermedia-dvbt.o) is not in EXIDX output section
arm-linux-androideabi-ld: warning: unwinding may not work because EXIDX input section 8 of built-in.o(drivers/media/rc/keymaps/rc-avermedia-m135a.o) is not in EXIDX output section
arm-linux-androideabi-ld: warning: unwinding may not work because EXIDX input section 8 of built-in.o(drivers/media/rc/keymaps/rc-avermedia-m733a-rm-k6.o) is not in EXIDX output section
arm-linux-androideabi-ld: warning: unwinding may not work because EXIDX input section 8 of built-in.o(drivers/media/rc/keymaps/rc-avermedia-rm-ks.o) is not in EXIDX output section
arm-linux-androideabi-ld: warning: unwinding may not work because EXIDX input section 8 of built-in.o(drivers/media/rc/keymaps/rc-avertv-303.o) is not in EXIDX output section
arm-linux-androideabi-ld: warning: unwinding may not work because EXIDX input section 8 of built-in.o(drivers/media/rc/keymaps/rc-azurewave-ad-tu700.o) is not in EXIDX output section
arm-linux-androideabi-ld: warning: unwinding may not work because EXIDX input section 8 of built-in.o(drivers/media/rc/keymaps/rc-behold.o) is not in EXIDX output section
arm-linux-androideabi-ld: warning: unwinding may not work because EXIDX input section 8 of built-in.o(drivers/media/rc/keymaps/rc-behold-columbus.o) is not in EXIDX output section
arm-linux-androideabi-ld: warning: unwinding may not work because EXIDX input section 8 of built-in.o(drivers/media/rc/keymaps/rc-budget-ci-old.o) is not in EXIDX output section
arm-linux-androideabi-ld: warning: unwinding may not work because EXIDX input section 8 of built-in.o(drivers/media/rc/keymaps/rc-cec.o) is not in EXIDX output section
arm-linux-androideabi-ld: warning: unwinding may not work because EXIDX input section 8 of built-in.o(drivers/media/rc/keymaps/rc-cinergy-1400.o) is not in EXIDX output section
arm-linux-androideabi-ld: warning: unwinding may not work because EXIDX input section 8 of built-in.o(drivers/media/rc/keymaps/rc-cinergy.o) is not in EXIDX output section
arm-linux-androideabi-ld: warning: unwinding may not work because EXIDX input section 8 of built-in.o(drivers/media/rc/keymaps/rc-d680-dmb.o) is not in EXIDX output section
arm-linux-androideabi-ld: warning: unwinding may not work because EXIDX input section 8 of built-in.o(drivers/media/rc/keymaps/rc-delock-61959.o) is not in EXIDX output section
arm-linux-androideabi-ld: warning: unwinding may not work because EXIDX input section 8 of built-in.o(drivers/media/rc/keymaps/rc-dib0700-nec.o) is not in EXIDX output section
arm-linux-androideabi-ld: warning: unwinding may not work because EXIDX input section 8 of built-in.o(drivers/media/rc/keymaps/rc-dib0700-rc5.o) is not in EXIDX output section
arm-linux-androideabi-ld: warning: unwinding may not work because EXIDX input section 8 of built-in.o(drivers/media/rc/keymaps/rc-digitalnow-tinytwin.o) is not in EXIDX output section
arm-linux-androideabi-ld: warning: unwinding may not work because EXIDX input section 8 of built-in.o(drivers/media/rc/keymaps/rc-digittrade.o) is not in EXIDX output section
arm-linux-androideabi-ld: warning: unwinding may not work because EXIDX input section 8 of built-in.o(drivers/media/rc/keymaps/rc-dm1105-nec.o) is not in EXIDX output section
arm-linux-androideabi-ld: warning: unwinding may not work because EXIDX input section 8 of built-in.o(drivers/media/rc/keymaps/rc-dntv-live-dvb-t.o) is not in EXIDX output section
arm-linux-androideabi-ld: warning: unwinding may not work because EXIDX input section 8 of built-in.o(drivers/media/rc/keymaps/rc-dntv-live-dvbt-pro.o) is not in EXIDX output section
arm-linux-androideabi-ld: warning: unwinding may not work because EXIDX input section 8 of built-in.o(drivers/media/rc/keymaps/rc-dtt200u.o) is not in EXIDX output section
arm-linux-androideabi-ld: warning: unwinding may not work because EXIDX input section 8 of built-in.o(drivers/media/rc/keymaps/rc-dvbsky.o) is not in EXIDX output section
arm-linux-androideabi-ld: warning: unwinding may not work because EXIDX input section 8 of built-in.o(drivers/media/rc/keymaps/rc-dvico-mce.o) is not in EXIDX output section
arm-linux-androideabi-ld: warning: unwinding may not work because EXIDX input section 8 of built-in.o(drivers/media/rc/keymaps/rc-dvico-portable.o) is not in EXIDX output section
arm-linux-androideabi-ld: warning: unwinding may not work because EXIDX input section 8 of built-in.o(drivers/media/rc/keymaps/rc-em-terratec.o) is not in EXIDX output section
arm-linux-androideabi-ld: warning: unwinding may not work because EXIDX input section 8 of built-in.o(drivers/media/rc/keymaps/rc-encore-enltv2.o) is not in EXIDX output section
arm-linux-androideabi-ld: warning: unwinding may not work because EXIDX input section 8 of built-in.o(drivers/media/rc/keymaps/rc-encore-enltv.o) is not in EXIDX output section
arm-linux-androideabi-ld: warning: unwinding may not work because EXIDX input section 8 of built-in.o(drivers/media/rc/keymaps/rc-encore-enltv-fm53.o) is not in EXIDX output section
arm-linux-androideabi-ld: warning: unwinding may not work because EXIDX input section 8 of built-in.o(drivers/media/rc/keymaps/rc-evga-indtube.o) is not in EXIDX output section
arm-linux-androideabi-ld: warning: unwinding may not work because EXIDX input section 8 of built-in.o(drivers/media/rc/keymaps/rc-eztv.o) is not in EXIDX output section
arm-linux-androideabi-ld: warning: unwinding may not work because EXIDX input section 8 of built-in.o(drivers/media/rc/keymaps/rc-flydvb.o) is not in EXIDX output section
arm-linux-androideabi-ld: warning: unwinding may not work because EXIDX input section 8 of built-in.o(drivers/media/rc/keymaps/rc-flyvideo.o) is not in EXIDX output section
arm-linux-androideabi-ld: warning: unwinding may not work because EXIDX input section 8 of built-in.o(drivers/media/rc/keymaps/rc-fusionhdtv-mce.o) is not in EXIDX output section
arm-linux-androideabi-ld: warning: unwinding may not work because EXIDX input section 8 of built-in.o(drivers/media/rc/keymaps/rc-gadmei-rm008z.o) is not in EXIDX output section
arm-linux-androideabi-ld: warning: unwinding may not work because EXIDX input section 8 of built-in.o(drivers/media/rc/keymaps/rc-geekbox.o) is not in EXIDX output section
arm-linux-androideabi-ld: warning: unwinding may not work because EXIDX input section 8 of built-in.o(drivers/media/rc/keymaps/rc-genius-tvgo-a11mce.o) is not in EXIDX output section
arm-linux-androideabi-ld: warning: unwinding may not work because EXIDX input section 8 of built-in.o(drivers/media/rc/keymaps/rc-gotview7135.o) is not in EXIDX output section
arm-linux-androideabi-ld: warning: unwinding may not work because EXIDX input section 8 of built-in.o(drivers/media/rc/keymaps/rc-imon-mce.o) is not in EXIDX output section
arm-linux-androideabi-ld: warning: unwinding may not work because EXIDX input section 8 of built-in.o(drivers/media/rc/keymaps/rc-imon-pad.o) is not in EXIDX output section
arm-linux-androideabi-ld: warning: unwinding may not work because EXIDX input section 8 of built-in.o(drivers/media/rc/keymaps/rc-iodata-bctv7e.o) is not in EXIDX output section
arm-linux-androideabi-ld: warning: unwinding may not work because EXIDX input section 8 of built-in.o(drivers/media/rc/keymaps/rc-it913x-v1.o) is not in EXIDX output section
arm-linux-androideabi-ld: warning: unwinding may not work because EXIDX input section 8 of built-in.o(drivers/media/rc/keymaps/rc-it913x-v2.o) is not in EXIDX output section
arm-linux-androideabi-ld: warning: unwinding may not work because EXIDX input section 8 of built-in.o(drivers/media/rc/keymaps/rc-kaiomy.o) is not in EXIDX output section
arm-linux-androideabi-ld: warning: unwinding may not work because EXIDX input section 8 of built-in.o(drivers/media/rc/keymaps/rc-kworld-315u.o) is not in EXIDX output section
arm-linux-androideabi-ld: warning: unwinding may not work because EXIDX input section 8 of built-in.o(drivers/media/rc/keymaps/rc-kworld-pc150u.o) is not in EXIDX output section
arm-linux-androideabi-ld: warning: unwinding may not work because EXIDX input section 8 of built-in.o(drivers/media/rc/keymaps/rc-kworld-plus-tv-analog.o) is not in EXIDX output section
arm-linux-androideabi-ld: warning: unwinding may not work because EXIDX input section 8 of built-in.o(drivers/media/rc/keymaps/rc-leadtek-y04g0051.o) is not in EXIDX output section
arm-linux-androideabi-ld: warning: unwinding may not work because EXIDX input section 8 of built-in.o(drivers/media/rc/keymaps/rc-lme2510.o) is not in EXIDX output section
arm-linux-androideabi-ld: warning: unwinding may not work because EXIDX input section 8 of built-in.o(drivers/media/rc/keymaps/rc-manli.o) is not in EXIDX output section
arm-linux-androideabi-ld: warning: unwinding may not work because EXIDX input section 8 of built-in.o(drivers/media/rc/keymaps/rc-medion-x10.o) is not in EXIDX output section
arm-linux-androideabi-ld: warning: unwinding may not work because EXIDX input section 8 of built-in.o(drivers/media/rc/keymaps/rc-medion-x10-digitainer.o) is not in EXIDX output section
arm-linux-androideabi-ld: warning: unwinding may not work because EXIDX input section 8 of built-in.o(drivers/media/rc/keymaps/rc-medion-x10-or2x.o) is not in EXIDX output section
arm-linux-androideabi-ld: warning: unwinding may not work because EXIDX input section 8 of built-in.o(drivers/media/rc/keymaps/rc-msi-digivox-ii.o) is not in EXIDX output section
arm-linux-androideabi-ld: warning: unwinding may not work because EXIDX input section 8 of built-in.o(drivers/media/rc/keymaps/rc-msi-digivox-iii.o) is not in EXIDX output section
arm-linux-androideabi-ld: warning: unwinding may not work because EXIDX input section 8 of built-in.o(drivers/media/rc/keymaps/rc-msi-tvanywhere.o) is not in EXIDX output section
arm-linux-androideabi-ld: warning: unwinding may not work because EXIDX input section 8 of built-in.o(drivers/media/rc/keymaps/rc-msi-tvanywhere-plus.o) is not in EXIDX output section
arm-linux-androideabi-ld: warning: unwinding may not work because EXIDX input section 8 of built-in.o(drivers/media/rc/keymaps/rc-nebula.o) is not in EXIDX output section
arm-linux-androideabi-ld: warning: unwinding may not work because EXIDX input section 8 of built-in.o(drivers/media/rc/keymaps/rc-nec-terratec-cinergy-xs.o) is not in EXIDX output section
arm-linux-androideabi-ld: warning: unwinding may not work because EXIDX input section 8 of built-in.o(drivers/media/rc/keymaps/rc-norwood.o) is not in EXIDX output section
arm-linux-androideabi-ld: warning: unwinding may not work because EXIDX input section 8 of built-in.o(drivers/media/rc/keymaps/rc-npgtech.o) is not in EXIDX output section
arm-linux-androideabi-ld: warning: unwinding may not work because EXIDX input section 8 of built-in.o(drivers/media/rc/keymaps/rc-pctv-sedna.o) is not in EXIDX output section
arm-linux-androideabi-ld: warning: unwinding may not work because EXIDX input section 8 of built-in.o(drivers/media/rc/keymaps/rc-pinnacle-color.o) is not in EXIDX output section
arm-linux-androideabi-ld: warning: unwinding may not work because EXIDX input section 8 of built-in.o(drivers/media/rc/keymaps/rc-pinnacle-grey.o) is not in EXIDX output section
arm-linux-androideabi-ld: warning: unwinding may not work because EXIDX input section 8 of built-in.o(drivers/media/rc/keymaps/rc-pinnacle-pctv-hd.o) is not in EXIDX output section
arm-linux-androideabi-ld: warning: unwinding may not work because EXIDX input section 8 of built-in.o(drivers/media/rc/keymaps/rc-pixelview.o) is not in EXIDX output section
arm-linux-androideabi-ld: warning: unwinding may not work because EXIDX input section 8 of built-in.o(drivers/media/rc/keymaps/rc-pixelview-mk12.o) is not in EXIDX output section
arm-linux-androideabi-ld: warning: unwinding may not work because EXIDX input section 8 of built-in.o(drivers/media/rc/keymaps/rc-pixelview-002t.o) is not in EXIDX output section
arm-linux-androideabi-ld: warning: unwinding may not work because EXIDX input section 8 of built-in.o(drivers/media/rc/keymaps/rc-pixelview-new.o) is not in EXIDX output section
arm-linux-androideabi-ld: warning: unwinding may not work because EXIDX input section 8 of built-in.o(drivers/media/rc/keymaps/rc-powercolor-real-angel.o) is not in EXIDX output section
arm-linux-androideabi-ld: warning: unwinding may not work because EXIDX input section 8 of built-in.o(drivers/media/rc/keymaps/rc-proteus-2309.o) is not in EXIDX output section
arm-linux-androideabi-ld: warning: unwinding may not work because EXIDX input section 8 of built-in.o(drivers/media/rc/keymaps/rc-purpletv.o) is not in EXIDX output section
arm-linux-androideabi-ld: warning: unwinding may not work because EXIDX input section 8 of built-in.o(drivers/media/rc/keymaps/rc-pv951.o) is not in EXIDX output section
arm-linux-androideabi-ld: warning: unwinding may not work because EXIDX input section 8 of built-in.o(drivers/media/rc/keymaps/rc-hauppauge.o) is not in EXIDX output section
arm-linux-androideabi-ld: warning: unwinding may not work because EXIDX input section 8 of built-in.o(drivers/media/rc/keymaps/rc-rc6-mce.o) is not in EXIDX output section
arm-linux-androideabi-ld: warning: unwinding may not work because EXIDX input section 8 of built-in.o(drivers/media/rc/keymaps/rc-real-audio-220-32-keys.o) is not in EXIDX output section
arm-linux-androideabi-ld: warning: unwinding may not work because EXIDX input section 8 of built-in.o(drivers/media/rc/keymaps/rc-reddo.o) is not in EXIDX output section
arm-linux-androideabi-ld: warning: unwinding may not work because EXIDX input section 8 of built-in.o(drivers/media/rc/keymaps/rc-snapstream-firefly.o) is not in EXIDX output section
arm-linux-androideabi-ld: warning: unwinding may not work because EXIDX input section 8 of built-in.o(drivers/media/rc/keymaps/rc-streamzap.o) is not in EXIDX output section
arm-linux-androideabi-ld: warning: unwinding may not work because EXIDX input section 8 of built-in.o(drivers/media/rc/keymaps/rc-tbs-nec.o) is not in EXIDX output section
arm-linux-androideabi-ld: warning: unwinding may not work because EXIDX input section 8 of built-in.o(drivers/media/rc/keymaps/rc-technisat-ts35.o) is not in EXIDX output section
arm-linux-androideabi-ld: warning: unwinding may not work because EXIDX input section 8 of built-in.o(drivers/media/rc/keymaps/rc-technisat-usb2.o) is not in EXIDX output section
arm-linux-androideabi-ld: warning: unwinding may not work because EXIDX input section 8 of built-in.o(drivers/media/rc/keymaps/rc-terratec-cinergy-c-pci.o) is not in EXIDX output section
arm-linux-androideabi-ld: warning: unwinding may not work because EXIDX input section 8 of built-in.o(drivers/media/rc/keymaps/rc-terratec-cinergy-s2-hd.o) is not in EXIDX output section
arm-linux-androideabi-ld: warning: unwinding may not work because EXIDX input section 8 of built-in.o(drivers/media/rc/keymaps/rc-terratec-cinergy-xs.o) is not in EXIDX output section
arm-linux-androideabi-ld: warning: unwinding may not work because EXIDX input section 8 of built-in.o(drivers/media/rc/keymaps/rc-terratec-slim.o) is not in EXIDX output section
arm-linux-androideabi-ld: warning: unwinding may not work because EXIDX input section 8 of built-in.o(drivers/media/rc/keymaps/rc-terratec-slim-2.o) is not in EXIDX output section
arm-linux-androideabi-ld: warning: unwinding may not work because EXIDX input section 8 of built-in.o(drivers/media/rc/keymaps/rc-tevii-nec.o) is not in EXIDX output section
arm-linux-androideabi-ld: warning: unwinding may not work because EXIDX input section 8 of built-in.o(drivers/media/rc/keymaps/rc-tivo.o) is not in EXIDX output section
arm-linux-androideabi-ld: warning: unwinding may not work because EXIDX input section 8 of built-in.o(drivers/media/rc/keymaps/rc-total-media-in-hand.o) is not in EXIDX output section
arm-linux-androideabi-ld: warning: unwinding may not work because EXIDX input section 8 of built-in.o(drivers/media/rc/keymaps/rc-total-media-in-hand-02.o) is not in EXIDX output section
arm-linux-androideabi-ld: warning: unwinding may not work because EXIDX input section 8 of built-in.o(drivers/media/rc/keymaps/rc-trekstor.o) is not in EXIDX output section
arm-linux-androideabi-ld: warning: unwinding may not work because EXIDX input section 8 of built-in.o(drivers/media/rc/keymaps/rc-tt-1500.o) is not in EXIDX output section
arm-linux-androideabi-ld: warning: unwinding may not work because EXIDX input section 8 of built-in.o(drivers/media/rc/keymaps/rc-twinhan-dtv-cab-ci.o) is not in EXIDX output section
arm-linux-androideabi-ld: warning: unwinding may not work because EXIDX input section 8 of built-in.o(drivers/media/rc/keymaps/rc-twinhan1027.o) is not in EXIDX output section
arm-linux-androideabi-ld: warning: unwinding may not work because EXIDX input section 8 of built-in.o(drivers/media/rc/keymaps/rc-videomate-m1f.o) is not in EXIDX output section
arm-linux-androideabi-ld: warning: unwinding may not work because EXIDX input section 8 of built-in.o(drivers/media/rc/keymaps/rc-videomate-s350.o) is not in EXIDX output section
arm-linux-androideabi-ld: warning: unwinding may not work because EXIDX input section 8 of built-in.o(drivers/media/rc/keymaps/rc-videomate-tv-pvr.o) is not in EXIDX output section
arm-linux-androideabi-ld: warning: unwinding may not work because EXIDX input section 8 of built-in.o(drivers/media/rc/keymaps/rc-winfast.o) is not in EXIDX output section
arm-linux-androideabi-ld: warning: unwinding may not work because EXIDX input section 8 of built-in.o(drivers/media/rc/keymaps/rc-winfast-usbii-deluxe.o) is not in EXIDX output section
arm-linux-androideabi-ld: warning: unwinding may not work because EXIDX input section 8 of built-in.o(drivers/media/rc/keymaps/rc-su3000.o) is not in EXIDX output section
arm-linux-androideabi-ld: warning: unwinding may not work because EXIDX input section 8 of built-in.o(drivers/media/rc/keymaps/rc-zx-irdec.o) is not in EXIDX output section
arm-linux-androideabi-ld: warning: unwinding may not work because EXIDX input section 25 of built-in.o(drivers/media/rc/rc-main.o) is not in EXIDX output section
arm-linux-androideabi-ld: warning: unwinding may not work because EXIDX input section 9 of built-in.o(drivers/media/rc/ir-nec-decoder.o) is not in EXIDX output section
arm-linux-androideabi-ld: warning: unwinding may not work because EXIDX input section 9 of built-in.o(drivers/media/rc/ir-rc5-decoder.o) is not in EXIDX output section
arm-linux-androideabi-ld: warning: unwinding may not work because EXIDX input section 9 of built-in.o(drivers/media/rc/ir-rc6-decoder.o) is not in EXIDX output section
arm-linux-androideabi-ld: warning: unwinding may not work because EXIDX input section 9 of built-in.o(drivers/media/rc/ir-jvc-decoder.o) is not in EXIDX output section
arm-linux-androideabi-ld: warning: unwinding may not work because EXIDX input section 9 of built-in.o(drivers/media/rc/ir-sony-decoder.o) is not in EXIDX output section
arm-linux-androideabi-ld: warning: unwinding may not work because EXIDX input section 9 of built-in.o(drivers/media/rc/ir-sanyo-decoder.o) is not in EXIDX output section
arm-linux-androideabi-ld: warning: unwinding may not work because EXIDX input section 9 of built-in.o(drivers/media/rc/ir-sharp-decoder.o) is not in EXIDX output section
arm-linux-androideabi-ld: warning: unwinding may not work because EXIDX input section 9 of built-in.o(drivers/media/rc/ir-mce_kbd-decoder.o) is not in EXIDX output section
arm-linux-androideabi-ld: warning: unwinding may not work because EXIDX input section 9 of built-in.o(drivers/media/rc/ir-xmp-decoder.o) is not in EXIDX output section
arm-linux-androideabi-ld: warning: unwinding may not work because EXIDX input section 14 of built-in.o(drivers/media/usb/uvc/uvc_driver.o) is not in EXIDX output section
arm-linux-androideabi-ld: warning: unwinding may not work because EXIDX input section 34 of built-in.o(drivers/power/supply/power_supply_core.o) is not in EXIDX output section
arm-linux-androideabi-ld: warning: unwinding may not work because EXIDX input section 17 of built-in.o(drivers/power/supply/mediatek/misc/mtk_gauge_time_service.o) is not in EXIDX output section
arm-linux-androideabi-ld: warning: unwinding may not work because EXIDX input section 15 of built-in.o(drivers/hwmon/hwmon.o) is not in EXIDX output section
arm-linux-androideabi-ld: warning: unwinding may not work because EXIDX input section 23 of built-in.o(drivers/thermal/thermal_core.o) is not in EXIDX output section
arm-linux-androideabi-ld: warning: unwinding may not work because EXIDX input section 9 of built-in.o(drivers/thermal/backward_compatible.o) is not in EXIDX output section
arm-linux-androideabi-ld: warning: unwinding may not work because EXIDX input section 13 of built-in.o(drivers/watchdog/watchdog_core.o) is not in EXIDX output section
arm-linux-androideabi-ld: warning: unwinding may not work because EXIDX input section 17 of built-in.o(drivers/watchdog/watchdog_dev.o) is not in EXIDX output section
arm-linux-androideabi-ld: warning: unwinding may not work because EXIDX input section 14 of built-in.o(drivers/watchdog/softdog.o) is not in EXIDX output section
arm-linux-androideabi-ld: warning: unwinding may not work because EXIDX input section 12 of built-in.o(drivers/watchdog/mediatek/wdk/wd_common_drv.o) is not in EXIDX output section
arm-linux-androideabi-ld: warning: unwinding may not work because EXIDX input section 9 of built-in.o(drivers/watchdog/mediatek/wdt/common/wdt_v2/mtk_wdt_v2.o) is not in EXIDX output section
arm-linux-androideabi-ld: warning: unwinding may not work because EXIDX input section 27 of built-in.o(drivers/md/dm.o) is not in EXIDX output section
arm-linux-androideabi-ld: warning: unwinding may not work because EXIDX input section 31 of built-in.o(drivers/md/dm-bufio.o) is not in EXIDX output section
arm-linux-androideabi-ld: warning: unwinding may not work because EXIDX input section 9 of built-in.o(drivers/md/dm-crypt.o) is not in EXIDX output section
arm-linux-androideabi-ld: warning: unwinding may not work because EXIDX input section 10 of built-in.o(drivers/md/dm-snap.o) is not in EXIDX output section
arm-linux-androideabi-ld: warning: unwinding may not work because EXIDX input section 12 of built-in.o(drivers/md/dm-verity-target.o) is not in EXIDX output section
arm-linux-androideabi-ld: warning: unwinding may not work because EXIDX input section 12 of built-in.o(drivers/md/alta_bigdata.o) is not in EXIDX output section
arm-linux-androideabi-ld: warning: unwinding may not work because EXIDX input section 12 of built-in.o(drivers/cpufreq/cpufreq_limit_mt6739.o) is not in EXIDX output section
arm-linux-androideabi-ld: warning: unwinding may not work because EXIDX input section 9 of built-in.o(drivers/cpufreq/cpufreq_performance.o) is not in EXIDX output section
arm-linux-androideabi-ld: warning: unwinding may not work because EXIDX input section 19 of built-in.o(drivers/cpufreq/cpufreq_interactive.o) is not in EXIDX output section
arm-linux-androideabi-ld: warning: unwinding may not work because EXIDX input section 48 of built-in.o(drivers/mmc/core/core.o) is not in EXIDX output section
arm-linux-androideabi-ld: warning: unwinding may not work because EXIDX input section 14 of built-in.o(drivers/mmc/core/pwrseq_simple.o) is not in EXIDX output section
arm-linux-androideabi-ld: warning: unwinding may not work because EXIDX input section 14 of built-in.o(drivers/mmc/core/pwrseq_emmc.o) is not in EXIDX output section
arm-linux-androideabi-ld: warning: unwinding may not work because EXIDX input section 14 of built-in.o(drivers/mmc/core/block.o) is not in EXIDX output section
arm-linux-androideabi-ld: warning: unwinding may not work because EXIDX input section 10 of built-in.o(drivers/mmc/host/mediatek/ComboA/sd.o) is not in EXIDX output section
arm-linux-androideabi-ld: warning: unwinding may not work because EXIDX input section 12 of built-in.o(drivers/mmc/host/mediatek/ComboA/mtk_sd_misc.o) is not in EXIDX output section
arm-linux-androideabi-ld: warning: unwinding may not work because EXIDX input section 14 of built-in.o(drivers/leds/led-class.o) is not in EXIDX output section
arm-linux-androideabi-ld: warning: unwinding may not work because EXIDX input section 16 of built-in.o(drivers/leds/leds-s2mu005.o) is not in EXIDX output section
arm-linux-androideabi-ld: warning: unwinding may not work because EXIDX input section 9 of built-in.o(drivers/leds/trigger/ledtrig-timer.o) is not in EXIDX output section
arm-linux-androideabi-ld: warning: unwinding may not work because EXIDX input section 35 of built-in.o(drivers/hid/hid-core.o) is not in EXIDX output section
arm-linux-androideabi-ld: warning: unwinding may not work because EXIDX input section 9 of built-in.o(drivers/hid/uhid.o) is not in EXIDX output section
arm-linux-androideabi-ld: warning: unwinding may not work because EXIDX input section 13 of built-in.o(drivers/hid/hid-generic.o) is not in EXIDX output section
arm-linux-androideabi-ld: warning: unwinding may not work because EXIDX input section 14 of built-in.o(drivers/hid/hid-a4tech.o) is not in EXIDX output section
arm-linux-androideabi-ld: warning: unwinding may not work because EXIDX input section 14 of built-in.o(drivers/hid/hid-axff.o) is not in EXIDX output section
arm-linux-androideabi-ld: warning: unwinding may not work because EXIDX input section 14 of built-in.o(drivers/hid/hid-apple.o) is not in EXIDX output section
arm-linux-androideabi-ld: warning: unwinding may not work because EXIDX input section 14 of built-in.o(drivers/hid/hid-belkin.o) is not in EXIDX output section
arm-linux-androideabi-ld: warning: unwinding may not work because EXIDX input section 14 of built-in.o(drivers/hid/hid-cherry.o) is not in EXIDX output section
arm-linux-androideabi-ld: warning: unwinding may not work because EXIDX input section 14 of built-in.o(drivers/hid/hid-chicony.o) is not in EXIDX output section
arm-linux-androideabi-ld: warning: unwinding may not work because EXIDX input section 14 of built-in.o(drivers/hid/hid-cypress.o) is not in EXIDX output section
arm-linux-androideabi-ld: warning: unwinding may not work because EXIDX input section 14 of built-in.o(drivers/hid/hid-dr.o) is not in EXIDX output section
arm-linux-androideabi-ld: warning: unwinding may not work because EXIDX input section 14 of built-in.o(drivers/hid/hid-emsff.o) is not in EXIDX output section
arm-linux-androideabi-ld: warning: unwinding may not work because EXIDX input section 14 of built-in.o(drivers/hid/hid-elecom.o) is not in EXIDX output section
arm-linux-androideabi-ld: warning: unwinding may not work because EXIDX input section 14 of built-in.o(drivers/hid/hid-ezkey.o) is not in EXIDX output section
arm-linux-androideabi-ld: warning: unwinding may not work because EXIDX input section 14 of built-in.o(drivers/hid/hid-gyration.o) is not in EXIDX output section
arm-linux-androideabi-ld: warning: unwinding may not work because EXIDX input section 14 of built-in.o(drivers/hid/hid-holtek-kbd.o) is not in EXIDX output section
arm-linux-androideabi-ld: warning: unwinding may not work because EXIDX input section 14 of built-in.o(drivers/hid/hid-holtek-mouse.o) is not in EXIDX output section
arm-linux-androideabi-ld: warning: unwinding may not work because EXIDX input section 14 of built-in.o(drivers/hid/hid-holtekff.o) is not in EXIDX output section
arm-linux-androideabi-ld: warning: unwinding may not work because EXIDX input section 14 of built-in.o(drivers/hid/hid-kensington.o) is not in EXIDX output section
arm-linux-androideabi-ld: warning: unwinding may not work because EXIDX input section 14 of built-in.o(drivers/hid/hid-keytouch.o) is not in EXIDX output section
arm-linux-androideabi-ld: warning: unwinding may not work because EXIDX input section 14 of built-in.o(drivers/hid/hid-kye.o) is not in EXIDX output section
arm-linux-androideabi-ld: warning: unwinding may not work because EXIDX input section 14 of built-in.o(drivers/hid/hid-lcpower.o) is not in EXIDX output section
arm-linux-androideabi-ld: warning: unwinding may not work because EXIDX input section 14 of built-in.o(drivers/hid/hid-lg.o) is not in EXIDX output section
arm-linux-androideabi-ld: warning: unwinding may not work because EXIDX input section 14 of built-in.o(drivers/hid/hid-logitech-dj.o) is not in EXIDX output section
arm-linux-androideabi-ld: warning: unwinding may not work because EXIDX input section 14 of built-in.o(drivers/hid/hid-logitech-hidpp.o) is not in EXIDX output section
arm-linux-androideabi-ld: warning: unwinding may not work because EXIDX input section 14 of built-in.o(drivers/hid/hid-magicmouse.o) is not in EXIDX output section
arm-linux-androideabi-ld: warning: unwinding may not work because EXIDX input section 14 of built-in.o(drivers/hid/hid-microsoft.o) is not in EXIDX output section
arm-linux-androideabi-ld: warning: unwinding may not work because EXIDX input section 14 of built-in.o(drivers/hid/hid-monterey.o) is not in EXIDX output section
arm-linux-androideabi-ld: warning: unwinding may not work because EXIDX input section 14 of built-in.o(drivers/hid/hid-multitouch.o) is not in EXIDX output section
arm-linux-androideabi-ld: warning: unwinding may not work because EXIDX input section 14 of built-in.o(drivers/hid/hid-nintendo.o) is not in EXIDX output section
arm-linux-androideabi-ld: warning: unwinding may not work because EXIDX input section 14 of built-in.o(drivers/hid/hid-ntrig.o) is not in EXIDX output section
arm-linux-androideabi-ld: warning: unwinding may not work because EXIDX input section 14 of built-in.o(drivers/hid/hid-ortek.o) is not in EXIDX output section
arm-linux-androideabi-ld: warning: unwinding may not work because EXIDX input section 14 of built-in.o(drivers/hid/hid-prodikeys.o) is not in EXIDX output section
arm-linux-androideabi-ld: warning: unwinding may not work because EXIDX input section 14 of built-in.o(drivers/hid/hid-pl.o) is not in EXIDX output section
arm-linux-androideabi-ld: warning: unwinding may not work because EXIDX input section 14 of built-in.o(drivers/hid/hid-petalynx.o) is not in EXIDX output section
arm-linux-androideabi-ld: warning: unwinding may not work because EXIDX input section 17 of built-in.o(drivers/hid/hid-picolcd_core.o) is not in EXIDX output section
arm-linux-androideabi-ld: warning: unwinding may not work because EXIDX input section 14 of built-in.o(drivers/hid/hid-plantronics.o) is not in EXIDX output section
arm-linux-androideabi-ld: warning: unwinding may not work because EXIDX input section 14 of built-in.o(drivers/hid/hid-primax.o) is not in EXIDX output section
arm-linux-androideabi-ld: warning: unwinding may not work because EXIDX input section 11 of built-in.o(drivers/hid/hid-roccat.o) is not in EXIDX output section
arm-linux-androideabi-ld: warning: unwinding may not work because EXIDX input section 9 of built-in.o(drivers/hid/hid-roccat-arvo.o) is not in EXIDX output section
arm-linux-androideabi-ld: warning: unwinding may not work because EXIDX input section 9 of built-in.o(drivers/hid/hid-roccat-isku.o) is not in EXIDX output section
arm-linux-androideabi-ld: warning: unwinding may not work because EXIDX input section 9 of built-in.o(drivers/hid/hid-roccat-kone.o) is not in EXIDX output section
arm-linux-androideabi-ld: warning: unwinding may not work because EXIDX input section 9 of built-in.o(drivers/hid/hid-roccat-koneplus.o) is not in EXIDX output section
arm-linux-androideabi-ld: warning: unwinding may not work because EXIDX input section 9 of built-in.o(drivers/hid/hid-roccat-konepure.o) is not in EXIDX output section
arm-linux-androideabi-ld: warning: unwinding may not work because EXIDX input section 9 of built-in.o(drivers/hid/hid-roccat-kovaplus.o) is not in EXIDX output section
arm-linux-androideabi-ld: warning: unwinding may not work because EXIDX input section 14 of built-in.o(drivers/hid/hid-roccat-lua.o) is not in EXIDX output section
arm-linux-androideabi-ld: warning: unwinding may not work because EXIDX input section 9 of built-in.o(drivers/hid/hid-roccat-pyra.o) is not in EXIDX output section
arm-linux-androideabi-ld: warning: unwinding may not work because EXIDX input section 9 of built-in.o(drivers/hid/hid-roccat-ryos.o) is not in EXIDX output section
arm-linux-androideabi-ld: warning: unwinding may not work because EXIDX input section 9 of built-in.o(drivers/hid/hid-roccat-savu.o) is not in EXIDX output section
arm-linux-androideabi-ld: warning: unwinding may not work because EXIDX input section 14 of built-in.o(drivers/hid/hid-saitek.o) is not in EXIDX output section
arm-linux-androideabi-ld: warning: unwinding may not work because EXIDX input section 14 of built-in.o(drivers/hid/hid-samsung.o) is not in EXIDX output section
arm-linux-androideabi-ld: warning: unwinding may not work because EXIDX input section 14 of built-in.o(drivers/hid/hid-sjoy.o) is not in EXIDX output section
arm-linux-androideabi-ld: warning: unwinding may not work because EXIDX input section 9 of built-in.o(drivers/hid/hid-sony.o) is not in EXIDX output section
arm-linux-androideabi-ld: warning: unwinding may not work because EXIDX input section 13 of built-in.o(drivers/hid/hid-speedlink.o) is not in EXIDX output section
arm-linux-androideabi-ld: warning: unwinding may not work because EXIDX input section 14 of built-in.o(drivers/hid/hid-sunplus.o) is not in EXIDX output section
arm-linux-androideabi-ld: warning: unwinding may not work because EXIDX input section 14 of built-in.o(drivers/hid/hid-gaff.o) is not in EXIDX output section
arm-linux-androideabi-ld: warning: unwinding may not work because EXIDX input section 14 of built-in.o(drivers/hid/hid-tmff.o) is not in EXIDX output section
arm-linux-androideabi-ld: warning: unwinding may not work because EXIDX input section 14 of built-in.o(drivers/hid/hid-tivo.o) is not in EXIDX output section
arm-linux-androideabi-ld: warning: unwinding may not work because EXIDX input section 14 of built-in.o(drivers/hid/hid-topseed.o) is not in EXIDX output section
arm-linux-androideabi-ld: warning: unwinding may not work because EXIDX input section 14 of built-in.o(drivers/hid/hid-twinhan.o) is not in EXIDX output section
arm-linux-androideabi-ld: warning: unwinding may not work because EXIDX input section 14 of built-in.o(drivers/hid/hid-uclogic.o) is not in EXIDX output section
arm-linux-androideabi-ld: warning: unwinding may not work because EXIDX input section 14 of built-in.o(drivers/hid/hid-zpff.o) is not in EXIDX output section
arm-linux-androideabi-ld: warning: unwinding may not work because EXIDX input section 14 of built-in.o(drivers/hid/hid-zydacron.o) is not in EXIDX output section
arm-linux-androideabi-ld: warning: unwinding may not work because EXIDX input section 17 of built-in.o(drivers/hid/wacom_sys.o) is not in EXIDX output section
arm-linux-androideabi-ld: warning: unwinding may not work because EXIDX input section 14 of built-in.o(drivers/hid/hid-waltop.o) is not in EXIDX output section
arm-linux-androideabi-ld: warning: unwinding may not work because EXIDX input section 17 of built-in.o(drivers/hid/hid-wiimote-core.o) is not in EXIDX output section
arm-linux-androideabi-ld: warning: unwinding may not work because EXIDX input section 9 of built-in.o(drivers/hid/usbhid/hid-core.o) is not in EXIDX output section
arm-linux-androideabi-ld: warning: unwinding may not work because EXIDX input section 13 of built-in.o(drivers/staging/android/ion/mtk/ion_drv.o) is not in EXIDX output section
arm-linux-androideabi-ld: warning: unwinding may not work because EXIDX input section 12 of built-in.o(drivers/staging/android/alarm-dev.o) is not in EXIDX output section
arm-linux-androideabi-ld: warning: unwinding may not work because EXIDX input section 8 of built-in.o(drivers/staging/android/lmkd_debug.o) is not in EXIDX output section
arm-linux-androideabi-ld: warning: unwinding may not work because EXIDX input section 30 of built-in.o(drivers/extcon/extcon.o) is not in EXIDX output section
arm-linux-androideabi-ld: warning: unwinding may not work because EXIDX input section 30 of built-in.o(drivers/iio/industrialio-core.o) is not in EXIDX output section
arm-linux-androideabi-ld: warning: unwinding may not work because EXIDX input section 27 of built-in.o(drivers/nvmem/core.o) is not in EXIDX output section
arm-linux-androideabi-ld: warning: unwinding may not work because EXIDX input section 12 of built-in.o(drivers/samsung/sec_param.o) is not in EXIDX output section
arm-linux-androideabi-ld: warning: unwinding may not work because EXIDX input section 12 of built-in.o(drivers/samsung/sec_key_notifier.o) is not in EXIDX output section
arm-linux-androideabi-ld: warning: unwinding may not work because EXIDX input section 12 of built-in.o(drivers/switch/switch_class.o) is not in EXIDX output section
arm-linux-androideabi-ld: warning: unwinding may not work because EXIDX input section 9 of built-in.o(drivers/sensors/isg5320a_a02.o) is not in EXIDX output section
arm-linux-androideabi-ld: warning: unwinding may not work because EXIDX input section 9 of built-in.o(drivers/sensors/isg5320a_sub_a02.o) is not in EXIDX output section
arm-linux-androideabi-ld: warning: unwinding may not work because EXIDX input section 12 of built-in.o(drivers/sensors/sensors_core.o) is not in EXIDX output section
arm-linux-androideabi-ld: warning: unwinding may not work because EXIDX input section 14 of built-in.o(drivers/sensors/lis2ds_i2c_a02.o) is not in EXIDX output section
arm-linux-androideabi-ld: warning: unwinding may not work because EXIDX input section 12 of built-in.o(drivers/battery/charger/s2mu005_charger/s2mu005_charger.o) is not in EXIDX output section
arm-linux-androideabi-ld: warning: unwinding may not work because EXIDX input section 11 of built-in.o(drivers/sti/abc/abc_common.o) is not in EXIDX output section
arm-linux-androideabi-ld: warning: unwinding may not work because EXIDX input section 10 of built-in.o(drivers/sti/abc/abc_hub_core.o) is not in EXIDX output section
arm-linux-androideabi-ld: warning: unwinding may not work because EXIDX input section 17 of built-in.o(drivers/muic/slsi/s2mu005/s2mu005-muic.o) is not in EXIDX output section
arm-linux-androideabi-ld: warning: unwinding may not work because EXIDX input section 12 of built-in.o(drivers/input/input_boost/evdev_booster.o) is not in EXIDX output section
arm-linux-androideabi-ld: warning: unwinding may not work because EXIDX input section 17 of built-in.o(drivers/hwmon/sec_thermistor/sec_thermistor.o) is not in EXIDX output section
arm-linux-androideabi-ld: warning: unwinding may not work because EXIDX input section 18 of built-in.o(drivers/mfd/slsi/s2mu005/s2mu005_core.o) is not in EXIDX output section
arm-linux-androideabi-ld: warning: unwinding may not work because EXIDX input section 12 of built-in.o(drivers/battery/fuelgauge/s2mu005_fuelgauge/s2mu005_fuelgauge.o) is not in EXIDX output section
arm-linux-androideabi-ld: warning: unwinding may not work because EXIDX input section 17 of built-in.o(drivers/battery/common/sec_battery.o) is not in EXIDX output section
arm-linux-androideabi-ld: warning: unwinding may not work because EXIDX input section 14 of built-in.o(drivers/vibrator/dc/dc_vibrator.o) is not in EXIDX output section
arm-linux-androideabi-ld: warning: unwinding may not work because EXIDX input section 7 of built-in.o(sound/sound_core.o) is not in EXIDX output section
arm-linux-androideabi-ld: warning: unwinding may not work because EXIDX input section 17 of built-in.o(sound/core/sound.o) is not in EXIDX output section
arm-linux-androideabi-ld: warning: unwinding may not work because EXIDX input section 18 of built-in.o(sound/core/info.o) is not in EXIDX output section
arm-linux-androideabi-ld: warning: unwinding may not work because EXIDX input section 9 of built-in.o(sound/core/hwdep.o) is not in EXIDX output section
arm-linux-androideabi-ld: warning: unwinding may not work because EXIDX input section 21 of built-in.o(sound/core/timer.o) is not in EXIDX output section
arm-linux-androideabi-ld: warning: unwinding may not work because EXIDX input section 8 of built-in.o(sound/core/hrtimer.o) is not in EXIDX output section
arm-linux-androideabi-ld: warning: unwinding may not work because EXIDX input section 13 of built-in.o(sound/core/pcm.o) is not in EXIDX output section
arm-linux-androideabi-ld: warning: unwinding may not work because EXIDX input section 15 of built-in.o(sound/core/seq_device.o) is not in EXIDX output section
arm-linux-androideabi-ld: warning: unwinding may not work because EXIDX input section 27 of built-in.o(sound/core/rawmidi.o) is not in EXIDX output section
arm-linux-androideabi-ld: warning: unwinding may not work because EXIDX input section 7 of built-in.o(sound/core/seq/seq.o) is not in EXIDX output section
arm-linux-androideabi-ld: warning: unwinding may not work because EXIDX input section 20 of built-in.o(sound/core/seq/seq_clientmgr.o) is not in EXIDX output section
arm-linux-androideabi-ld: warning: unwinding may not work because EXIDX input section 14 of built-in.o(sound/core/seq/seq_memory.o) is not in EXIDX output section
arm-linux-androideabi-ld: warning: unwinding may not work because EXIDX input section 15 of built-in.o(sound/core/seq/seq_queue.o) is not in EXIDX output section
arm-linux-androideabi-ld: warning: unwinding may not work because EXIDX input section 12 of built-in.o(sound/core/seq/seq_info.o) is not in EXIDX output section
arm-linux-androideabi-ld: warning: unwinding may not work because EXIDX input section 8 of built-in.o(sound/core/seq/seq_dummy.o) is not in EXIDX output section
arm-linux-androideabi-ld: warning: unwinding may not work because EXIDX input section 14 of built-in.o(sound/core/seq/seq_midi.o) is not in EXIDX output section
arm-linux-androideabi-ld: warning: unwinding may not work because EXIDX input section 16 of built-in.o(sound/core/seq/seq_midi_event.o) is not in EXIDX output section
arm-linux-androideabi-ld: warning: unwinding may not work because EXIDX input section 19 of built-in.o(sound/usb/card.o) is not in EXIDX output section
arm-linux-androideabi-ld: warning: unwinding may not work because EXIDX input section 66 of built-in.o(sound/soc/soc-core.o) is not in EXIDX output section
arm-linux-androideabi-ld: warning: unwinding may not work because EXIDX input section 24 of built-in.o(sound/soc/soc-utils.o) is not in EXIDX output section
arm-linux-androideabi-ld: warning: unwinding may not work because EXIDX input section 17 of built-in.o(sound/soc/mediatek/common/mtk-btcvsd.o) is not in EXIDX output section
arm-linux-androideabi-ld: warning: unwinding may not work because EXIDX input section 12 of built-in.o(sound/soc/mediatek/codec/mt6357/mtk-soc-codec-6357.o) is not in EXIDX output section
arm-linux-androideabi-ld: warning: unwinding may not work because EXIDX input section 13 of built-in.o(sound/soc/mediatek/common_int/mtk-soc-speaker-amp.o) is not in EXIDX output section
arm-linux-androideabi-ld: warning: unwinding may not work because EXIDX input section 14 of built-in.o(sound/soc/mediatek/common_int/mtk-soc-pcm-capture.o) is not in EXIDX output section
arm-linux-androideabi-ld: warning: unwinding may not work because EXIDX input section 14 of built-in.o(sound/soc/mediatek/common_int/mtk-soc-pcm-dl1.o) is not in EXIDX output section
arm-linux-androideabi-ld: warning: unwinding may not work because EXIDX input section 14 of built-in.o(sound/soc/mediatek/common_int/mtk-soc-pcm-dummy.o) is not in EXIDX output section
arm-linux-androideabi-ld: warning: unwinding may not work because EXIDX input section 17 of built-in.o(sound/soc/mediatek/common_int/mtk-soc-pcm-routing.o) is not in EXIDX output section
arm-linux-androideabi-ld: warning: unwinding may not work because EXIDX input section 14 of built-in.o(sound/soc/mediatek/common_int/mtk-soc-pcm-capture2.o) is not in EXIDX output section
arm-linux-androideabi-ld: warning: unwinding may not work because EXIDX input section 9 of built-in.o(sound/soc/mediatek/common_int/mtk-soc-pcm-i2s2-adc2.o) is not in EXIDX output section
arm-linux-androideabi-ld: warning: unwinding may not work because EXIDX input section 12 of built-in.o(sound/soc/mediatek/common_int/mtk-soc-pcm-voice-md1.o) is not in EXIDX output section
arm-linux-androideabi-ld: warning: unwinding may not work because EXIDX input section 12 of built-in.o(sound/soc/mediatek/common_int/mtk-soc-pcm-voice-md2.o) is not in EXIDX output section
arm-linux-androideabi-ld: warning: unwinding may not work because EXIDX input section 12 of built-in.o(sound/soc/mediatek/common_int/mtk-soc-pcm-voice-md1-bt.o) is not in EXIDX output section
arm-linux-androideabi-ld: warning: unwinding may not work because EXIDX input section 12 of built-in.o(sound/soc/mediatek/common_int/mtk-soc-pcm-voice-md2-bt.o) is not in EXIDX output section
arm-linux-androideabi-ld: warning: unwinding may not work because EXIDX input section 12 of built-in.o(sound/soc/mediatek/common_int/mtk-soc-pcm-voice-usb.o) is not in EXIDX output section
arm-linux-androideabi-ld: warning: unwinding may not work because EXIDX input section 14 of built-in.o(sound/soc/mediatek/common_int/mtk-soc-pcm-voice-usb-echoref.o) is not in EXIDX output section
arm-linux-androideabi-ld: warning: unwinding may not work because EXIDX input section 14 of built-in.o(sound/soc/mediatek/common_int/mtk-soc-pcm-dl1-i2s0.o) is not in EXIDX output section
arm-linux-androideabi-ld: warning: unwinding may not work because EXIDX input section 17 of built-in.o(sound/soc/mediatek/common_int/mtk-soc-pcm-dl1-i2s0Dl1.o) is not in EXIDX output section
arm-linux-androideabi-ld: warning: unwinding may not work because EXIDX input section 9 of built-in.o(sound/soc/mediatek/common_int/mtk-soc-pcm-i2s0-awb.o) is not in EXIDX output section
arm-linux-androideabi-ld: warning: unwinding may not work because EXIDX input section 14 of built-in.o(sound/soc/mediatek/common_int/mtk-soc-pcm-uldlloopback.o) is not in EXIDX output section
arm-linux-androideabi-ld: warning: unwinding may not work because EXIDX input section 17 of built-in.o(sound/soc/mediatek/common_int/mtk-soc-pcm-dl2.o) is not in EXIDX output section
arm-linux-androideabi-ld: warning: unwinding may not work because EXIDX input section 17 of built-in.o(sound/soc/mediatek/common_int/mtk-soc-pcm-deep-buffer-dl.o) is not in EXIDX output section
arm-linux-androideabi-ld: warning: unwinding may not work because EXIDX input section 14 of built-in.o(sound/soc/mediatek/common_int/mtk-soc-pcm-mrgrx.o) is not in EXIDX output section
arm-linux-androideabi-ld: warning: unwinding may not work because EXIDX input section 9 of built-in.o(sound/soc/mediatek/common_int/mtk-soc-pcm-mrgrx-awb.o) is not in EXIDX output section
arm-linux-androideabi-ld: warning: unwinding may not work because EXIDX input section 17 of built-in.o(sound/soc/mediatek/common_int/mtk-soc-pcm-fm-i2s.o) is not in EXIDX output section
arm-linux-androideabi-ld: warning: unwinding may not work because EXIDX input section 9 of built-in.o(sound/soc/mediatek/common_int/mtk-soc-pcm-fm-i2s-awb.o) is not in EXIDX output section
arm-linux-androideabi-ld: warning: unwinding may not work because EXIDX input section 9 of built-in.o(sound/soc/mediatek/common_int/mtk-soc-pcm-dl1-awb.o) is not in EXIDX output section
arm-linux-androideabi-ld: warning: unwinding may not work because EXIDX input section 14 of built-in.o(sound/soc/mediatek/common_int/mtk-soc-pcm-dl1-bt.o) is not in EXIDX output section
arm-linux-androideabi-ld: warning: unwinding may not work because EXIDX input section 9 of built-in.o(sound/soc/mediatek/common_int/mtk-soc-pcm-bt-dai.o) is not in EXIDX output section
arm-linux-androideabi-ld: warning: unwinding may not work because EXIDX input section 9 of built-in.o(sound/soc/mediatek/common_int/mtk-soc-dai-stub.o) is not in EXIDX output section
arm-linux-androideabi-ld: warning: unwinding may not work because EXIDX input section 14 of built-in.o(sound/soc/mediatek/common_int/mtk-soc-dai-routing.o) is not in EXIDX output section
arm-linux-androideabi-ld: warning: unwinding may not work because EXIDX input section 14 of built-in.o(sound/soc/mediatek/common_int/mtk-soc-codec-dummy.o) is not in EXIDX output section
arm-linux-androideabi-ld: warning: unwinding may not work because EXIDX input section 14 of built-in.o(sound/soc/mediatek/common_int/mtk-soc-pcm-fmtx.o) is not in EXIDX output section
arm-linux-androideabi-ld: warning: unwinding may not work because EXIDX input section 14 of built-in.o(sound/soc/mediatek/common_int/mtk-soc-tdm-capture.o) is not in EXIDX output section
arm-linux-androideabi-ld: warning: unwinding may not work because EXIDX input section 14 of built-in.o(sound/soc/mediatek/common_int/mtk-soc-pcm-hp-impedance.o) is not in EXIDX output section
arm-linux-androideabi-ld: warning: unwinding may not work because EXIDX input section 14 of built-in.o(sound/soc/mediatek/common_int/mtk-soc-machine.o) is not in EXIDX output section
arm-linux-androideabi-ld: warning: unwinding may not work because EXIDX input section 16 of built-in.o(sound/soc/samsung/sec_audio_sysfs.o) is not in EXIDX output section
arm-linux-androideabi-ld: warning: unwinding may not work because EXIDX input section 13 of built-in.o(net/llc/llc_core.o) is not in EXIDX output section
arm-linux-androideabi-ld: warning: unwinding may not work because EXIDX input section 14 of built-in.o(net/802/psnap.o) is not in EXIDX output section
arm-linux-androideabi-ld: warning: unwinding may not work because EXIDX input section 9 of built-in.o(net/sched/act_police.o) is not in EXIDX output section
arm-linux-androideabi-ld: warning: unwinding may not work because EXIDX input section 9 of built-in.o(net/sched/act_mirred.o) is not in EXIDX output section
arm-linux-androideabi-ld: warning: unwinding may not work because EXIDX input section 9 of built-in.o(net/sched/act_ipt.o) is not in EXIDX output section
arm-linux-androideabi-ld: warning: unwinding may not work because EXIDX input section 8 of built-in.o(net/sched/sch_htb.o) is not in EXIDX output section
arm-linux-androideabi-ld: warning: unwinding may not work because EXIDX input section 8 of built-in.o(net/sched/sch_ingress.o) is not in EXIDX output section
arm-linux-androideabi-ld: warning: unwinding may not work because EXIDX input section 8 of built-in.o(net/sched/sch_prio.o) is not in EXIDX output section
arm-linux-androideabi-ld: warning: unwinding may not work because EXIDX input section 8 of built-in.o(net/sched/cls_u32.o) is not in EXIDX output section
arm-linux-androideabi-ld: warning: unwinding may not work because EXIDX input section 8 of built-in.o(net/sched/cls_fw.o) is not in EXIDX output section
arm-linux-androideabi-ld: warning: unwinding may not work because EXIDX input section 8 of built-in.o(net/sched/cls_basic.o) is not in EXIDX output section
arm-linux-androideabi-ld: warning: unwinding may not work because EXIDX input section 8 of built-in.o(net/sched/cls_flow.o) is not in EXIDX output section
arm-linux-androideabi-ld: warning: unwinding may not work because EXIDX input section 8 of built-in.o(net/sched/cls_bpf.o) is not in EXIDX output section
arm-linux-androideabi-ld: warning: unwinding may not work because EXIDX input section 8 of built-in.o(net/sched/em_u32.o) is not in EXIDX output section
arm-linux-androideabi-ld: warning: unwinding may not work because EXIDX input section 16 of built-in.o(net/netfilter/nfnetlink.o) is not in EXIDX output section
arm-linux-androideabi-ld: warning: unwinding may not work because EXIDX input section 9 of built-in.o(net/netfilter/nfnetlink_queue.o) is not in EXIDX output section
arm-linux-androideabi-ld: warning: unwinding may not work because EXIDX input section 10 of built-in.o(net/netfilter/nfnetlink_log.o) is not in EXIDX output section
arm-linux-androideabi-ld: warning: unwinding may not work because EXIDX input section 10 of built-in.o(net/netfilter/nf_conntrack_standalone.o) is not in EXIDX output section
arm-linux-androideabi-ld: warning: unwinding may not work because EXIDX input section 10 of built-in.o(net/netfilter/nf_conntrack_proto_gre.o) is not in EXIDX output section
arm-linux-androideabi-ld: warning: unwinding may not work because EXIDX input section 9 of built-in.o(net/netfilter/nf_conntrack_netlink.o) is not in EXIDX output section
arm-linux-androideabi-ld: warning: unwinding may not work because EXIDX input section 7 of built-in.o(net/netfilter/nf_conntrack_amanda.o) is not in EXIDX output section
arm-linux-androideabi-ld: warning: unwinding may not work because EXIDX input section 18 of built-in.o(net/netfilter/nf_conntrack_h323_main.o) is not in EXIDX output section
arm-linux-androideabi-ld: warning: unwinding may not work because EXIDX input section 8 of built-in.o(net/netfilter/nf_conntrack_netbios_ns.o) is not in EXIDX output section
arm-linux-androideabi-ld: warning: unwinding may not work because EXIDX input section 10 of built-in.o(net/netfilter/nf_conntrack_pptp.o) is not in EXIDX output section
arm-linux-androideabi-ld: warning: unwinding may not work because EXIDX input section 13 of built-in.o(net/netfilter/nf_log_common.o) is not in EXIDX output section
arm-linux-androideabi-ld: warning: unwinding may not work because EXIDX input section 20 of built-in.o(net/netfilter/nf_nat_core.o) is not in EXIDX output section
arm-linux-androideabi-ld: warning: unwinding may not work because EXIDX input section 8 of built-in.o(net/netfilter/nf_nat_amanda.o) is not in EXIDX output section
arm-linux-androideabi-ld: warning: unwinding may not work because EXIDX input section 8 of built-in.o(net/netfilter/nf_nat_ftp.o) is not in EXIDX output section
arm-linux-androideabi-ld: warning: unwinding may not work because EXIDX input section 8 of built-in.o(net/netfilter/nf_nat_irc.o) is not in EXIDX output section
arm-linux-androideabi-ld: warning: unwinding may not work because EXIDX input section 8 of built-in.o(net/netfilter/nf_nat_tftp.o) is not in EXIDX output section
arm-linux-androideabi-ld: warning: unwinding may not work because EXIDX input section 46 of built-in.o(net/netfilter/x_tables.o) is not in EXIDX output section
arm-linux-androideabi-ld: warning: unwinding may not work because EXIDX input section 8 of built-in.o(net/netfilter/xt_tcpudp.o) is not in EXIDX output section
arm-linux-androideabi-ld: warning: unwinding may not work because EXIDX input section 7 of built-in.o(net/netfilter/xt_mark.o) is not in EXIDX output section
arm-linux-androideabi-ld: warning: unwinding may not work because EXIDX input section 8 of built-in.o(net/netfilter/xt_connmark.o) is not in EXIDX output section
arm-linux-androideabi-ld: warning: unwinding may not work because EXIDX input section 8 of built-in.o(net/netfilter/xt_nat.o) is not in EXIDX output section
arm-linux-androideabi-ld: warning: unwinding may not work because EXIDX input section 7 of built-in.o(net/netfilter/xt_CLASSIFY.o) is not in EXIDX output section
arm-linux-androideabi-ld: warning: unwinding may not work because EXIDX input section 8 of built-in.o(net/netfilter/xt_CONNSECMARK.o) is not in EXIDX output section
arm-linux-androideabi-ld: warning: unwinding may not work because EXIDX input section 8 of built-in.o(net/netfilter/xt_CT.o) is not in EXIDX output section
arm-linux-androideabi-ld: warning: unwinding may not work because EXIDX input section 8 of built-in.o(net/netfilter/xt_HL.o) is not in EXIDX output section
arm-linux-androideabi-ld: warning: unwinding may not work because EXIDX input section 8 of built-in.o(net/netfilter/xt_LOG.o) is not in EXIDX output section
arm-linux-androideabi-ld: warning: unwinding may not work because EXIDX input section 8 of built-in.o(net/netfilter/xt_NFLOG.o) is not in EXIDX output section
arm-linux-androideabi-ld: warning: unwinding may not work because EXIDX input section 8 of built-in.o(net/netfilter/xt_NFQUEUE.o) is not in EXIDX output section
arm-linux-androideabi-ld: warning: unwinding may not work because EXIDX input section 8 of built-in.o(net/netfilter/xt_REDIRECT.o) is not in EXIDX output section
arm-linux-androideabi-ld: warning: unwinding may not work because EXIDX input section 8 of built-in.o(net/netfilter/xt_SECMARK.o) is not in EXIDX output section
arm-linux-androideabi-ld: warning: unwinding may not work because EXIDX input section 8 of built-in.o(net/netfilter/xt_TPROXY.o) is not in EXIDX output section
arm-linux-androideabi-ld: warning: unwinding may not work because EXIDX input section 8 of built-in.o(net/netfilter/xt_TCPMSS.o) is not in EXIDX output section
arm-linux-androideabi-ld: warning: unwinding may not work because EXIDX input section 8 of built-in.o(net/netfilter/xt_TRACE.o) is not in EXIDX output section
arm-linux-androideabi-ld: warning: unwinding may not work because EXIDX input section 9 of built-in.o(net/netfilter/xt_IDLETIMER.o) is not in EXIDX output section
arm-linux-androideabi-ld: warning: unwinding may not work because EXIDX input section 8 of built-in.o(net/netfilter/xt_bpf.o) is not in EXIDX output section
arm-linux-androideabi-ld: warning: unwinding may not work because EXIDX input section 7 of built-in.o(net/netfilter/xt_comment.o) is not in EXIDX output section
arm-linux-androideabi-ld: warning: unwinding may not work because EXIDX input section 8 of built-in.o(net/netfilter/xt_connbytes.o) is not in EXIDX output section
arm-linux-androideabi-ld: warning: unwinding may not work because EXIDX input section 12 of built-in.o(net/netfilter/xt_connlimit.o) is not in EXIDX output section
arm-linux-androideabi-ld: warning: unwinding may not work because EXIDX input section 8 of built-in.o(net/netfilter/xt_conntrack.o) is not in EXIDX output section
arm-linux-androideabi-ld: warning: unwinding may not work because EXIDX input section 8 of built-in.o(net/netfilter/xt_ecn.o) is not in EXIDX output section
arm-linux-androideabi-ld: warning: unwinding may not work because EXIDX input section 8 of built-in.o(net/netfilter/xt_esp.o) is not in EXIDX output section
arm-linux-androideabi-ld: warning: unwinding may not work because EXIDX input section 9 of built-in.o(net/netfilter/xt_hashlimit.o) is not in EXIDX output section
arm-linux-androideabi-ld: warning: unwinding may not work because EXIDX input section 8 of built-in.o(net/netfilter/xt_helper.o) is not in EXIDX output section
arm-linux-androideabi-ld: warning: unwinding may not work because EXIDX input section 8 of built-in.o(net/netfilter/xt_hl.o) is not in EXIDX output section
arm-linux-androideabi-ld: warning: unwinding may not work because EXIDX input section 7 of built-in.o(net/netfilter/xt_iprange.o) is not in EXIDX output section
arm-linux-androideabi-ld: warning: unwinding may not work because EXIDX input section 8 of built-in.o(net/netfilter/xt_l2tp.o) is not in EXIDX output section
arm-linux-androideabi-ld: warning: unwinding may not work because EXIDX input section 7 of built-in.o(net/netfilter/xt_length.o) is not in EXIDX output section
arm-linux-androideabi-ld: warning: unwinding may not work because EXIDX input section 8 of built-in.o(net/netfilter/xt_limit.o) is not in EXIDX output section
arm-linux-androideabi-ld: warning: unwinding may not work because EXIDX input section 7 of built-in.o(net/netfilter/xt_mac.o) is not in EXIDX output section
arm-linux-androideabi-ld: warning: unwinding may not work because EXIDX input section 8 of built-in.o(net/netfilter/xt_multiport.o) is not in EXIDX output section
arm-linux-androideabi-ld: warning: unwinding may not work because EXIDX input section 8 of built-in.o(net/netfilter/xt_owner.o) is not in EXIDX output section
arm-linux-androideabi-ld: warning: unwinding may not work because EXIDX input section 8 of built-in.o(net/netfilter/xt_physdev.o) is not in EXIDX output section
arm-linux-androideabi-ld: warning: unwinding may not work because EXIDX input section 7 of built-in.o(net/netfilter/xt_pkttype.o) is not in EXIDX output section
arm-linux-androideabi-ld: warning: unwinding may not work because EXIDX input section 8 of built-in.o(net/netfilter/xt_policy.o) is not in EXIDX output section
arm-linux-androideabi-ld: warning: unwinding may not work because EXIDX input section 8 of built-in.o(net/netfilter/xt_quota.o) is not in EXIDX output section
arm-linux-androideabi-ld: warning: unwinding may not work because EXIDX input section 9 of built-in.o(net/netfilter/xt_quota2.o) is not in EXIDX output section
arm-linux-androideabi-ld: warning: unwinding may not work because EXIDX input section 7 of built-in.o(net/netfilter/xt_realm.o) is not in EXIDX output section
arm-linux-androideabi-ld: warning: unwinding may not work because EXIDX input section 9 of built-in.o(net/netfilter/xt_recent.o) is not in EXIDX output section
arm-linux-androideabi-ld: warning: unwinding may not work because EXIDX input section 8 of built-in.o(net/netfilter/xt_socket.o) is not in EXIDX output section
arm-linux-androideabi-ld: warning: unwinding may not work because EXIDX input section 8 of built-in.o(net/netfilter/xt_state.o) is not in EXIDX output section
arm-linux-androideabi-ld: warning: unwinding may not work because EXIDX input section 8 of built-in.o(net/netfilter/xt_statistic.o) is not in EXIDX output section
arm-linux-androideabi-ld: warning: unwinding may not work because EXIDX input section 8 of built-in.o(net/netfilter/xt_string.o) is not in EXIDX output section
arm-linux-androideabi-ld: warning: unwinding may not work because EXIDX input section 8 of built-in.o(net/netfilter/xt_tcpmss.o) is not in EXIDX output section
arm-linux-androideabi-ld: warning: unwinding may not work because EXIDX input section 8 of built-in.o(net/netfilter/xt_time.o) is not in EXIDX output section
arm-linux-androideabi-ld: warning: unwinding may not work because EXIDX input section 8 of built-in.o(net/netfilter/xt_u32.o) is not in EXIDX output section
arm-linux-androideabi-ld: warning: unwinding may not work because EXIDX input section 11 of built-in.o(net/netfilter/xt_domainfilter.o) is not in EXIDX output section
arm-linux-androideabi-ld: warning: unwinding may not work because EXIDX input section 9 of built-in.o(net/ipv4/ipip.o) is not in EXIDX output section
arm-linux-androideabi-ld: warning: unwinding may not work because EXIDX input section 12 of built-in.o(net/ipv4/gre_demux.o) is not in EXIDX output section
arm-linux-androideabi-ld: warning: unwinding may not work because EXIDX input section 9 of built-in.o(net/ipv4/ip_vti.o) is not in EXIDX output section
arm-linux-androideabi-ld: warning: unwinding may not work because EXIDX input section 9 of built-in.o(net/ipv4/ah4.o) is not in EXIDX output section
arm-linux-androideabi-ld: warning: unwinding may not work because EXIDX input section 12 of built-in.o(net/ipv4/esp4.o) is not in EXIDX output section
arm-linux-androideabi-ld: warning: unwinding may not work because EXIDX input section 9 of built-in.o(net/ipv4/ipcomp.o) is not in EXIDX output section
arm-linux-androideabi-ld: warning: unwinding may not work because EXIDX input section 8 of built-in.o(net/ipv4/xfrm4_tunnel.o) is not in EXIDX output section
arm-linux-androideabi-ld: warning: unwinding may not work because EXIDX input section 9 of built-in.o(net/ipv4/xfrm4_mode_beet.o) is not in EXIDX output section
arm-linux-androideabi-ld: warning: unwinding may not work because EXIDX input section 10 of built-in.o(net/ipv4/tunnel4.o) is not in EXIDX output section
arm-linux-androideabi-ld: warning: unwinding may not work because EXIDX input section 9 of built-in.o(net/ipv4/xfrm4_mode_transport.o) is not in EXIDX output section
arm-linux-androideabi-ld: warning: unwinding may not work because EXIDX input section 9 of built-in.o(net/ipv4/xfrm4_mode_tunnel.o) is not in EXIDX output section
arm-linux-androideabi-ld: warning: unwinding may not work because EXIDX input section 12 of built-in.o(net/ipv4/netfilter/nf_conntrack_l3proto_ipv4.o) is not in EXIDX output section
arm-linux-androideabi-ld: warning: unwinding may not work because EXIDX input section 13 of built-in.o(net/ipv4/netfilter/nf_nat_l3proto_ipv4.o) is not in EXIDX output section
arm-linux-androideabi-ld: warning: unwinding may not work because EXIDX input section 7 of built-in.o(net/ipv4/netfilter/nf_defrag_ipv4.o) is not in EXIDX output section
arm-linux-androideabi-ld: warning: unwinding may not work because EXIDX input section 9 of built-in.o(net/ipv4/netfilter/nf_log_ipv4.o) is not in EXIDX output section
arm-linux-androideabi-ld: warning: unwinding may not work because EXIDX input section 9 of built-in.o(net/ipv4/netfilter/nf_nat_h323.o) is not in EXIDX output section
arm-linux-androideabi-ld: warning: unwinding may not work because EXIDX input section 8 of built-in.o(net/ipv4/netfilter/nf_nat_pptp.o) is not in EXIDX output section
arm-linux-androideabi-ld: warning: unwinding may not work because EXIDX input section 7 of built-in.o(net/ipv4/netfilter/nf_nat_proto_gre.o) is not in EXIDX output section
arm-linux-androideabi-ld: warning: unwinding may not work because EXIDX input section 12 of built-in.o(net/ipv4/netfilter/ip_tables.o) is not in EXIDX output section
arm-linux-androideabi-ld: warning: unwinding may not work because EXIDX input section 9 of built-in.o(net/ipv4/netfilter/iptable_filter.o) is not in EXIDX output section
arm-linux-androideabi-ld: warning: unwinding may not work because EXIDX input section 9 of built-in.o(net/ipv4/netfilter/iptable_mangle.o) is not in EXIDX output section
arm-linux-androideabi-ld: warning: unwinding may not work because EXIDX input section 9 of built-in.o(net/ipv4/netfilter/iptable_nat.o) is not in EXIDX output section
arm-linux-androideabi-ld: warning: unwinding may not work because EXIDX input section 9 of built-in.o(net/ipv4/netfilter/iptable_raw.o) is not in EXIDX output section
arm-linux-androideabi-ld: warning: unwinding may not work because EXIDX input section 9 of built-in.o(net/ipv4/netfilter/iptable_security.o) is not in EXIDX output section
arm-linux-androideabi-ld: warning: unwinding may not work because EXIDX input section 8 of built-in.o(net/ipv4/netfilter/ipt_ah.o) is not in EXIDX output section
arm-linux-androideabi-ld: warning: unwinding may not work because EXIDX input section 8 of built-in.o(net/ipv4/netfilter/ipt_MASQUERADE.o) is not in EXIDX output section
arm-linux-androideabi-ld: warning: unwinding may not work because EXIDX input section 8 of built-in.o(net/ipv4/netfilter/ipt_REJECT.o) is not in EXIDX output section
arm-linux-androideabi-ld: warning: unwinding may not work because EXIDX input section 12 of built-in.o(net/ipv4/netfilter/arp_tables.o) is not in EXIDX output section
arm-linux-androideabi-ld: warning: unwinding may not work because EXIDX input section 8 of built-in.o(net/ipv4/netfilter/arpt_mangle.o) is not in EXIDX output section
arm-linux-androideabi-ld: warning: unwinding may not work because EXIDX input section 9 of built-in.o(net/ipv4/netfilter/arptable_filter.o) is not in EXIDX output section
arm-linux-androideabi-ld: warning: unwinding may not work because EXIDX input section 18 of built-in.o(net/ipv4/inet_diag.o) is not in EXIDX output section
arm-linux-androideabi-ld: warning: unwinding may not work because EXIDX input section 8 of built-in.o(net/ipv4/tcp_diag.o) is not in EXIDX output section
arm-linux-androideabi-ld: warning: unwinding may not work because EXIDX input section 8 of built-in.o(net/ipv4/udp_diag.o) is not in EXIDX output section
arm-linux-androideabi-ld: warning: unwinding may not work because EXIDX input section 8 of built-in.o(net/ipv4/tcp_bic.o) is not in EXIDX output section
arm-linux-androideabi-ld: warning: unwinding may not work because EXIDX input section 9 of built-in.o(net/ipv4/tcp_cubic.o) is not in EXIDX output section
arm-linux-androideabi-ld: warning: unwinding may not work because EXIDX input section 9 of built-in.o(net/xfrm/xfrm_user.o) is not in EXIDX output section
arm-linux-androideabi-ld: warning: unwinding may not work because EXIDX input section 12 of built-in.o(net/xfrm/xfrm_interface.o) is not in EXIDX output section
arm-linux-androideabi-ld: warning: unwinding may not work because EXIDX input section 14 of built-in.o(net/unix/af_unix.o) is not in EXIDX output section
arm-linux-androideabi-ld: warning: unwinding may not work because EXIDX input section 9 of built-in.o(net/ipv6/ah6.o) is not in EXIDX output section
arm-linux-androideabi-ld: warning: unwinding may not work because EXIDX input section 12 of built-in.o(net/ipv6/esp6.o) is not in EXIDX output section
arm-linux-androideabi-ld: warning: unwinding may not work because EXIDX input section 9 of built-in.o(net/ipv6/ipcomp6.o) is not in EXIDX output section
arm-linux-androideabi-ld: warning: unwinding may not work because EXIDX input section 11 of built-in.o(net/ipv6/xfrm6_tunnel.o) is not in EXIDX output section
arm-linux-androideabi-ld: warning: unwinding may not work because EXIDX input section 10 of built-in.o(net/ipv6/tunnel6.o) is not in EXIDX output section
arm-linux-androideabi-ld: warning: unwinding may not work because EXIDX input section 9 of built-in.o(net/ipv6/xfrm6_mode_transport.o) is not in EXIDX output section
arm-linux-androideabi-ld: warning: unwinding may not work because EXIDX input section 9 of built-in.o(net/ipv6/xfrm6_mode_tunnel.o) is not in EXIDX output section
arm-linux-androideabi-ld: warning: unwinding may not work because EXIDX input section 9 of built-in.o(net/ipv6/xfrm6_mode_ro.o) is not in EXIDX output section
arm-linux-androideabi-ld: warning: unwinding may not work because EXIDX input section 9 of built-in.o(net/ipv6/xfrm6_mode_beet.o) is not in EXIDX output section
arm-linux-androideabi-ld: warning: unwinding may not work because EXIDX input section 8 of built-in.o(net/ipv6/mip6.o) is not in EXIDX output section
arm-linux-androideabi-ld: warning: unwinding may not work because EXIDX input section 12 of built-in.o(net/ipv6/netfilter/ip6_tables.o) is not in EXIDX output section
arm-linux-androideabi-ld: warning: unwinding may not work because EXIDX input section 9 of built-in.o(net/ipv6/netfilter/ip6table_filter.o) is not in EXIDX output section
arm-linux-androideabi-ld: warning: unwinding may not work because EXIDX input section 9 of built-in.o(net/ipv6/netfilter/ip6table_mangle.o) is not in EXIDX output section
arm-linux-androideabi-ld: warning: unwinding may not work because EXIDX input section 9 of built-in.o(net/ipv6/netfilter/ip6table_raw.o) is not in EXIDX output section
arm-linux-androideabi-ld: warning: unwinding may not work because EXIDX input section 12 of built-in.o(net/ipv6/netfilter/nf_conntrack_l3proto_ipv6.o) is not in EXIDX output section
arm-linux-androideabi-ld: warning: unwinding may not work because EXIDX input section 7 of built-in.o(net/ipv6/netfilter/nf_defrag_ipv6_hooks.o) is not in EXIDX output section
arm-linux-androideabi-ld: warning: unwinding may not work because EXIDX input section 9 of built-in.o(net/ipv6/netfilter/nf_log_ipv6.o) is not in EXIDX output section
arm-linux-androideabi-ld: warning: unwinding may not work because EXIDX input section 8 of built-in.o(net/ipv6/netfilter/ip6t_frag.o) is not in EXIDX output section
arm-linux-androideabi-ld: warning: unwinding may not work because EXIDX input section 8 of built-in.o(net/ipv6/netfilter/ip6t_ipv6header.o) is not in EXIDX output section
arm-linux-androideabi-ld: warning: unwinding may not work because EXIDX input section 8 of built-in.o(net/ipv6/netfilter/ip6t_rpfilter.o) is not in EXIDX output section
arm-linux-androideabi-ld: warning: unwinding may not work because EXIDX input section 8 of built-in.o(net/ipv6/netfilter/ip6t_REJECT.o) is not in EXIDX output section
arm-linux-androideabi-ld: warning: unwinding may not work because EXIDX input section 9 of built-in.o(net/ipv6/ip6_vti.o) is not in EXIDX output section
arm-linux-androideabi-ld: warning: unwinding may not work because EXIDX input section 9 of built-in.o(net/ipv6/sit.o) is not in EXIDX output section
arm-linux-androideabi-ld: warning: unwinding may not work because EXIDX input section 21 of built-in.o(net/ipv6/ip6_tunnel.o) is not in EXIDX output section
arm-linux-androideabi-ld: warning: unwinding may not work because EXIDX input section 7 of built-in.o(net/packet/af_packet.o) is not in EXIDX output section
arm-linux-androideabi-ld: warning: unwinding may not work because EXIDX input section 9 of built-in.o(net/key/af_key.o) is not in EXIDX output section
arm-linux-androideabi-ld: warning: unwinding may not work because EXIDX input section 9 of built-in.o(net/bridge/br.o) is not in EXIDX output section
arm-linux-androideabi-ld: warning: unwinding may not work because EXIDX input section 14 of built-in.o(net/bridge/br_netfilter_hooks.o) is not in EXIDX output section
arm-linux-androideabi-ld: warning: unwinding may not work because EXIDX input section 28 of built-in.o(net/l2tp/l2tp_core.o) is not in EXIDX output section
arm-linux-androideabi-ld: warning: unwinding may not work because EXIDX input section 9 of built-in.o(net/l2tp/l2tp_ppp.o) is not in EXIDX output section
arm-linux-androideabi-ld: warning: unwinding may not work because EXIDX input section 12 of built-in.o(net/8021q/vlan.o) is not in EXIDX output section
arm-linux-androideabi-ld: warning: unwinding may not work because EXIDX input section 16 of built-in.o(net/8021q/vlan_netlink.o) is not in EXIDX output section
arm-linux-androideabi-ld: warning: unwinding may not work because EXIDX input section 22 of built-in.o(net/wireless/core.o) is not in EXIDX output section
arm-linux-androideabi-ld: warning: unwinding may not work because EXIDX input section 14 of built-in.o(net/ncm/ncm.o) is not in EXIDX output section
  KSYM    .tmp_kallsyms1.o
arm-linux-androideabi-ld: warning: unwinding may not work because EXIDX input section 10 of built-in.o(arch/arm/crypto/sha256_glue.o) is not in EXIDX output section
arm-linux-androideabi-ld: warning: unwinding may not work because EXIDX input section 12 of built-in.o(arch/arm/crypto/sha512-glue.o) is not in EXIDX output section
arm-linux-androideabi-ld: warning: unwinding may not work because EXIDX input section 9 of built-in.o(arch/arm/crypto/sha2-ce-glue.o) is not in EXIDX output section
arm-linux-androideabi-ld: warning: unwinding may not work because EXIDX input section 8 of built-in.o(kernel/configs.o) is not in EXIDX output section
arm-linux-androideabi-ld: warning: unwinding may not work because EXIDX input section 12 of built-in.o(mm/mm_debug.o) is not in EXIDX output section
arm-linux-androideabi-ld: warning: unwinding may not work because EXIDX input section 7 of built-in.o(mm/sec_mm/sec_mm_init.o) is not in EXIDX output section
arm-linux-androideabi-ld: warning: unwinding may not work because EXIDX input section 9 of built-in.o(mm/zswap.o) is not in EXIDX output section
arm-linux-androideabi-ld: warning: unwinding may not work because EXIDX input section 16 of built-in.o(mm/zsmalloc.o) is not in EXIDX output section
arm-linux-androideabi-ld: warning: unwinding may not work because EXIDX input section 16 of built-in.o(fs/dlog_hook.o) is not in EXIDX output section
arm-linux-androideabi-ld: warning: unwinding may not work because EXIDX input section 9 of built-in.o(fs/binfmt_script.o) is not in EXIDX output section
arm-linux-androideabi-ld: warning: unwinding may not work because EXIDX input section 9 of built-in.o(fs/binfmt_elf.o) is not in EXIDX output section
arm-linux-androideabi-ld: warning: unwinding may not work because EXIDX input section 18 of built-in.o(fs/mbcache.o) is not in EXIDX output section
arm-linux-androideabi-ld: warning: unwinding may not work because EXIDX input section 9 of built-in.o(fs/quota/quota_v2.o) is not in EXIDX output section
arm-linux-androideabi-ld: warning: unwinding may not work because EXIDX input section 12 of built-in.o(fs/configfs/mount.o) is not in EXIDX output section
arm-linux-androideabi-ld: warning: unwinding may not work because EXIDX input section 19 of built-in.o(fs/ext4/super.o) is not in EXIDX output section
arm-linux-androideabi-ld: warning: unwinding may not work because EXIDX input section 56 of built-in.o(fs/jbd2/journal.o) is not in EXIDX output section
arm-linux-androideabi-ld: warning: unwinding may not work because EXIDX input section 14 of built-in.o(fs/fat/inode.o) is not in EXIDX output section
arm-linux-androideabi-ld: warning: unwinding may not work because EXIDX input section 9 of built-in.o(fs/fat/namei_vfat.o) is not in EXIDX output section
arm-linux-androideabi-ld: warning: unwinding may not work because EXIDX input section 9 of built-in.o(fs/fat/namei_msdos.o) is not in EXIDX output section
arm-linux-androideabi-ld: warning: unwinding may not work because EXIDX input section 9 of built-in.o(fs/sdfat/sdfat.o) is not in EXIDX output section
arm-linux-androideabi-ld: warning: unwinding may not work because EXIDX input section 12 of built-in.o(fs/isofs/inode.o) is not in EXIDX output section
arm-linux-androideabi-ld: warning: unwinding may not work because EXIDX input section 14 of built-in.o(fs/ecryptfs/main.o) is not in EXIDX output section
arm-linux-androideabi-ld: warning: unwinding may not work because EXIDX input section 10 of built-in.o(fs/sdcardfs/main.o) is not in EXIDX output section
arm-linux-androideabi-ld: warning: unwinding may not work because EXIDX input section 9 of built-in.o(fs/nls/nls_cp437.o) is not in EXIDX output section
arm-linux-androideabi-ld: warning: unwinding may not work because EXIDX input section 9 of built-in.o(fs/nls/nls_cp950.o) is not in EXIDX output section
arm-linux-androideabi-ld: warning: unwinding may not work because EXIDX input section 9 of built-in.o(fs/nls/nls_ascii.o) is not in EXIDX output section
arm-linux-androideabi-ld: warning: unwinding may not work because EXIDX input section 9 of built-in.o(fs/nls/nls_iso8859-1.o) is not in EXIDX output section
arm-linux-androideabi-ld: warning: unwinding may not work because EXIDX input section 9 of built-in.o(fs/nls/nls_utf8.o) is not in EXIDX output section
arm-linux-androideabi-ld: warning: unwinding may not work because EXIDX input section 14 of built-in.o(fs/fuse/inode.o) is not in EXIDX output section
arm-linux-androideabi-ld: warning: unwinding may not work because EXIDX input section 17 of built-in.o(fs/fuse/control.o) is not in EXIDX output section
arm-linux-androideabi-ld: warning: unwinding may not work because EXIDX input section 9 of built-in.o(fs/overlayfs/super.o) is not in EXIDX output section
arm-linux-androideabi-ld: warning: unwinding may not work because EXIDX input section 8 of built-in.o(fs/incfs/main.o) is not in EXIDX output section
arm-linux-androideabi-ld: warning: unwinding may not work because EXIDX input section 19 of built-in.o(fs/f2fs/super.o) is not in EXIDX output section
arm-linux-androideabi-ld: warning: unwinding may not work because EXIDX input section 17 of built-in.o(fs/pstore/inode.o) is not in EXIDX output section
arm-linux-androideabi-ld: warning: unwinding may not work because EXIDX input section 17 of built-in.o(fs/pstore/ram.o) is not in EXIDX output section
arm-linux-androideabi-ld: warning: unwinding may not work because EXIDX input section 7 of built-in.o(crypto/crypto_wq.o) is not in EXIDX output section
arm-linux-androideabi-ld: warning: unwinding may not work because EXIDX input section 45 of built-in.o(crypto/algapi.o) is not in EXIDX output section
arm-linux-androideabi-ld: warning: unwinding may not work because EXIDX input section 13 of built-in.o(crypto/proc.o) is not in EXIDX output section
arm-linux-androideabi-ld: warning: unwinding may not work because EXIDX input section 9 of built-in.o(crypto/seqiv.o) is not in EXIDX output section
arm-linux-androideabi-ld: warning: unwinding may not work because EXIDX input section 9 of built-in.o(crypto/echainiv.o) is not in EXIDX output section
arm-linux-androideabi-ld: warning: unwinding may not work because EXIDX input section 9 of built-in.o(crypto/algboss.o) is not in EXIDX output section
arm-linux-androideabi-ld: warning: unwinding may not work because EXIDX input section 9 of built-in.o(crypto/cmac.o) is not in EXIDX output section
arm-linux-androideabi-ld: warning: unwinding may not work because EXIDX input section 9 of built-in.o(crypto/hmac.o) is not in EXIDX output section
arm-linux-androideabi-ld: warning: unwinding may not work because EXIDX input section 9 of built-in.o(crypto/xcbc.o) is not in EXIDX output section
arm-linux-androideabi-ld: warning: unwinding may not work because EXIDX input section 10 of built-in.o(crypto/crypto_null.o) is not in EXIDX output section
arm-linux-androideabi-ld: warning: unwinding may not work because EXIDX input section 7 of built-in.o(crypto/md5.o) is not in EXIDX output section
arm-linux-androideabi-ld: warning: unwinding may not work because EXIDX input section 11 of built-in.o(crypto/sha1_generic.o) is not in EXIDX output section
arm-linux-androideabi-ld: warning: unwinding may not work because EXIDX input section 12 of built-in.o(crypto/sha256_generic.o) is not in EXIDX output section
arm-linux-androideabi-ld: warning: unwinding may not work because EXIDX input section 10 of built-in.o(crypto/sha512_generic.o) is not in EXIDX output section
arm-linux-androideabi-ld: warning: unwinding may not work because EXIDX input section 9 of built-in.o(crypto/ecb.o) is not in EXIDX output section
arm-linux-androideabi-ld: warning: unwinding may not work because EXIDX input section 9 of built-in.o(crypto/cbc.o) is not in EXIDX output section
arm-linux-androideabi-ld: warning: unwinding may not work because EXIDX input section 9 of built-in.o(crypto/cts.o) is not in EXIDX output section
arm-linux-androideabi-ld: warning: unwinding may not work because EXIDX input section 9 of built-in.o(crypto/xts.o) is not in EXIDX output section
arm-linux-androideabi-ld: warning: unwinding may not work because EXIDX input section 9 of built-in.o(crypto/ctr.o) is not in EXIDX output section
arm-linux-androideabi-ld: warning: unwinding may not work because EXIDX input section 9 of built-in.o(crypto/gcm.o) is not in EXIDX output section
arm-linux-androideabi-ld: warning: unwinding may not work because EXIDX input section 9 of built-in.o(crypto/ccm.o) is not in EXIDX output section
arm-linux-androideabi-ld: warning: unwinding may not work because EXIDX input section 26 of built-in.o(crypto/cryptd.o) is not in EXIDX output section
arm-linux-androideabi-ld: warning: unwinding may not work because EXIDX input section 10 of built-in.o(crypto/des_generic.o) is not in EXIDX output section
arm-linux-androideabi-ld: warning: unwinding may not work because EXIDX input section 8 of built-in.o(crypto/blowfish_generic.o) is not in EXIDX output section
arm-linux-androideabi-ld: warning: unwinding may not work because EXIDX input section 8 of built-in.o(crypto/twofish_generic.o) is not in EXIDX output section
arm-linux-androideabi-ld: warning: unwinding may not work because EXIDX input section 14 of built-in.o(crypto/aes_generic.o) is not in EXIDX output section
arm-linux-androideabi-ld: warning: unwinding may not work because EXIDX input section 9 of built-in.o(crypto/arc4.o) is not in EXIDX output section
arm-linux-androideabi-ld: warning: unwinding may not work because EXIDX input section 9 of built-in.o(crypto/deflate.o) is not in EXIDX output section
arm-linux-androideabi-ld: warning: unwinding may not work because EXIDX input section 9 of built-in.o(crypto/crc32c_generic.o) is not in EXIDX output section
arm-linux-androideabi-ld: warning: unwinding may not work because EXIDX input section 9 of built-in.o(crypto/crc32_generic.o) is not in EXIDX output section
arm-linux-androideabi-ld: warning: unwinding may not work because EXIDX input section 9 of built-in.o(crypto/authenc.o) is not in EXIDX output section
arm-linux-androideabi-ld: warning: unwinding may not work because EXIDX input section 9 of built-in.o(crypto/authencesn.o) is not in EXIDX output section
arm-linux-androideabi-ld: warning: unwinding may not work because EXIDX input section 9 of built-in.o(crypto/lzo.o) is not in EXIDX output section
arm-linux-androideabi-ld: warning: unwinding may not work because EXIDX input section 9 of built-in.o(crypto/lzo-rle.o) is not in EXIDX output section
arm-linux-androideabi-ld: warning: unwinding may not work because EXIDX input section 9 of built-in.o(crypto/lz4.o) is not in EXIDX output section
arm-linux-androideabi-ld: warning: unwinding may not work because EXIDX input section 8 of built-in.o(crypto/drbg.o) is not in EXIDX output section
arm-linux-androideabi-ld: warning: unwinding may not work because EXIDX input section 12 of built-in.o(crypto/jitterentropy-kcapi.o) is not in EXIDX output section
arm-linux-androideabi-ld: warning: unwinding may not work because EXIDX input section 9 of built-in.o(crypto/ghash-generic.o) is not in EXIDX output section
arm-linux-androideabi-ld: warning: unwinding may not work because EXIDX input section 16 of built-in.o(crypto/asymmetric_keys/asymmetric_type.o) is not in EXIDX output section
arm-linux-androideabi-ld: warning: unwinding may not work because EXIDX input section 12 of built-in.o(crypto/asymmetric_keys/x509_public_key.o) is not in EXIDX output section
arm-linux-androideabi-ld: warning: unwinding may not work because EXIDX input section 9 of built-in.o(block/noop-iosched.o) is not in EXIDX output section
arm-linux-androideabi-ld: warning: unwinding may not work because EXIDX input section 9 of built-in.o(block/deadline-iosched.o) is not in EXIDX output section
arm-linux-androideabi-ld: warning: unwinding may not work because EXIDX input section 9 of built-in.o(block/cfq-iosched.o) is not in EXIDX output section
arm-linux-androideabi-ld: warning: unwinding may not work because EXIDX input section 9 of built-in.o(block/mq-deadline.o) is not in EXIDX output section
arm-linux-androideabi-ld: warning: unwinding may not work because EXIDX input section 9 of built-in.o(block/kyber-iosched.o) is not in EXIDX output section
arm-linux-androideabi-ld: warning: unwinding may not work because EXIDX input section 9 of built-in.o(lib/libcrc32c.o) is not in EXIDX output section
arm-linux-androideabi-ld: warning: unwinding may not work because EXIDX input section 9 of built-in.o(lib/ts_kmp.o) is not in EXIDX output section
arm-linux-androideabi-ld: warning: unwinding may not work because EXIDX input section 9 of built-in.o(lib/ts_bm.o) is not in EXIDX output section
arm-linux-androideabi-ld: warning: unwinding may not work because EXIDX input section 9 of built-in.o(lib/ts_fsm.o) is not in EXIDX output section
arm-linux-androideabi-ld: warning: unwinding may not work because EXIDX input section 10 of built-in.o(lib/sg_pool.o) is not in EXIDX output section
arm-linux-androideabi-ld: warning: unwinding may not work because EXIDX input section 12 of built-in.o(drivers/video/backlight/lcd.o) is not in EXIDX output section
arm-linux-androideabi-ld: warning: unwinding may not work because EXIDX input section 18 of built-in.o(drivers/video/backlight/backlight.o) is not in EXIDX output section
arm-linux-androideabi-ld: warning: unwinding may not work because EXIDX input section 14 of built-in.o(drivers/regulator/fixed.o) is not in EXIDX output section
arm-linux-androideabi-ld: warning: unwinding may not work because EXIDX input section 8 of built-in.o(drivers/tty/n_null.o) is not in EXIDX output section
arm-linux-androideabi-ld: warning: unwinding may not work because EXIDX input section 10 of built-in.o(drivers/char/hw_random/core.o) is not in EXIDX output section
arm-linux-androideabi-ld: warning: unwinding may not work because EXIDX input section 14 of built-in.o(drivers/char/hw_random/mt67xx-rng.o) is not in EXIDX output section
arm-linux-androideabi-ld: warning: unwinding may not work because EXIDX input section 17 of built-in.o(drivers/char/rpmb/core.o) is not in EXIDX output section
arm-linux-androideabi-ld: warning: unwinding may not work because EXIDX input section 6 of built-in.o(drivers/gpu/drm/drm_kms_helper_common.o) is not in EXIDX output section
arm-linux-androideabi-ld: warning: unwinding may not work because EXIDX input section 14 of built-in.o(drivers/base/firmware_class.o) is not in EXIDX output section
arm-linux-androideabi-ld: warning: unwinding may not work because EXIDX input section 14 of built-in.o(drivers/block/brd.o) is not in EXIDX output section
arm-linux-androideabi-ld: warning: unwinding may not work because EXIDX input section 10 of built-in.o(drivers/block/loop.o) is not in EXIDX output section
arm-linux-androideabi-ld: warning: unwinding may not work because EXIDX input section 14 of built-in.o(drivers/block/zram/zram_drv.o) is not in EXIDX output section
arm-linux-androideabi-ld: warning: unwinding may not work because EXIDX input section 13 of built-in.o(drivers/misc/mediatek/emi_bwl/mt6739/emi_bwl.o) is not in EXIDX output section
arm-linux-androideabi-ld: warning: unwinding may not work because EXIDX input section 9 of built-in.o(drivers/misc/mediatek/emi_mpu/mt6739/emi_mpu.o) is not in EXIDX output section
arm-linux-androideabi-ld: warning: unwinding may not work because EXIDX input section 12 of built-in.o(drivers/misc/mediatek/base/power/cpufreq_v2/src/mtk_cpufreq_main.o) is not in EXIDX output section
arm-linux-androideabi-ld: warning: unwinding may not work because EXIDX input section 16 of built-in.o(drivers/misc/mediatek/base/power/eem_v2/mt6739/mtk_eem.o) is not in EXIDX output section
arm-linux-androideabi-ld: warning: unwinding may not work because EXIDX input section 9 of built-in.o(drivers/misc/mediatek/base/power/pbm_v3/mtk_pbm.o) is not in EXIDX output section
arm-linux-androideabi-ld: warning: unwinding may not work because EXIDX input section 30 of built-in.o(drivers/misc/mediatek/base/power/mt6739/mtk_gpufreq.o) is not in EXIDX output section
arm-linux-androideabi-ld: warning: unwinding may not work because EXIDX input section 8 of built-in.o(drivers/misc/mediatek/base/power/mt6739/mtk_picachu.o) is not in EXIDX output section
arm-linux-androideabi-ld: warning: unwinding may not work because EXIDX input section 15 of built-in.o(drivers/misc/mediatek/base/power/power_gs_v1/mtk_power_gs.o) is not in EXIDX output section
arm-linux-androideabi-ld: warning: unwinding may not work because EXIDX input section 12 of built-in.o(drivers/misc/mediatek/base/power/ppm_v3/src/mtk_ppm_main.o) is not in EXIDX output section
arm-linux-androideabi-ld: warning: unwinding may not work because EXIDX input section 12 of built-in.o(drivers/misc/mediatek/base/power/ppm_v3/src/mtk_ppm_cpi.o) is not in EXIDX output section
arm-linux-androideabi-ld: warning: unwinding may not work because EXIDX input section 12 of built-in.o(drivers/misc/mediatek/base/power/ppm_v3/src/mtk_ppm_policy_dlpt.o) is not in EXIDX output section
arm-linux-androideabi-ld: warning: unwinding may not work because EXIDX input section 12 of built-in.o(drivers/misc/mediatek/base/power/ppm_v3/src/mtk_ppm_policy_sys_boost.o) is not in EXIDX output section
arm-linux-androideabi-ld: warning: unwinding may not work because EXIDX input section 12 of built-in.o(drivers/misc/mediatek/base/power/ppm_v3/src/mtk_ppm_policy_ptpod.o) is not in EXIDX output section
arm-linux-androideabi-ld: warning: unwinding may not work because EXIDX input section 12 of built-in.o(drivers/misc/mediatek/base/power/ppm_v3/src/mtk_ppm_policy_pwr_thro.o) is not in EXIDX output section
arm-linux-androideabi-ld: warning: unwinding may not work because EXIDX input section 12 of built-in.o(drivers/misc/mediatek/base/power/ppm_v3/src/mtk_ppm_policy_thermal.o) is not in EXIDX output section
arm-linux-androideabi-ld: warning: unwinding may not work because EXIDX input section 12 of built-in.o(drivers/misc/mediatek/base/power/ppm_v3/src/mtk_ppm_policy_lcm_off.o) is not in EXIDX output section
arm-linux-androideabi-ld: warning: unwinding may not work because EXIDX input section 12 of built-in.o(drivers/misc/mediatek/base/power/ppm_v3/src/mtk_ppm_policy_hard_user_limit.o) is not in EXIDX output section
arm-linux-androideabi-ld: warning: unwinding may not work because EXIDX input section 12 of built-in.o(drivers/misc/mediatek/base/power/ppm_v3/src/mtk_ppm_policy_user_limit.o) is not in EXIDX output section
arm-linux-androideabi-ld: warning: unwinding may not work because EXIDX input section 12 of built-in.o(drivers/misc/mediatek/base/power/ppm_v3/src/mtk_ppm_policy_force_limit.o) is not in EXIDX output section
arm-linux-androideabi-ld: warning: unwinding may not work because EXIDX input section 12 of built-in.o(drivers/misc/mediatek/base/power/ppm_v3/src/mtk_ppm_policy_ut.o) is not in EXIDX output section
arm-linux-androideabi-ld: warning: unwinding may not work because EXIDX input section 14 of built-in.o(drivers/misc/mediatek/base/power/dvfsrc/dvfsrc-boost-driver.o) is not in EXIDX output section
arm-linux-androideabi-ld: warning: unwinding may not work because EXIDX input section 15 of built-in.o(drivers/misc/mediatek/uart/uart.o) is not in EXIDX output section
arm-linux-androideabi-ld: warning: unwinding may not work because EXIDX input section 12 of built-in.o(drivers/misc/mediatek/pmic/common/upmu.o) is not in EXIDX output section
arm-linux-androideabi-ld: warning: unwinding may not work because EXIDX input section 13 of built-in.o(drivers/misc/mediatek/m4u/2.0/m4u.o) is not in EXIDX output section
arm-linux-androideabi-ld: warning: unwinding may not work because EXIDX input section 30 of built-in.o(drivers/misc/mediatek/mmdvfs/mmdvfs_pmqos.o) is not in EXIDX output section
arm-linux-androideabi-ld: warning: unwinding may not work because EXIDX input section 11 of built-in.o(drivers/misc/mediatek/systracker/systracker_interface_v2.o) is not in EXIDX output section
arm-linux-androideabi-ld: warning: unwinding may not work because EXIDX input section 11 of built-in.o(drivers/misc/mediatek/connectivity/wlan_drv_gen2/os/linux/hif/ahb/ahb.o) is not in EXIDX output section
arm-linux-androideabi-ld: warning: unwinding may not work because EXIDX input section 10 of built-in.o(drivers/misc/mediatek/connectivity/gps/stp_chrdev_gps.o) is not in EXIDX output section
arm-linux-androideabi-ld: warning: unwinding may not work because EXIDX input section 9 of built-in.o(drivers/misc/mediatek/masp/asfv2/module/sec_mod.o) is not in EXIDX output section
arm-linux-androideabi-ld: warning: unwinding may not work because EXIDX input section 11 of built-in.o(drivers/misc/mediatek/trusted_mem/dev_mgr.o) is not in EXIDX output section
arm-linux-androideabi-ld: warning: unwinding may not work because EXIDX input section 7 of built-in.o(drivers/misc/mediatek/trusted_mem/proc.o) is not in EXIDX output section
arm-linux-androideabi-ld: warning: unwinding may not work because EXIDX input section 7 of built-in.o(drivers/misc/mediatek/trusted_mem/tee_devices.o) is not in EXIDX output section
arm-linux-androideabi-ld: warning: unwinding may not work because EXIDX input section 12 of built-in.o(drivers/misc/mediatek/atf/atf_logger.o) is not in EXIDX output section
arm-linux-androideabi-ld: warning: unwinding may not work because EXIDX input section 14 of built-in.o(drivers/misc/mediatek/devinfo/devinfo.o) is not in EXIDX output section
arm-linux-androideabi-ld: warning: unwinding may not work because EXIDX input section 19 of built-in.o(drivers/misc/mediatek/dramc/mt6739/mtk_dramc.o) is not in EXIDX output section
arm-linux-androideabi-ld: warning: unwinding may not work because EXIDX input section 9 of built-in.o(drivers/misc/mediatek/gpu/gpu_rgx/m1.13ED5776728/kernel/drivers/staging/imgtec/pvr_platform_drv.o) is not in EXIDX output section
arm-linux-androideabi-ld: warning: unwinding may not work because EXIDX input section 13 of built-in.o(drivers/misc/mediatek/cameraisp/src/mt6739/camera_isp.o) is not in EXIDX output section
arm-linux-androideabi-ld: warning: unwinding may not work because EXIDX input section 9 of built-in.o(drivers/misc/mediatek/cameraisp/src/mt6739/camera_sysram.o) is not in EXIDX output section
arm-linux-androideabi-ld: warning: unwinding may not work because EXIDX input section 11 of built-in.o(drivers/misc/mediatek/cameraisp/rsc/engine_request.o) is not in EXIDX output section
arm-linux-androideabi-ld: warning: unwinding may not work because EXIDX input section 9 of built-in.o(drivers/misc/mediatek/imgsensor/src/common/v1/imgsensor.o) is not in EXIDX output section
arm-linux-androideabi-ld: warning: unwinding may not work because EXIDX input section 12 of built-in.o(drivers/misc/mediatek/imgsensor/src/common/sysfs/imgsensor_sysfs.o) is not in EXIDX output section
arm-linux-androideabi-ld: warning: unwinding may not work because EXIDX input section 12 of built-in.o(drivers/misc/mediatek/cam_cal/src/common/v1/eeprom_driver.o) is not in EXIDX output section
arm-linux-androideabi-ld: warning: unwinding may not work because EXIDX input section 9 of built-in.o(drivers/misc/mediatek/lens/main/main_lens.o) is not in EXIDX output section
arm-linux-androideabi-ld: warning: unwinding may not work because EXIDX input section 12 of built-in.o(drivers/misc/mediatek/lens/main2/main2_lens.o) is not in EXIDX output section
arm-linux-androideabi-ld: warning: unwinding may not work because EXIDX input section 12 of built-in.o(drivers/misc/mediatek/lens/main3/main3_lens.o) is not in EXIDX output section
arm-linux-androideabi-ld: warning: unwinding may not work because EXIDX input section 9 of built-in.o(drivers/misc/mediatek/lens/sub/sub_lens.o) is not in EXIDX output section
arm-linux-androideabi-ld: warning: unwinding may not work because EXIDX input section 12 of built-in.o(drivers/misc/mediatek/lens/sub2/sub2_lens.o) is not in EXIDX output section
arm-linux-androideabi-ld: warning: unwinding may not work because EXIDX input section 23 of built-in.o(drivers/misc/mediatek/flashlight/flashlight-core.o) is not in EXIDX output section
arm-linux-androideabi-ld: warning: unwinding may not work because EXIDX input section 17 of built-in.o(drivers/misc/mediatek/flashlight/flashlights-rt4505.o) is not in EXIDX output section
arm-linux-androideabi-ld: warning: unwinding may not work because EXIDX input section 12 of built-in.o(drivers/misc/mediatek/flashlight/flashlights-s2mu005.o) is not in EXIDX output section
arm-linux-androideabi-ld: warning: unwinding may not work because EXIDX input section 12 of built-in.o(drivers/misc/mediatek/mlog/mlog_logger.o) is not in EXIDX output section
arm-linux-androideabi-ld: warning: unwinding may not work because EXIDX input section 11 of built-in.o(drivers/misc/mediatek/auxadc/mtk_auxadc.o) is not in EXIDX output section
arm-linux-androideabi-ld: warning: unwinding may not work because EXIDX input section 11 of built-in.o(drivers/misc/mediatek/pwm/mtk_pwm.o) is not in EXIDX output section
arm-linux-androideabi-ld: warning: unwinding may not work because EXIDX input section 17 of built-in.o(drivers/misc/mediatek/eccci/modem_io_device.o) is not in EXIDX output section
arm-linux-androideabi-ld: warning: unwinding may not work because EXIDX input section 12 of built-in.o(drivers/misc/mediatek/memory-amms/memory-amms.o) is not in EXIDX output section
arm-linux-androideabi-ld: warning: unwinding may not work because EXIDX input section 11 of built-in.o(drivers/misc/mediatek/leds/mtk_leds_drv.o) is not in EXIDX output section
arm-linux-androideabi-ld: warning: unwinding may not work because EXIDX input section 17 of built-in.o(drivers/misc/mediatek/usb20/mt6739/usb20.o) is not in EXIDX output section
arm-linux-androideabi-ld: warning: unwinding may not work because EXIDX input section 16 of built-in.o(drivers/misc/mediatek/usb20/musb_core.o) is not in EXIDX output section
arm-linux-androideabi-ld: warning: unwinding may not work because EXIDX input section 12 of built-in.o(drivers/misc/mediatek/boot/mtk_boot_common.o) is not in EXIDX output section
arm-linux-androideabi-ld: warning: unwinding may not work because EXIDX input section 11 of built-in.o(drivers/misc/mediatek/boot/mtk_boot.o) is not in EXIDX output section
arm-linux-androideabi-ld: warning: unwinding may not work because EXIDX input section 22 of built-in.o(drivers/misc/mediatek/aee/common/aee-common.o) is not in EXIDX output section
arm-linux-androideabi-ld: warning: unwinding may not work because EXIDX input section 9 of built-in.o(drivers/misc/mediatek/aee/aed/aed-main.o) is not in EXIDX output section
arm-linux-androideabi-ld: warning: unwinding may not work because EXIDX input section 12 of built-in.o(drivers/misc/mediatek/aee/mrdump/mrdump_key_setup.o) is not in EXIDX output section
arm-linux-androideabi-ld: warning: unwinding may not work because EXIDX input section 17 of built-in.o(drivers/misc/mediatek/cmdq/v3/cmdq_driver.o) is not in EXIDX output section
arm-linux-androideabi-ld: warning: unwinding may not work because EXIDX input section 14 of built-in.o(drivers/misc/mediatek/cmdq/v3/cmdq_test.o) is not in EXIDX output section
arm-linux-androideabi-ld: warning: unwinding may not work because EXIDX input section 12 of built-in.o(drivers/misc/mediatek/video/mt6739/dispsys/ddp_drv.o) is not in EXIDX output section
arm-linux-androideabi-ld: warning: unwinding may not work because EXIDX input section 19 of built-in.o(drivers/misc/mediatek/video/mt6739/videox/mtkfb.o) is not in EXIDX output section
arm-linux-androideabi-ld: warning: unwinding may not work because EXIDX input section 12 of built-in.o(drivers/misc/mediatek/video/mt6739/videox/mtk_disp_mgr.o) is not in EXIDX output section
arm-linux-androideabi-ld: warning: unwinding may not work because EXIDX input section 30 of built-in.o(drivers/misc/mediatek/rt-regmap/rt-regmap.o) is not in EXIDX output section
arm-linux-androideabi-ld: warning: unwinding may not work because EXIDX input section 10 of built-in.o(drivers/misc/mediatek/videocodec/mt6739/videocodec_kernel_driver.o) is not in EXIDX output section
arm-linux-androideabi-ld: warning: unwinding may not work because EXIDX input section 12 of built-in.o(drivers/misc/mediatek/jpeg/v2/jpeg_drv.o) is not in EXIDX output section
arm-linux-androideabi-ld: warning: unwinding may not work because EXIDX input section 9 of built-in.o(drivers/misc/mediatek/c2k_usb/f_rawbulk.o) is not in EXIDX output section
arm-linux-androideabi-ld: warning: unwinding may not work because EXIDX input section 19 of built-in.o(drivers/misc/mediatek/c2k_usb/rawbulk_transfer.o) is not in EXIDX output section
arm-linux-androideabi-ld: warning: unwinding may not work because EXIDX input section 13 of built-in.o(drivers/misc/mediatek/usb_boost/v1/usb_boost_plat.o) is not in EXIDX output section
arm-linux-androideabi-ld: warning: unwinding may not work because EXIDX input section 16 of built-in.o(drivers/misc/mediatek/thermal/mtk_thermal_monitor.o) is not in EXIDX output section
arm-linux-androideabi-ld: warning: unwinding may not work because EXIDX input section 12 of built-in.o(drivers/misc/mediatek/thermal/mtk_cooler_shutdown.o) is not in EXIDX output section
arm-linux-androideabi-ld: warning: unwinding may not work because EXIDX input section 9 of built-in.o(drivers/misc/mediatek/thermal/mtk_cooler_backlight.o) is not in EXIDX output section
arm-linux-androideabi-ld: warning: unwinding may not work because EXIDX input section 9 of built-in.o(drivers/misc/mediatek/thermal/mtk_cooler_kshutdown.o) is not in EXIDX output section
arm-linux-androideabi-ld: warning: unwinding may not work because EXIDX input section 12 of built-in.o(drivers/misc/mediatek/thermal/mtk_cooler_cam.o) is not in EXIDX output section
arm-linux-androideabi-ld: warning: unwinding may not work because EXIDX input section 14 of built-in.o(drivers/misc/mediatek/thermal/common/mtk_thermal_platform.o) is not in EXIDX output section
arm-linux-androideabi-ld: warning: unwinding may not work because EXIDX input section 12 of built-in.o(drivers/misc/mediatek/thermal/common/thermal_zones/mtk_ts_battery.o) is not in EXIDX output section
arm-linux-androideabi-ld: warning: unwinding may not work because EXIDX input section 12 of built-in.o(drivers/misc/mediatek/thermal/common/thermal_zones/mtk_ts_bts.o) is not in EXIDX output section
arm-linux-androideabi-ld: warning: unwinding may not work because EXIDX input section 12 of built-in.o(drivers/misc/mediatek/thermal/common/thermal_zones/mtk_ts_btsmdpa.o) is not in EXIDX output section
arm-linux-androideabi-ld: warning: unwinding may not work because EXIDX input section 13 of built-in.o(drivers/misc/mediatek/thermal/common/thermal_zones/mtk_ts_cpu_noBank.o) is not in EXIDX output section
arm-linux-androideabi-ld: warning: unwinding may not work because EXIDX input section 12 of built-in.o(drivers/misc/mediatek/thermal/common/thermal_zones/mtk_ts_pa.o) is not in EXIDX output section
arm-linux-androideabi-ld: warning: unwinding may not work because EXIDX input section 18 of built-in.o(drivers/misc/mediatek/thermal/common/thermal_zones/mtk_ts_pa_thput.o) is not in EXIDX output section
arm-linux-androideabi-ld: warning: unwinding may not work because EXIDX input section 9 of built-in.o(drivers/misc/mediatek/thermal/common/thermal_zones/mtk_ts_pmic.o) is not in EXIDX output section
arm-linux-androideabi-ld: warning: unwinding may not work because EXIDX input section 14 of built-in.o(drivers/misc/mediatek/thermal/common/thermal_zones/mtk_ts_wmt.o) is not in EXIDX output section
arm-linux-androideabi-ld: warning: unwinding may not work because EXIDX input section 9 of built-in.o(drivers/misc/mediatek/thermal/common/thermal_zones/mtk_tsAll.o) is not in EXIDX output section
arm-linux-androideabi-ld: warning: unwinding may not work because EXIDX input section 12 of built-in.o(drivers/misc/mediatek/thermal/common/thermal_zones/mtk_ts_imgsensor.o) is not in EXIDX output section
arm-linux-androideabi-ld: warning: unwinding may not work because EXIDX input section 12 of built-in.o(drivers/misc/mediatek/thermal/common/coolers/mtk_cooler_mutt.o) is not in EXIDX output section
arm-linux-androideabi-ld: warning: unwinding may not work because EXIDX input section 15 of built-in.o(drivers/misc/mediatek/thermal/common/coolers/mtk_cooler_atm.o) is not in EXIDX output section
arm-linux-androideabi-ld: warning: unwinding may not work because EXIDX input section 9 of built-in.o(drivers/misc/mediatek/thermal/common/coolers/mtk_cooler_dtm.o) is not in EXIDX output section
arm-linux-androideabi-ld: warning: unwinding may not work because EXIDX input section 9 of built-in.o(drivers/misc/mediatek/thermal/common/coolers/mtk_cooler_sysrst.o) is not in EXIDX output section
arm-linux-androideabi-ld: warning: unwinding may not work because EXIDX input section 9 of built-in.o(drivers/misc/mediatek/thermal/common/coolers/mtk_cooler_VR_FPS.o) is not in EXIDX output section
arm-linux-androideabi-ld: warning: unwinding may not work because EXIDX input section 9 of built-in.o(drivers/misc/mediatek/thermal/mt6739/src/mtk_ts_6357buck1.o) is not in EXIDX output section
arm-linux-androideabi-ld: warning: unwinding may not work because EXIDX input section 9 of built-in.o(drivers/misc/mediatek/thermal/mt6739/src/mtk_ts_6357buck2.o) is not in EXIDX output section
arm-linux-androideabi-ld: warning: unwinding may not work because EXIDX input section 17 of built-in.o(drivers/misc/dev_ril_bridge.o) is not in EXIDX output section
arm-linux-androideabi-ld: warning: unwinding may not work because EXIDX input section 12 of built-in.o(drivers/misc/tzdev/4.1/extensions/irs.o) is not in EXIDX output section
arm-linux-androideabi-ld: warning: unwinding may not work because EXIDX input section 15 of built-in.o(drivers/mfd/syscon.o) is not in EXIDX output section
arm-linux-androideabi-ld: warning: unwinding may not work because EXIDX input section 14 of built-in.o(drivers/mfd/mt635x-ot-debug.o) is not in EXIDX output section
arm-linux-androideabi-ld: warning: unwinding may not work because EXIDX input section 26 of built-in.o(drivers/dax/super.o) is not in EXIDX output section
arm-linux-androideabi-ld: warning: unwinding may not work because EXIDX input section 29 of built-in.o(drivers/dma-buf/dma-buf.o) is not in EXIDX output section
arm-linux-androideabi-ld: warning: unwinding may not work because EXIDX input section 27 of built-in.o(drivers/scsi/scsi.o) is not in EXIDX output section
arm-linux-androideabi-ld: warning: unwinding may not work because EXIDX input section 9 of built-in.o(drivers/scsi/sd.o) is not in EXIDX output section
arm-linux-androideabi-ld: warning: unwinding may not work because EXIDX input section 14 of built-in.o(drivers/spi/spi-mt65xx.o) is not in EXIDX output section
arm-linux-androideabi-ld: warning: unwinding may not work because EXIDX input section 10 of built-in.o(drivers/spi/spi-mt65xx-dev.o) is not in EXIDX output section
arm-linux-androideabi-ld: warning: unwinding may not work because EXIDX input section 9 of built-in.o(drivers/net/dummy.o) is not in EXIDX output section
arm-linux-androideabi-ld: warning: unwinding may not work because EXIDX input section 8 of built-in.o(drivers/net/ifb.o) is not in EXIDX output section
arm-linux-androideabi-ld: warning: unwinding may not work because EXIDX input section 51 of built-in.o(drivers/net/phy/phy_device.o) is not in EXIDX output section
arm-linux-androideabi-ld: warning: unwinding may not work because EXIDX input section 16 of built-in.o(drivers/net/phy/fixed_phy.o) is not in EXIDX output section
arm-linux-androideabi-ld: warning: unwinding may not work because EXIDX input section 9 of built-in.o(drivers/net/veth.o) is not in EXIDX output section
arm-linux-androideabi-ld: warning: unwinding may not work because EXIDX input section 20 of built-in.o(drivers/net/ppp/ppp_generic.o) is not in EXIDX output section
arm-linux-androideabi-ld: warning: unwinding may not work because EXIDX input section 9 of built-in.o(drivers/net/ppp/ppp_async.o) is not in EXIDX output section
arm-linux-androideabi-ld: warning: unwinding may not work because EXIDX input section 9 of built-in.o(drivers/net/ppp/bsd_comp.o) is not in EXIDX output section
arm-linux-androideabi-ld: warning: unwinding may not work because EXIDX input section 9 of built-in.o(drivers/net/ppp/ppp_deflate.o) is not in EXIDX output section
arm-linux-androideabi-ld: warning: unwinding may not work because EXIDX input section 9 of built-in.o(drivers/net/ppp/ppp_mppe.o) is not in EXIDX output section
arm-linux-androideabi-ld: warning: unwinding may not work because EXIDX input section 9 of built-in.o(drivers/net/ppp/ppp_synctty.o) is not in EXIDX output section
arm-linux-androideabi-ld: warning: unwinding may not work because EXIDX input section 12 of built-in.o(drivers/net/ppp/pppox.o) is not in EXIDX output section
arm-linux-androideabi-ld: warning: unwinding may not work because EXIDX input section 9 of built-in.o(drivers/net/ppp/pppoe.o) is not in EXIDX output section
arm-linux-androideabi-ld: warning: unwinding may not work because EXIDX input section 8 of built-in.o(drivers/net/ppp/pptp.o) is not in EXIDX output section
arm-linux-androideabi-ld: warning: unwinding may not work because EXIDX input section 14 of built-in.o(drivers/net/usb/rtl8150.o) is not in EXIDX output section
arm-linux-androideabi-ld: warning: unwinding may not work because EXIDX input section 14 of built-in.o(drivers/net/usb/r8152.o) is not in EXIDX output section
arm-linux-androideabi-ld: warning: unwinding may not work because EXIDX input section 14 of built-in.o(drivers/net/usb/asix_devices.o) is not in EXIDX output section
arm-linux-androideabi-ld: warning: unwinding may not work because EXIDX input section 14 of built-in.o(drivers/net/usb/ax88179_178a.o) is not in EXIDX output section
arm-linux-androideabi-ld: warning: unwinding may not work because EXIDX input section 16 of built-in.o(drivers/net/usb/cdc_ether.o) is not in EXIDX output section
arm-linux-androideabi-ld: warning: unwinding may not work because EXIDX input section 14 of built-in.o(drivers/net/usb/cdc_eem.o) is not in EXIDX output section
arm-linux-androideabi-ld: warning: unwinding may not work because EXIDX input section 14 of built-in.o(drivers/net/usb/smsc75xx.o) is not in EXIDX output section
arm-linux-androideabi-ld: warning: unwinding may not work because EXIDX input section 14 of built-in.o(drivers/net/usb/smsc95xx.o) is not in EXIDX output section
arm-linux-androideabi-ld: warning: unwinding may not work because EXIDX input section 14 of built-in.o(drivers/net/usb/net1080.o) is not in EXIDX output section
arm-linux-androideabi-ld: warning: unwinding may not work because EXIDX input section 13 of built-in.o(drivers/net/usb/cdc_subset.o) is not in EXIDX output section
arm-linux-androideabi-ld: warning: unwinding may not work because EXIDX input section 14 of built-in.o(drivers/net/usb/zaurus.o) is not in EXIDX output section
arm-linux-androideabi-ld: warning: unwinding may not work because EXIDX input section 47 of built-in.o(drivers/net/usb/usbnet.o) is not in EXIDX output section
arm-linux-androideabi-ld: warning: unwinding may not work because EXIDX input section 20 of built-in.o(drivers/net/usb/cdc_ncm.o) is not in EXIDX output section
arm-linux-androideabi-ld: warning: unwinding may not work because EXIDX input section 14 of built-in.o(drivers/net/usb/cdc_mbim.o) is not in EXIDX output section
arm-linux-androideabi-ld: warning: unwinding may not work because EXIDX input section 27 of built-in.o(drivers/usb/core/usb.o) is not in EXIDX output section
arm-linux-androideabi-ld: warning: unwinding may not work because EXIDX input section 16 of built-in.o(drivers/usb/phy/phy-generic.o) is not in EXIDX output section
arm-linux-androideabi-ld: warning: unwinding may not work because EXIDX input section 9 of built-in.o(drivers/usb/class/cdc-acm.o) is not in EXIDX output section
arm-linux-androideabi-ld: warning: unwinding may not work because EXIDX input section 14 of built-in.o(drivers/usb/class/usblp.o) is not in EXIDX output section
arm-linux-androideabi-ld: warning: unwinding may not work because EXIDX input section 12 of built-in.o(drivers/usb/class/cdc-wdm.o) is not in EXIDX output section
arm-linux-androideabi-ld: warning: unwinding may not work because EXIDX input section 21 of built-in.o(drivers/usb/storage/usb.o) is not in EXIDX output section
arm-linux-androideabi-ld: warning: unwinding may not work because EXIDX input section 14 of built-in.o(drivers/usb/storage/alauda.o) is not in EXIDX output section
arm-linux-androideabi-ld: warning: unwinding may not work because EXIDX input section 14 of built-in.o(drivers/usb/storage/cypress_atacb.o) is not in EXIDX output section
arm-linux-androideabi-ld: warning: unwinding may not work because EXIDX input section 14 of built-in.o(drivers/usb/storage/datafab.o) is not in EXIDX output section
arm-linux-androideabi-ld: warning: unwinding may not work because EXIDX input section 14 of built-in.o(drivers/usb/storage/freecom.o) is not in EXIDX output section
arm-linux-androideabi-ld: warning: unwinding may not work because EXIDX input section 14 of built-in.o(drivers/usb/storage/isd200.o) is not in EXIDX output section
arm-linux-androideabi-ld: warning: unwinding may not work because EXIDX input section 14 of built-in.o(drivers/usb/storage/jumpshot.o) is not in EXIDX output section
arm-linux-androideabi-ld: warning: unwinding may not work because EXIDX input section 14 of built-in.o(drivers/usb/storage/karma.o) is not in EXIDX output section
arm-linux-androideabi-ld: warning: unwinding may not work because EXIDX input section 14 of built-in.o(drivers/usb/storage/onetouch.o) is not in EXIDX output section
arm-linux-androideabi-ld: warning: unwinding may not work because EXIDX input section 14 of built-in.o(drivers/usb/storage/sddr09.o) is not in EXIDX output section
arm-linux-androideabi-ld: warning: unwinding may not work because EXIDX input section 14 of built-in.o(drivers/usb/storage/sddr55.o) is not in EXIDX output section
arm-linux-androideabi-ld: warning: unwinding may not work because EXIDX input section 14 of built-in.o(drivers/usb/storage/shuttle_usbat.o) is not in EXIDX output section
arm-linux-androideabi-ld: warning: unwinding may not work because EXIDX input section 14 of built-in.o(drivers/usb/serial/usb-serial.o) is not in EXIDX output section
arm-linux-androideabi-ld: warning: unwinding may not work because EXIDX input section 14 of built-in.o(drivers/usb/misc/trancevibrator.o) is not in EXIDX output section
arm-linux-androideabi-ld: warning: unwinding may not work because EXIDX input section 15 of built-in.o(drivers/usb/gadget/configfs.o) is not in EXIDX output section
arm-linux-androideabi-ld: warning: unwinding may not work because EXIDX input section 50 of built-in.o(drivers/usb/gadget/udc/core.o) is not in EXIDX output section
arm-linux-androideabi-ld: warning: unwinding may not work because EXIDX input section 9 of built-in.o(drivers/usb/gadget/function/f_acm.o) is not in EXIDX output section
arm-linux-androideabi-ld: warning: unwinding may not work because EXIDX input section 9 of built-in.o(drivers/usb/gadget/function/f_serial.o) is not in EXIDX output section
arm-linux-androideabi-ld: warning: unwinding may not work because EXIDX input section 30 of built-in.o(drivers/usb/gadget/function/u_ether.o) is not in EXIDX output section
arm-linux-androideabi-ld: warning: unwinding may not work because EXIDX input section 9 of built-in.o(drivers/usb/gadget/function/f_rndis.o) is not in EXIDX output section
arm-linux-androideabi-ld: warning: unwinding may not work because EXIDX input section 11 of built-in.o(drivers/usb/gadget/function/f_fs.o) is not in EXIDX output section
arm-linux-androideabi-ld: warning: unwinding may not work because EXIDX input section 9 of built-in.o(drivers/usb/gadget/function/f_midi.o) is not in EXIDX output section
arm-linux-androideabi-ld: warning: unwinding may not work because EXIDX input section 9 of built-in.o(drivers/usb/gadget/function/f_hid.o) is not in EXIDX output section
arm-linux-androideabi-ld: warning: unwinding may not work because EXIDX input section 10 of built-in.o(drivers/usb/gadget/function/f_dm.o) is not in EXIDX output section
arm-linux-androideabi-ld: warning: unwinding may not work because EXIDX input section 10 of built-in.o(drivers/usb/gadget/function/f_mtp_samsung.o) is not in EXIDX output section
arm-linux-androideabi-ld: warning: unwinding may not work because EXIDX input section 9 of built-in.o(drivers/usb/gadget/function/f_ptp.o) is not in EXIDX output section
arm-linux-androideabi-ld: warning: unwinding may not work because EXIDX input section 12 of built-in.o(drivers/usb/gadget/function/f_audio_source.o) is not in EXIDX output section
arm-linux-androideabi-ld: warning: unwinding may not work because EXIDX input section 10 of built-in.o(drivers/usb/gadget/function/f_accessory.o) is not in EXIDX output section
arm-linux-androideabi-ld: warning: unwinding may not work because EXIDX input section 10 of built-in.o(drivers/usb/gadget/function/f_conn_gadget.o) is not in EXIDX output section
arm-linux-androideabi-ld: warning: unwinding may not work because EXIDX input section 40 of built-in.o(drivers/usb/notify/usb_notify.o) is not in EXIDX output section
arm-linux-androideabi-ld: warning: unwinding may not work because EXIDX input section 9 of built-in.o(drivers/usb/notify/usb_notifier.o) is not in EXIDX output section
arm-linux-androideabi-ld: warning: unwinding may not work because EXIDX input section 20 of built-in.o(drivers/input/serio/serio.o) is not in EXIDX output section
arm-linux-androideabi-ld: warning: unwinding may not work because EXIDX input section 9 of built-in.o(drivers/input/serio/serport.o) is not in EXIDX output section
arm-linux-androideabi-ld: warning: unwinding may not work because EXIDX input section 38 of built-in.o(drivers/input/input.o) is not in EXIDX output section
arm-linux-androideabi-ld: warning: unwinding may not work because EXIDX input section 14 of built-in.o(drivers/input/input-leds.o) is not in EXIDX output section
arm-linux-androideabi-ld: warning: unwinding may not work because EXIDX input section 11 of built-in.o(drivers/input/evdev.o) is not in EXIDX output section
arm-linux-androideabi-ld: warning: unwinding may not work because EXIDX input section 9 of built-in.o(drivers/input/keyboard/atkbd.o) is not in EXIDX output section
arm-linux-androideabi-ld: warning: unwinding may not work because EXIDX input section 17 of built-in.o(drivers/input/keyboard/mediatek/kpd.o) is not in EXIDX output section
arm-linux-androideabi-ld: warning: unwinding may not work because EXIDX input section 14 of built-in.o(drivers/input/joystick/xpad.o) is not in EXIDX output section
arm-linux-androideabi-ld: warning: unwinding may not work because EXIDX input section 14 of built-in.o(drivers/input/tablet/acecad.o) is not in EXIDX output section
arm-linux-androideabi-ld: warning: unwinding may not work because EXIDX input section 14 of built-in.o(drivers/input/tablet/aiptek.o) is not in EXIDX output section
arm-linux-androideabi-ld: warning: unwinding may not work because EXIDX input section 14 of built-in.o(drivers/input/tablet/gtco.o) is not in EXIDX output section
arm-linux-androideabi-ld: warning: unwinding may not work because EXIDX input section 14 of built-in.o(drivers/input/tablet/hanwang.o) is not in EXIDX output section
arm-linux-androideabi-ld: warning: unwinding may not work because EXIDX input section 14 of built-in.o(drivers/input/tablet/kbtab.o) is not in EXIDX output section
arm-linux-androideabi-ld: warning: unwinding may not work because EXIDX input section 12 of built-in.o(drivers/input/touchscreen/ili9881x/ili9881x_init.o) is not in EXIDX output section
arm-linux-androideabi-ld: warning: unwinding may not work because EXIDX input section 12 of built-in.o(drivers/input/touchscreen/NT36672C/nt36xxx.o) is not in EXIDX output section
arm-linux-androideabi-ld: warning: unwinding may not work because EXIDX input section 14 of built-in.o(drivers/input/misc/uinput.o) is not in EXIDX output section
arm-linux-androideabi-ld: warning: unwinding may not work because EXIDX input section 16 of built-in.o(drivers/rtc/rtc-dev.o) is not in EXIDX output section
arm-linux-androideabi-ld: warning: unwinding may not work because EXIDX input section 45 of built-in.o(drivers/i2c/i2c-core-base.o) is not in EXIDX output section
arm-linux-androideabi-ld: warning: unwinding may not work because EXIDX input section 14 of built-in.o(drivers/i2c/busses/i2c-gpio.o) is not in EXIDX output section
arm-linux-androideabi-ld: warning: unwinding may not work because EXIDX input section 15 of built-in.o(drivers/i2c/busses/i2c-mtk.o) is not in EXIDX output section
arm-linux-androideabi-ld: warning: unwinding may not work because EXIDX input section 12 of built-in.o(drivers/i2c/busses/i2c-mtk_debug.o) is not in EXIDX output section
arm-linux-androideabi-ld: warning: unwinding may not work because EXIDX input section 14 of built-in.o(drivers/media/i2c/ir-kbd-i2c.o) is not in EXIDX output section
arm-linux-androideabi-ld: warning: unwinding may not work because EXIDX input section 21 of built-in.o(drivers/media/v4l2-core/v4l2-dev.o) is not in EXIDX output section
arm-linux-androideabi-ld: warning: unwinding may not work because EXIDX input section 8 of built-in.o(drivers/media/rc/keymaps/rc-adstech-dvb-t-pci.o) is not in EXIDX output section
arm-linux-androideabi-ld: warning: unwinding may not work because EXIDX input section 8 of built-in.o(drivers/media/rc/keymaps/rc-alink-dtu-m.o) is not in EXIDX output section
arm-linux-androideabi-ld: warning: unwinding may not work because EXIDX input section 8 of built-in.o(drivers/media/rc/keymaps/rc-anysee.o) is not in EXIDX output section
arm-linux-androideabi-ld: warning: unwinding may not work because EXIDX input section 8 of built-in.o(drivers/media/rc/keymaps/rc-apac-viewcomp.o) is not in EXIDX output section
arm-linux-androideabi-ld: warning: unwinding may not work because EXIDX input section 8 of built-in.o(drivers/media/rc/keymaps/rc-asus-pc39.o) is not in EXIDX output section
arm-linux-androideabi-ld: warning: unwinding may not work because EXIDX input section 8 of built-in.o(drivers/media/rc/keymaps/rc-asus-ps3-100.o) is not in EXIDX output section
arm-linux-androideabi-ld: warning: unwinding may not work because EXIDX input section 8 of built-in.o(drivers/media/rc/keymaps/rc-ati-tv-wonder-hd-600.o) is not in EXIDX output section
arm-linux-androideabi-ld: warning: unwinding may not work because EXIDX input section 8 of built-in.o(drivers/media/rc/keymaps/rc-ati-x10.o) is not in EXIDX output section
arm-linux-androideabi-ld: warning: unwinding may not work because EXIDX input section 8 of built-in.o(drivers/media/rc/keymaps/rc-avermedia-a16d.o) is not in EXIDX output section
arm-linux-androideabi-ld: warning: unwinding may not work because EXIDX input section 8 of built-in.o(drivers/media/rc/keymaps/rc-avermedia.o) is not in EXIDX output section
arm-linux-androideabi-ld: warning: unwinding may not work because EXIDX input section 8 of built-in.o(drivers/media/rc/keymaps/rc-avermedia-cardbus.o) is not in EXIDX output section
arm-linux-androideabi-ld: warning: unwinding may not work because EXIDX input section 8 of built-in.o(drivers/media/rc/keymaps/rc-avermedia-dvbt.o) is not in EXIDX output section
arm-linux-androideabi-ld: warning: unwinding may not work because EXIDX input section 8 of built-in.o(drivers/media/rc/keymaps/rc-avermedia-m135a.o) is not in EXIDX output section
arm-linux-androideabi-ld: warning: unwinding may not work because EXIDX input section 8 of built-in.o(drivers/media/rc/keymaps/rc-avermedia-m733a-rm-k6.o) is not in EXIDX output section
arm-linux-androideabi-ld: warning: unwinding may not work because EXIDX input section 8 of built-in.o(drivers/media/rc/keymaps/rc-avermedia-rm-ks.o) is not in EXIDX output section
arm-linux-androideabi-ld: warning: unwinding may not work because EXIDX input section 8 of built-in.o(drivers/media/rc/keymaps/rc-avertv-303.o) is not in EXIDX output section
arm-linux-androideabi-ld: warning: unwinding may not work because EXIDX input section 8 of built-in.o(drivers/media/rc/keymaps/rc-azurewave-ad-tu700.o) is not in EXIDX output section
arm-linux-androideabi-ld: warning: unwinding may not work because EXIDX input section 8 of built-in.o(drivers/media/rc/keymaps/rc-behold.o) is not in EXIDX output section
arm-linux-androideabi-ld: warning: unwinding may not work because EXIDX input section 8 of built-in.o(drivers/media/rc/keymaps/rc-behold-columbus.o) is not in EXIDX output section
arm-linux-androideabi-ld: warning: unwinding may not work because EXIDX input section 8 of built-in.o(drivers/media/rc/keymaps/rc-budget-ci-old.o) is not in EXIDX output section
arm-linux-androideabi-ld: warning: unwinding may not work because EXIDX input section 8 of built-in.o(drivers/media/rc/keymaps/rc-cec.o) is not in EXIDX output section
arm-linux-androideabi-ld: warning: unwinding may not work because EXIDX input section 8 of built-in.o(drivers/media/rc/keymaps/rc-cinergy-1400.o) is not in EXIDX output section
arm-linux-androideabi-ld: warning: unwinding may not work because EXIDX input section 8 of built-in.o(drivers/media/rc/keymaps/rc-cinergy.o) is not in EXIDX output section
arm-linux-androideabi-ld: warning: unwinding may not work because EXIDX input section 8 of built-in.o(drivers/media/rc/keymaps/rc-d680-dmb.o) is not in EXIDX output section
arm-linux-androideabi-ld: warning: unwinding may not work because EXIDX input section 8 of built-in.o(drivers/media/rc/keymaps/rc-delock-61959.o) is not in EXIDX output section
arm-linux-androideabi-ld: warning: unwinding may not work because EXIDX input section 8 of built-in.o(drivers/media/rc/keymaps/rc-dib0700-nec.o) is not in EXIDX output section
arm-linux-androideabi-ld: warning: unwinding may not work because EXIDX input section 8 of built-in.o(drivers/media/rc/keymaps/rc-dib0700-rc5.o) is not in EXIDX output section
arm-linux-androideabi-ld: warning: unwinding may not work because EXIDX input section 8 of built-in.o(drivers/media/rc/keymaps/rc-digitalnow-tinytwin.o) is not in EXIDX output section
arm-linux-androideabi-ld: warning: unwinding may not work because EXIDX input section 8 of built-in.o(drivers/media/rc/keymaps/rc-digittrade.o) is not in EXIDX output section
arm-linux-androideabi-ld: warning: unwinding may not work because EXIDX input section 8 of built-in.o(drivers/media/rc/keymaps/rc-dm1105-nec.o) is not in EXIDX output section
arm-linux-androideabi-ld: warning: unwinding may not work because EXIDX input section 8 of built-in.o(drivers/media/rc/keymaps/rc-dntv-live-dvb-t.o) is not in EXIDX output section
arm-linux-androideabi-ld: warning: unwinding may not work because EXIDX input section 8 of built-in.o(drivers/media/rc/keymaps/rc-dntv-live-dvbt-pro.o) is not in EXIDX output section
arm-linux-androideabi-ld: warning: unwinding may not work because EXIDX input section 8 of built-in.o(drivers/media/rc/keymaps/rc-dtt200u.o) is not in EXIDX output section
arm-linux-androideabi-ld: warning: unwinding may not work because EXIDX input section 8 of built-in.o(drivers/media/rc/keymaps/rc-dvbsky.o) is not in EXIDX output section
arm-linux-androideabi-ld: warning: unwinding may not work because EXIDX input section 8 of built-in.o(drivers/media/rc/keymaps/rc-dvico-mce.o) is not in EXIDX output section
arm-linux-androideabi-ld: warning: unwinding may not work because EXIDX input section 8 of built-in.o(drivers/media/rc/keymaps/rc-dvico-portable.o) is not in EXIDX output section
arm-linux-androideabi-ld: warning: unwinding may not work because EXIDX input section 8 of built-in.o(drivers/media/rc/keymaps/rc-em-terratec.o) is not in EXIDX output section
arm-linux-androideabi-ld: warning: unwinding may not work because EXIDX input section 8 of built-in.o(drivers/media/rc/keymaps/rc-encore-enltv2.o) is not in EXIDX output section
arm-linux-androideabi-ld: warning: unwinding may not work because EXIDX input section 8 of built-in.o(drivers/media/rc/keymaps/rc-encore-enltv.o) is not in EXIDX output section
arm-linux-androideabi-ld: warning: unwinding may not work because EXIDX input section 8 of built-in.o(drivers/media/rc/keymaps/rc-encore-enltv-fm53.o) is not in EXIDX output section
arm-linux-androideabi-ld: warning: unwinding may not work because EXIDX input section 8 of built-in.o(drivers/media/rc/keymaps/rc-evga-indtube.o) is not in EXIDX output section
arm-linux-androideabi-ld: warning: unwinding may not work because EXIDX input section 8 of built-in.o(drivers/media/rc/keymaps/rc-eztv.o) is not in EXIDX output section
arm-linux-androideabi-ld: warning: unwinding may not work because EXIDX input section 8 of built-in.o(drivers/media/rc/keymaps/rc-flydvb.o) is not in EXIDX output section
arm-linux-androideabi-ld: warning: unwinding may not work because EXIDX input section 8 of built-in.o(drivers/media/rc/keymaps/rc-flyvideo.o) is not in EXIDX output section
arm-linux-androideabi-ld: warning: unwinding may not work because EXIDX input section 8 of built-in.o(drivers/media/rc/keymaps/rc-fusionhdtv-mce.o) is not in EXIDX output section
arm-linux-androideabi-ld: warning: unwinding may not work because EXIDX input section 8 of built-in.o(drivers/media/rc/keymaps/rc-gadmei-rm008z.o) is not in EXIDX output section
arm-linux-androideabi-ld: warning: unwinding may not work because EXIDX input section 8 of built-in.o(drivers/media/rc/keymaps/rc-geekbox.o) is not in EXIDX output section
arm-linux-androideabi-ld: warning: unwinding may not work because EXIDX input section 8 of built-in.o(drivers/media/rc/keymaps/rc-genius-tvgo-a11mce.o) is not in EXIDX output section
arm-linux-androideabi-ld: warning: unwinding may not work because EXIDX input section 8 of built-in.o(drivers/media/rc/keymaps/rc-gotview7135.o) is not in EXIDX output section
arm-linux-androideabi-ld: warning: unwinding may not work because EXIDX input section 8 of built-in.o(drivers/media/rc/keymaps/rc-imon-mce.o) is not in EXIDX output section
arm-linux-androideabi-ld: warning: unwinding may not work because EXIDX input section 8 of built-in.o(drivers/media/rc/keymaps/rc-imon-pad.o) is not in EXIDX output section
arm-linux-androideabi-ld: warning: unwinding may not work because EXIDX input section 8 of built-in.o(drivers/media/rc/keymaps/rc-iodata-bctv7e.o) is not in EXIDX output section
arm-linux-androideabi-ld: warning: unwinding may not work because EXIDX input section 8 of built-in.o(drivers/media/rc/keymaps/rc-it913x-v1.o) is not in EXIDX output section
arm-linux-androideabi-ld: warning: unwinding may not work because EXIDX input section 8 of built-in.o(drivers/media/rc/keymaps/rc-it913x-v2.o) is not in EXIDX output section
arm-linux-androideabi-ld: warning: unwinding may not work because EXIDX input section 8 of built-in.o(drivers/media/rc/keymaps/rc-kaiomy.o) is not in EXIDX output section
arm-linux-androideabi-ld: warning: unwinding may not work because EXIDX input section 8 of built-in.o(drivers/media/rc/keymaps/rc-kworld-315u.o) is not in EXIDX output section
arm-linux-androideabi-ld: warning: unwinding may not work because EXIDX input section 8 of built-in.o(drivers/media/rc/keymaps/rc-kworld-pc150u.o) is not in EXIDX output section
arm-linux-androideabi-ld: warning: unwinding may not work because EXIDX input section 8 of built-in.o(drivers/media/rc/keymaps/rc-kworld-plus-tv-analog.o) is not in EXIDX output section
arm-linux-androideabi-ld: warning: unwinding may not work because EXIDX input section 8 of built-in.o(drivers/media/rc/keymaps/rc-leadtek-y04g0051.o) is not in EXIDX output section
arm-linux-androideabi-ld: warning: unwinding may not work because EXIDX input section 8 of built-in.o(drivers/media/rc/keymaps/rc-lme2510.o) is not in EXIDX output section
arm-linux-androideabi-ld: warning: unwinding may not work because EXIDX input section 8 of built-in.o(drivers/media/rc/keymaps/rc-manli.o) is not in EXIDX output section
arm-linux-androideabi-ld: warning: unwinding may not work because EXIDX input section 8 of built-in.o(drivers/media/rc/keymaps/rc-medion-x10.o) is not in EXIDX output section
arm-linux-androideabi-ld: warning: unwinding may not work because EXIDX input section 8 of built-in.o(drivers/media/rc/keymaps/rc-medion-x10-digitainer.o) is not in EXIDX output section
arm-linux-androideabi-ld: warning: unwinding may not work because EXIDX input section 8 of built-in.o(drivers/media/rc/keymaps/rc-medion-x10-or2x.o) is not in EXIDX output section
arm-linux-androideabi-ld: warning: unwinding may not work because EXIDX input section 8 of built-in.o(drivers/media/rc/keymaps/rc-msi-digivox-ii.o) is not in EXIDX output section
arm-linux-androideabi-ld: warning: unwinding may not work because EXIDX input section 8 of built-in.o(drivers/media/rc/keymaps/rc-msi-digivox-iii.o) is not in EXIDX output section
arm-linux-androideabi-ld: warning: unwinding may not work because EXIDX input section 8 of built-in.o(drivers/media/rc/keymaps/rc-msi-tvanywhere.o) is not in EXIDX output section
arm-linux-androideabi-ld: warning: unwinding may not work because EXIDX input section 8 of built-in.o(drivers/media/rc/keymaps/rc-msi-tvanywhere-plus.o) is not in EXIDX output section
arm-linux-androideabi-ld: warning: unwinding may not work because EXIDX input section 8 of built-in.o(drivers/media/rc/keymaps/rc-nebula.o) is not in EXIDX output section
arm-linux-androideabi-ld: warning: unwinding may not work because EXIDX input section 8 of built-in.o(drivers/media/rc/keymaps/rc-nec-terratec-cinergy-xs.o) is not in EXIDX output section
arm-linux-androideabi-ld: warning: unwinding may not work because EXIDX input section 8 of built-in.o(drivers/media/rc/keymaps/rc-norwood.o) is not in EXIDX output section
arm-linux-androideabi-ld: warning: unwinding may not work because EXIDX input section 8 of built-in.o(drivers/media/rc/keymaps/rc-npgtech.o) is not in EXIDX output section
arm-linux-androideabi-ld: warning: unwinding may not work because EXIDX input section 8 of built-in.o(drivers/media/rc/keymaps/rc-pctv-sedna.o) is not in EXIDX output section
arm-linux-androideabi-ld: warning: unwinding may not work because EXIDX input section 8 of built-in.o(drivers/media/rc/keymaps/rc-pinnacle-color.o) is not in EXIDX output section
arm-linux-androideabi-ld: warning: unwinding may not work because EXIDX input section 8 of built-in.o(drivers/media/rc/keymaps/rc-pinnacle-grey.o) is not in EXIDX output section
arm-linux-androideabi-ld: warning: unwinding may not work because EXIDX input section 8 of built-in.o(drivers/media/rc/keymaps/rc-pinnacle-pctv-hd.o) is not in EXIDX output section
arm-linux-androideabi-ld: warning: unwinding may not work because EXIDX input section 8 of built-in.o(drivers/media/rc/keymaps/rc-pixelview.o) is not in EXIDX output section
arm-linux-androideabi-ld: warning: unwinding may not work because EXIDX input section 8 of built-in.o(drivers/media/rc/keymaps/rc-pixelview-mk12.o) is not in EXIDX output section
arm-linux-androideabi-ld: warning: unwinding may not work because EXIDX input section 8 of built-in.o(drivers/media/rc/keymaps/rc-pixelview-002t.o) is not in EXIDX output section
arm-linux-androideabi-ld: warning: unwinding may not work because EXIDX input section 8 of built-in.o(drivers/media/rc/keymaps/rc-pixelview-new.o) is not in EXIDX output section
arm-linux-androideabi-ld: warning: unwinding may not work because EXIDX input section 8 of built-in.o(drivers/media/rc/keymaps/rc-powercolor-real-angel.o) is not in EXIDX output section
arm-linux-androideabi-ld: warning: unwinding may not work because EXIDX input section 8 of built-in.o(drivers/media/rc/keymaps/rc-proteus-2309.o) is not in EXIDX output section
arm-linux-androideabi-ld: warning: unwinding may not work because EXIDX input section 8 of built-in.o(drivers/media/rc/keymaps/rc-purpletv.o) is not in EXIDX output section
arm-linux-androideabi-ld: warning: unwinding may not work because EXIDX input section 8 of built-in.o(drivers/media/rc/keymaps/rc-pv951.o) is not in EXIDX output section
arm-linux-androideabi-ld: warning: unwinding may not work because EXIDX input section 8 of built-in.o(drivers/media/rc/keymaps/rc-hauppauge.o) is not in EXIDX output section
arm-linux-androideabi-ld: warning: unwinding may not work because EXIDX input section 8 of built-in.o(drivers/media/rc/keymaps/rc-rc6-mce.o) is not in EXIDX output section
arm-linux-androideabi-ld: warning: unwinding may not work because EXIDX input section 8 of built-in.o(drivers/media/rc/keymaps/rc-real-audio-220-32-keys.o) is not in EXIDX output section
arm-linux-androideabi-ld: warning: unwinding may not work because EXIDX input section 8 of built-in.o(drivers/media/rc/keymaps/rc-reddo.o) is not in EXIDX output section
arm-linux-androideabi-ld: warning: unwinding may not work because EXIDX input section 8 of built-in.o(drivers/media/rc/keymaps/rc-snapstream-firefly.o) is not in EXIDX output section
arm-linux-androideabi-ld: warning: unwinding may not work because EXIDX input section 8 of built-in.o(drivers/media/rc/keymaps/rc-streamzap.o) is not in EXIDX output section
arm-linux-androideabi-ld: warning: unwinding may not work because EXIDX input section 8 of built-in.o(drivers/media/rc/keymaps/rc-tbs-nec.o) is not in EXIDX output section
arm-linux-androideabi-ld: warning: unwinding may not work because EXIDX input section 8 of built-in.o(drivers/media/rc/keymaps/rc-technisat-ts35.o) is not in EXIDX output section
arm-linux-androideabi-ld: warning: unwinding may not work because EXIDX input section 8 of built-in.o(drivers/media/rc/keymaps/rc-technisat-usb2.o) is not in EXIDX output section
arm-linux-androideabi-ld: warning: unwinding may not work because EXIDX input section 8 of built-in.o(drivers/media/rc/keymaps/rc-terratec-cinergy-c-pci.o) is not in EXIDX output section
arm-linux-androideabi-ld: warning: unwinding may not work because EXIDX input section 8 of built-in.o(drivers/media/rc/keymaps/rc-terratec-cinergy-s2-hd.o) is not in EXIDX output section
arm-linux-androideabi-ld: warning: unwinding may not work because EXIDX input section 8 of built-in.o(drivers/media/rc/keymaps/rc-terratec-cinergy-xs.o) is not in EXIDX output section
arm-linux-androideabi-ld: warning: unwinding may not work because EXIDX input section 8 of built-in.o(drivers/media/rc/keymaps/rc-terratec-slim.o) is not in EXIDX output section
arm-linux-androideabi-ld: warning: unwinding may not work because EXIDX input section 8 of built-in.o(drivers/media/rc/keymaps/rc-terratec-slim-2.o) is not in EXIDX output section
arm-linux-androideabi-ld: warning: unwinding may not work because EXIDX input section 8 of built-in.o(drivers/media/rc/keymaps/rc-tevii-nec.o) is not in EXIDX output section
arm-linux-androideabi-ld: warning: unwinding may not work because EXIDX input section 8 of built-in.o(drivers/media/rc/keymaps/rc-tivo.o) is not in EXIDX output section
arm-linux-androideabi-ld: warning: unwinding may not work because EXIDX input section 8 of built-in.o(drivers/media/rc/keymaps/rc-total-media-in-hand.o) is not in EXIDX output section
arm-linux-androideabi-ld: warning: unwinding may not work because EXIDX input section 8 of built-in.o(drivers/media/rc/keymaps/rc-total-media-in-hand-02.o) is not in EXIDX output section
arm-linux-androideabi-ld: warning: unwinding may not work because EXIDX input section 8 of built-in.o(drivers/media/rc/keymaps/rc-trekstor.o) is not in EXIDX output section
arm-linux-androideabi-ld: warning: unwinding may not work because EXIDX input section 8 of built-in.o(drivers/media/rc/keymaps/rc-tt-1500.o) is not in EXIDX output section
arm-linux-androideabi-ld: warning: unwinding may not work because EXIDX input section 8 of built-in.o(drivers/media/rc/keymaps/rc-twinhan-dtv-cab-ci.o) is not in EXIDX output section
arm-linux-androideabi-ld: warning: unwinding may not work because EXIDX input section 8 of built-in.o(drivers/media/rc/keymaps/rc-twinhan1027.o) is not in EXIDX output section
arm-linux-androideabi-ld: warning: unwinding may not work because EXIDX input section 8 of built-in.o(drivers/media/rc/keymaps/rc-videomate-m1f.o) is not in EXIDX output section
arm-linux-androideabi-ld: warning: unwinding may not work because EXIDX input section 8 of built-in.o(drivers/media/rc/keymaps/rc-videomate-s350.o) is not in EXIDX output section
arm-linux-androideabi-ld: warning: unwinding may not work because EXIDX input section 8 of built-in.o(drivers/media/rc/keymaps/rc-videomate-tv-pvr.o) is not in EXIDX output section
arm-linux-androideabi-ld: warning: unwinding may not work because EXIDX input section 8 of built-in.o(drivers/media/rc/keymaps/rc-winfast.o) is not in EXIDX output section
arm-linux-androideabi-ld: warning: unwinding may not work because EXIDX input section 8 of built-in.o(drivers/media/rc/keymaps/rc-winfast-usbii-deluxe.o) is not in EXIDX output section
arm-linux-androideabi-ld: warning: unwinding may not work because EXIDX input section 8 of built-in.o(drivers/media/rc/keymaps/rc-su3000.o) is not in EXIDX output section
arm-linux-androideabi-ld: warning: unwinding may not work because EXIDX input section 8 of built-in.o(drivers/media/rc/keymaps/rc-zx-irdec.o) is not in EXIDX output section
arm-linux-androideabi-ld: warning: unwinding may not work because EXIDX input section 25 of built-in.o(drivers/media/rc/rc-main.o) is not in EXIDX output section
arm-linux-androideabi-ld: warning: unwinding may not work because EXIDX input section 9 of built-in.o(drivers/media/rc/ir-nec-decoder.o) is not in EXIDX output section
arm-linux-androideabi-ld: warning: unwinding may not work because EXIDX input section 9 of built-in.o(drivers/media/rc/ir-rc5-decoder.o) is not in EXIDX output section
arm-linux-androideabi-ld: warning: unwinding may not work because EXIDX input section 9 of built-in.o(drivers/media/rc/ir-rc6-decoder.o) is not in EXIDX output section
arm-linux-androideabi-ld: warning: unwinding may not work because EXIDX input section 9 of built-in.o(drivers/media/rc/ir-jvc-decoder.o) is not in EXIDX output section
arm-linux-androideabi-ld: warning: unwinding may not work because EXIDX input section 9 of built-in.o(drivers/media/rc/ir-sony-decoder.o) is not in EXIDX output section
arm-linux-androideabi-ld: warning: unwinding may not work because EXIDX input section 9 of built-in.o(drivers/media/rc/ir-sanyo-decoder.o) is not in EXIDX output section
arm-linux-androideabi-ld: warning: unwinding may not work because EXIDX input section 9 of built-in.o(drivers/media/rc/ir-sharp-decoder.o) is not in EXIDX output section
arm-linux-androideabi-ld: warning: unwinding may not work because EXIDX input section 9 of built-in.o(drivers/media/rc/ir-mce_kbd-decoder.o) is not in EXIDX output section
arm-linux-androideabi-ld: warning: unwinding may not work because EXIDX input section 9 of built-in.o(drivers/media/rc/ir-xmp-decoder.o) is not in EXIDX output section
arm-linux-androideabi-ld: warning: unwinding may not work because EXIDX input section 14 of built-in.o(drivers/media/usb/uvc/uvc_driver.o) is not in EXIDX output section
arm-linux-androideabi-ld: warning: unwinding may not work because EXIDX input section 34 of built-in.o(drivers/power/supply/power_supply_core.o) is not in EXIDX output section
arm-linux-androideabi-ld: warning: unwinding may not work because EXIDX input section 17 of built-in.o(drivers/power/supply/mediatek/misc/mtk_gauge_time_service.o) is not in EXIDX output section
arm-linux-androideabi-ld: warning: unwinding may not work because EXIDX input section 15 of built-in.o(drivers/hwmon/hwmon.o) is not in EXIDX output section
arm-linux-androideabi-ld: warning: unwinding may not work because EXIDX input section 23 of built-in.o(drivers/thermal/thermal_core.o) is not in EXIDX output section
arm-linux-androideabi-ld: warning: unwinding may not work because EXIDX input section 9 of built-in.o(drivers/thermal/backward_compatible.o) is not in EXIDX output section
arm-linux-androideabi-ld: warning: unwinding may not work because EXIDX input section 13 of built-in.o(drivers/watchdog/watchdog_core.o) is not in EXIDX output section
arm-linux-androideabi-ld: warning: unwinding may not work because EXIDX input section 17 of built-in.o(drivers/watchdog/watchdog_dev.o) is not in EXIDX output section
arm-linux-androideabi-ld: warning: unwinding may not work because EXIDX input section 14 of built-in.o(drivers/watchdog/softdog.o) is not in EXIDX output section
arm-linux-androideabi-ld: warning: unwinding may not work because EXIDX input section 12 of built-in.o(drivers/watchdog/mediatek/wdk/wd_common_drv.o) is not in EXIDX output section
arm-linux-androideabi-ld: warning: unwinding may not work because EXIDX input section 9 of built-in.o(drivers/watchdog/mediatek/wdt/common/wdt_v2/mtk_wdt_v2.o) is not in EXIDX output section
arm-linux-androideabi-ld: warning: unwinding may not work because EXIDX input section 27 of built-in.o(drivers/md/dm.o) is not in EXIDX output section
arm-linux-androideabi-ld: warning: unwinding may not work because EXIDX input section 31 of built-in.o(drivers/md/dm-bufio.o) is not in EXIDX output section
arm-linux-androideabi-ld: warning: unwinding may not work because EXIDX input section 9 of built-in.o(drivers/md/dm-crypt.o) is not in EXIDX output section
arm-linux-androideabi-ld: warning: unwinding may not work because EXIDX input section 10 of built-in.o(drivers/md/dm-snap.o) is not in EXIDX output section
arm-linux-androideabi-ld: warning: unwinding may not work because EXIDX input section 12 of built-in.o(drivers/md/dm-verity-target.o) is not in EXIDX output section
arm-linux-androideabi-ld: warning: unwinding may not work because EXIDX input section 12 of built-in.o(drivers/md/alta_bigdata.o) is not in EXIDX output section
arm-linux-androideabi-ld: warning: unwinding may not work because EXIDX input section 12 of built-in.o(drivers/cpufreq/cpufreq_limit_mt6739.o) is not in EXIDX output section
arm-linux-androideabi-ld: warning: unwinding may not work because EXIDX input section 9 of built-in.o(drivers/cpufreq/cpufreq_performance.o) is not in EXIDX output section
arm-linux-androideabi-ld: warning: unwinding may not work because EXIDX input section 19 of built-in.o(drivers/cpufreq/cpufreq_interactive.o) is not in EXIDX output section
arm-linux-androideabi-ld: warning: unwinding may not work because EXIDX input section 48 of built-in.o(drivers/mmc/core/core.o) is not in EXIDX output section
arm-linux-androideabi-ld: warning: unwinding may not work because EXIDX input section 14 of built-in.o(drivers/mmc/core/pwrseq_simple.o) is not in EXIDX output section
arm-linux-androideabi-ld: warning: unwinding may not work because EXIDX input section 14 of built-in.o(drivers/mmc/core/pwrseq_emmc.o) is not in EXIDX output section
arm-linux-androideabi-ld: warning: unwinding may not work because EXIDX input section 14 of built-in.o(drivers/mmc/core/block.o) is not in EXIDX output section
arm-linux-androideabi-ld: warning: unwinding may not work because EXIDX input section 10 of built-in.o(drivers/mmc/host/mediatek/ComboA/sd.o) is not in EXIDX output section
arm-linux-androideabi-ld: warning: unwinding may not work because EXIDX input section 12 of built-in.o(drivers/mmc/host/mediatek/ComboA/mtk_sd_misc.o) is not in EXIDX output section
arm-linux-androideabi-ld: warning: unwinding may not work because EXIDX input section 14 of built-in.o(drivers/leds/led-class.o) is not in EXIDX output section
arm-linux-androideabi-ld: warning: unwinding may not work because EXIDX input section 16 of built-in.o(drivers/leds/leds-s2mu005.o) is not in EXIDX output section
arm-linux-androideabi-ld: warning: unwinding may not work because EXIDX input section 9 of built-in.o(drivers/leds/trigger/ledtrig-timer.o) is not in EXIDX output section
arm-linux-androideabi-ld: warning: unwinding may not work because EXIDX input section 35 of built-in.o(drivers/hid/hid-core.o) is not in EXIDX output section
arm-linux-androideabi-ld: warning: unwinding may not work because EXIDX input section 9 of built-in.o(drivers/hid/uhid.o) is not in EXIDX output section
arm-linux-androideabi-ld: warning: unwinding may not work because EXIDX input section 13 of built-in.o(drivers/hid/hid-generic.o) is not in EXIDX output section
arm-linux-androideabi-ld: warning: unwinding may not work because EXIDX input section 14 of built-in.o(drivers/hid/hid-a4tech.o) is not in EXIDX output section
arm-linux-androideabi-ld: warning: unwinding may not work because EXIDX input section 14 of built-in.o(drivers/hid/hid-axff.o) is not in EXIDX output section
arm-linux-androideabi-ld: warning: unwinding may not work because EXIDX input section 14 of built-in.o(drivers/hid/hid-apple.o) is not in EXIDX output section
arm-linux-androideabi-ld: warning: unwinding may not work because EXIDX input section 14 of built-in.o(drivers/hid/hid-belkin.o) is not in EXIDX output section
arm-linux-androideabi-ld: warning: unwinding may not work because EXIDX input section 14 of built-in.o(drivers/hid/hid-cherry.o) is not in EXIDX output section
arm-linux-androideabi-ld: warning: unwinding may not work because EXIDX input section 14 of built-in.o(drivers/hid/hid-chicony.o) is not in EXIDX output section
arm-linux-androideabi-ld: warning: unwinding may not work because EXIDX input section 14 of built-in.o(drivers/hid/hid-cypress.o) is not in EXIDX output section
arm-linux-androideabi-ld: warning: unwinding may not work because EXIDX input section 14 of built-in.o(drivers/hid/hid-dr.o) is not in EXIDX output section
arm-linux-androideabi-ld: warning: unwinding may not work because EXIDX input section 14 of built-in.o(drivers/hid/hid-emsff.o) is not in EXIDX output section
arm-linux-androideabi-ld: warning: unwinding may not work because EXIDX input section 14 of built-in.o(drivers/hid/hid-elecom.o) is not in EXIDX output section
arm-linux-androideabi-ld: warning: unwinding may not work because EXIDX input section 14 of built-in.o(drivers/hid/hid-ezkey.o) is not in EXIDX output section
arm-linux-androideabi-ld: warning: unwinding may not work because EXIDX input section 14 of built-in.o(drivers/hid/hid-gyration.o) is not in EXIDX output section
arm-linux-androideabi-ld: warning: unwinding may not work because EXIDX input section 14 of built-in.o(drivers/hid/hid-holtek-kbd.o) is not in EXIDX output section
arm-linux-androideabi-ld: warning: unwinding may not work because EXIDX input section 14 of built-in.o(drivers/hid/hid-holtek-mouse.o) is not in EXIDX output section
arm-linux-androideabi-ld: warning: unwinding may not work because EXIDX input section 14 of built-in.o(drivers/hid/hid-holtekff.o) is not in EXIDX output section
arm-linux-androideabi-ld: warning: unwinding may not work because EXIDX input section 14 of built-in.o(drivers/hid/hid-kensington.o) is not in EXIDX output section
arm-linux-androideabi-ld: warning: unwinding may not work because EXIDX input section 14 of built-in.o(drivers/hid/hid-keytouch.o) is not in EXIDX output section
arm-linux-androideabi-ld: warning: unwinding may not work because EXIDX input section 14 of built-in.o(drivers/hid/hid-kye.o) is not in EXIDX output section
arm-linux-androideabi-ld: warning: unwinding may not work because EXIDX input section 14 of built-in.o(drivers/hid/hid-lcpower.o) is not in EXIDX output section
arm-linux-androideabi-ld: warning: unwinding may not work because EXIDX input section 14 of built-in.o(drivers/hid/hid-lg.o) is not in EXIDX output section
arm-linux-androideabi-ld: warning: unwinding may not work because EXIDX input section 14 of built-in.o(drivers/hid/hid-logitech-dj.o) is not in EXIDX output section
arm-linux-androideabi-ld: warning: unwinding may not work because EXIDX input section 14 of built-in.o(drivers/hid/hid-logitech-hidpp.o) is not in EXIDX output section
arm-linux-androideabi-ld: warning: unwinding may not work because EXIDX input section 14 of built-in.o(drivers/hid/hid-magicmouse.o) is not in EXIDX output section
arm-linux-androideabi-ld: warning: unwinding may not work because EXIDX input section 14 of built-in.o(drivers/hid/hid-microsoft.o) is not in EXIDX output section
arm-linux-androideabi-ld: warning: unwinding may not work because EXIDX input section 14 of built-in.o(drivers/hid/hid-monterey.o) is not in EXIDX output section
arm-linux-androideabi-ld: warning: unwinding may not work because EXIDX input section 14 of built-in.o(drivers/hid/hid-multitouch.o) is not in EXIDX output section
arm-linux-androideabi-ld: warning: unwinding may not work because EXIDX input section 14 of built-in.o(drivers/hid/hid-nintendo.o) is not in EXIDX output section
arm-linux-androideabi-ld: warning: unwinding may not work because EXIDX input section 14 of built-in.o(drivers/hid/hid-ntrig.o) is not in EXIDX output section
arm-linux-androideabi-ld: warning: unwinding may not work because EXIDX input section 14 of built-in.o(drivers/hid/hid-ortek.o) is not in EXIDX output section
arm-linux-androideabi-ld: warning: unwinding may not work because EXIDX input section 14 of built-in.o(drivers/hid/hid-prodikeys.o) is not in EXIDX output section
arm-linux-androideabi-ld: warning: unwinding may not work because EXIDX input section 14 of built-in.o(drivers/hid/hid-pl.o) is not in EXIDX output section
arm-linux-androideabi-ld: warning: unwinding may not work because EXIDX input section 14 of built-in.o(drivers/hid/hid-petalynx.o) is not in EXIDX output section
arm-linux-androideabi-ld: warning: unwinding may not work because EXIDX input section 17 of built-in.o(drivers/hid/hid-picolcd_core.o) is not in EXIDX output section
arm-linux-androideabi-ld: warning: unwinding may not work because EXIDX input section 14 of built-in.o(drivers/hid/hid-plantronics.o) is not in EXIDX output section
arm-linux-androideabi-ld: warning: unwinding may not work because EXIDX input section 14 of built-in.o(drivers/hid/hid-primax.o) is not in EXIDX output section
arm-linux-androideabi-ld: warning: unwinding may not work because EXIDX input section 11 of built-in.o(drivers/hid/hid-roccat.o) is not in EXIDX output section
arm-linux-androideabi-ld: warning: unwinding may not work because EXIDX input section 9 of built-in.o(drivers/hid/hid-roccat-arvo.o) is not in EXIDX output section
arm-linux-androideabi-ld: warning: unwinding may not work because EXIDX input section 9 of built-in.o(drivers/hid/hid-roccat-isku.o) is not in EXIDX output section
arm-linux-androideabi-ld: warning: unwinding may not work because EXIDX input section 9 of built-in.o(drivers/hid/hid-roccat-kone.o) is not in EXIDX output section
arm-linux-androideabi-ld: warning: unwinding may not work because EXIDX input section 9 of built-in.o(drivers/hid/hid-roccat-koneplus.o) is not in EXIDX output section
arm-linux-androideabi-ld: warning: unwinding may not work because EXIDX input section 9 of built-in.o(drivers/hid/hid-roccat-konepure.o) is not in EXIDX output section
arm-linux-androideabi-ld: warning: unwinding may not work because EXIDX input section 9 of built-in.o(drivers/hid/hid-roccat-kovaplus.o) is not in EXIDX output section
arm-linux-androideabi-ld: warning: unwinding may not work because EXIDX input section 14 of built-in.o(drivers/hid/hid-roccat-lua.o) is not in EXIDX output section
arm-linux-androideabi-ld: warning: unwinding may not work because EXIDX input section 9 of built-in.o(drivers/hid/hid-roccat-pyra.o) is not in EXIDX output section
arm-linux-androideabi-ld: warning: unwinding may not work because EXIDX input section 9 of built-in.o(drivers/hid/hid-roccat-ryos.o) is not in EXIDX output section
arm-linux-androideabi-ld: warning: unwinding may not work because EXIDX input section 9 of built-in.o(drivers/hid/hid-roccat-savu.o) is not in EXIDX output section
arm-linux-androideabi-ld: warning: unwinding may not work because EXIDX input section 14 of built-in.o(drivers/hid/hid-saitek.o) is not in EXIDX output section
arm-linux-androideabi-ld: warning: unwinding may not work because EXIDX input section 14 of built-in.o(drivers/hid/hid-samsung.o) is not in EXIDX output section
arm-linux-androideabi-ld: warning: unwinding may not work because EXIDX input section 14 of built-in.o(drivers/hid/hid-sjoy.o) is not in EXIDX output section
arm-linux-androideabi-ld: warning: unwinding may not work because EXIDX input section 9 of built-in.o(drivers/hid/hid-sony.o) is not in EXIDX output section
arm-linux-androideabi-ld: warning: unwinding may not work because EXIDX input section 13 of built-in.o(drivers/hid/hid-speedlink.o) is not in EXIDX output section
arm-linux-androideabi-ld: warning: unwinding may not work because EXIDX input section 14 of built-in.o(drivers/hid/hid-sunplus.o) is not in EXIDX output section
arm-linux-androideabi-ld: warning: unwinding may not work because EXIDX input section 14 of built-in.o(drivers/hid/hid-gaff.o) is not in EXIDX output section
arm-linux-androideabi-ld: warning: unwinding may not work because EXIDX input section 14 of built-in.o(drivers/hid/hid-tmff.o) is not in EXIDX output section
arm-linux-androideabi-ld: warning: unwinding may not work because EXIDX input section 14 of built-in.o(drivers/hid/hid-tivo.o) is not in EXIDX output section
arm-linux-androideabi-ld: warning: unwinding may not work because EXIDX input section 14 of built-in.o(drivers/hid/hid-topseed.o) is not in EXIDX output section
arm-linux-androideabi-ld: warning: unwinding may not work because EXIDX input section 14 of built-in.o(drivers/hid/hid-twinhan.o) is not in EXIDX output section
arm-linux-androideabi-ld: warning: unwinding may not work because EXIDX input section 14 of built-in.o(drivers/hid/hid-uclogic.o) is not in EXIDX output section
arm-linux-androideabi-ld: warning: unwinding may not work because EXIDX input section 14 of built-in.o(drivers/hid/hid-zpff.o) is not in EXIDX output section
arm-linux-androideabi-ld: warning: unwinding may not work because EXIDX input section 14 of built-in.o(drivers/hid/hid-zydacron.o) is not in EXIDX output section
arm-linux-androideabi-ld: warning: unwinding may not work because EXIDX input section 17 of built-in.o(drivers/hid/wacom_sys.o) is not in EXIDX output section
arm-linux-androideabi-ld: warning: unwinding may not work because EXIDX input section 14 of built-in.o(drivers/hid/hid-waltop.o) is not in EXIDX output section
arm-linux-androideabi-ld: warning: unwinding may not work because EXIDX input section 17 of built-in.o(drivers/hid/hid-wiimote-core.o) is not in EXIDX output section
arm-linux-androideabi-ld: warning: unwinding may not work because EXIDX input section 9 of built-in.o(drivers/hid/usbhid/hid-core.o) is not in EXIDX output section
arm-linux-androideabi-ld: warning: unwinding may not work because EXIDX input section 13 of built-in.o(drivers/staging/android/ion/mtk/ion_drv.o) is not in EXIDX output section
arm-linux-androideabi-ld: warning: unwinding may not work because EXIDX input section 12 of built-in.o(drivers/staging/android/alarm-dev.o) is not in EXIDX output section
arm-linux-androideabi-ld: warning: unwinding may not work because EXIDX input section 8 of built-in.o(drivers/staging/android/lmkd_debug.o) is not in EXIDX output section
arm-linux-androideabi-ld: warning: unwinding may not work because EXIDX input section 30 of built-in.o(drivers/extcon/extcon.o) is not in EXIDX output section
arm-linux-androideabi-ld: warning: unwinding may not work because EXIDX input section 30 of built-in.o(drivers/iio/industrialio-core.o) is not in EXIDX output section
arm-linux-androideabi-ld: warning: unwinding may not work because EXIDX input section 27 of built-in.o(drivers/nvmem/core.o) is not in EXIDX output section
arm-linux-androideabi-ld: warning: unwinding may not work because EXIDX input section 12 of built-in.o(drivers/samsung/sec_param.o) is not in EXIDX output section
arm-linux-androideabi-ld: warning: unwinding may not work because EXIDX input section 12 of built-in.o(drivers/samsung/sec_key_notifier.o) is not in EXIDX output section
arm-linux-androideabi-ld: warning: unwinding may not work because EXIDX input section 12 of built-in.o(drivers/switch/switch_class.o) is not in EXIDX output section
arm-linux-androideabi-ld: warning: unwinding may not work because EXIDX input section 9 of built-in.o(drivers/sensors/isg5320a_a02.o) is not in EXIDX output section
arm-linux-androideabi-ld: warning: unwinding may not work because EXIDX input section 9 of built-in.o(drivers/sensors/isg5320a_sub_a02.o) is not in EXIDX output section
arm-linux-androideabi-ld: warning: unwinding may not work because EXIDX input section 12 of built-in.o(drivers/sensors/sensors_core.o) is not in EXIDX output section
arm-linux-androideabi-ld: warning: unwinding may not work because EXIDX input section 14 of built-in.o(drivers/sensors/lis2ds_i2c_a02.o) is not in EXIDX output section
arm-linux-androideabi-ld: warning: unwinding may not work because EXIDX input section 12 of built-in.o(drivers/battery/charger/s2mu005_charger/s2mu005_charger.o) is not in EXIDX output section
arm-linux-androideabi-ld: warning: unwinding may not work because EXIDX input section 11 of built-in.o(drivers/sti/abc/abc_common.o) is not in EXIDX output section
arm-linux-androideabi-ld: warning: unwinding may not work because EXIDX input section 10 of built-in.o(drivers/sti/abc/abc_hub_core.o) is not in EXIDX output section
arm-linux-androideabi-ld: warning: unwinding may not work because EXIDX input section 17 of built-in.o(drivers/muic/slsi/s2mu005/s2mu005-muic.o) is not in EXIDX output section
arm-linux-androideabi-ld: warning: unwinding may not work because EXIDX input section 12 of built-in.o(drivers/input/input_boost/evdev_booster.o) is not in EXIDX output section
arm-linux-androideabi-ld: warning: unwinding may not work because EXIDX input section 17 of built-in.o(drivers/hwmon/sec_thermistor/sec_thermistor.o) is not in EXIDX output section
arm-linux-androideabi-ld: warning: unwinding may not work because EXIDX input section 18 of built-in.o(drivers/mfd/slsi/s2mu005/s2mu005_core.o) is not in EXIDX output section
arm-linux-androideabi-ld: warning: unwinding may not work because EXIDX input section 12 of built-in.o(drivers/battery/fuelgauge/s2mu005_fuelgauge/s2mu005_fuelgauge.o) is not in EXIDX output section
arm-linux-androideabi-ld: warning: unwinding may not work because EXIDX input section 17 of built-in.o(drivers/battery/common/sec_battery.o) is not in EXIDX output section
arm-linux-androideabi-ld: warning: unwinding may not work because EXIDX input section 14 of built-in.o(drivers/vibrator/dc/dc_vibrator.o) is not in EXIDX output section
arm-linux-androideabi-ld: warning: unwinding may not work because EXIDX input section 7 of built-in.o(sound/sound_core.o) is not in EXIDX output section
arm-linux-androideabi-ld: warning: unwinding may not work because EXIDX input section 17 of built-in.o(sound/core/sound.o) is not in EXIDX output section
arm-linux-androideabi-ld: warning: unwinding may not work because EXIDX input section 18 of built-in.o(sound/core/info.o) is not in EXIDX output section
arm-linux-androideabi-ld: warning: unwinding may not work because EXIDX input section 9 of built-in.o(sound/core/hwdep.o) is not in EXIDX output section
arm-linux-androideabi-ld: warning: unwinding may not work because EXIDX input section 21 of built-in.o(sound/core/timer.o) is not in EXIDX output section
arm-linux-androideabi-ld: warning: unwinding may not work because EXIDX input section 8 of built-in.o(sound/core/hrtimer.o) is not in EXIDX output section
arm-linux-androideabi-ld: warning: unwinding may not work because EXIDX input section 13 of built-in.o(sound/core/pcm.o) is not in EXIDX output section
arm-linux-androideabi-ld: warning: unwinding may not work because EXIDX input section 15 of built-in.o(sound/core/seq_device.o) is not in EXIDX output section
arm-linux-androideabi-ld: warning: unwinding may not work because EXIDX input section 27 of built-in.o(sound/core/rawmidi.o) is not in EXIDX output section
arm-linux-androideabi-ld: warning: unwinding may not work because EXIDX input section 7 of built-in.o(sound/core/seq/seq.o) is not in EXIDX output section
arm-linux-androideabi-ld: warning: unwinding may not work because EXIDX input section 20 of built-in.o(sound/core/seq/seq_clientmgr.o) is not in EXIDX output section
arm-linux-androideabi-ld: warning: unwinding may not work because EXIDX input section 14 of built-in.o(sound/core/seq/seq_memory.o) is not in EXIDX output section
arm-linux-androideabi-ld: warning: unwinding may not work because EXIDX input section 15 of built-in.o(sound/core/seq/seq_queue.o) is not in EXIDX output section
arm-linux-androideabi-ld: warning: unwinding may not work because EXIDX input section 12 of built-in.o(sound/core/seq/seq_info.o) is not in EXIDX output section
arm-linux-androideabi-ld: warning: unwinding may not work because EXIDX input section 8 of built-in.o(sound/core/seq/seq_dummy.o) is not in EXIDX output section
arm-linux-androideabi-ld: warning: unwinding may not work because EXIDX input section 14 of built-in.o(sound/core/seq/seq_midi.o) is not in EXIDX output section
arm-linux-androideabi-ld: warning: unwinding may not work because EXIDX input section 16 of built-in.o(sound/core/seq/seq_midi_event.o) is not in EXIDX output section
arm-linux-androideabi-ld: warning: unwinding may not work because EXIDX input section 19 of built-in.o(sound/usb/card.o) is not in EXIDX output section
arm-linux-androideabi-ld: warning: unwinding may not work because EXIDX input section 66 of built-in.o(sound/soc/soc-core.o) is not in EXIDX output section
arm-linux-androideabi-ld: warning: unwinding may not work because EXIDX input section 24 of built-in.o(sound/soc/soc-utils.o) is not in EXIDX output section
arm-linux-androideabi-ld: warning: unwinding may not work because EXIDX input section 17 of built-in.o(sound/soc/mediatek/common/mtk-btcvsd.o) is not in EXIDX output section
arm-linux-androideabi-ld: warning: unwinding may not work because EXIDX input section 12 of built-in.o(sound/soc/mediatek/codec/mt6357/mtk-soc-codec-6357.o) is not in EXIDX output section
arm-linux-androideabi-ld: warning: unwinding may not work because EXIDX input section 13 of built-in.o(sound/soc/mediatek/common_int/mtk-soc-speaker-amp.o) is not in EXIDX output section
arm-linux-androideabi-ld: warning: unwinding may not work because EXIDX input section 14 of built-in.o(sound/soc/mediatek/common_int/mtk-soc-pcm-capture.o) is not in EXIDX output section
arm-linux-androideabi-ld: warning: unwinding may not work because EXIDX input section 14 of built-in.o(sound/soc/mediatek/common_int/mtk-soc-pcm-dl1.o) is not in EXIDX output section
arm-linux-androideabi-ld: warning: unwinding may not work because EXIDX input section 14 of built-in.o(sound/soc/mediatek/common_int/mtk-soc-pcm-dummy.o) is not in EXIDX output section
arm-linux-androideabi-ld: warning: unwinding may not work because EXIDX input section 17 of built-in.o(sound/soc/mediatek/common_int/mtk-soc-pcm-routing.o) is not in EXIDX output section
arm-linux-androideabi-ld: warning: unwinding may not work because EXIDX input section 14 of built-in.o(sound/soc/mediatek/common_int/mtk-soc-pcm-capture2.o) is not in EXIDX output section
arm-linux-androideabi-ld: warning: unwinding may not work because EXIDX input section 9 of built-in.o(sound/soc/mediatek/common_int/mtk-soc-pcm-i2s2-adc2.o) is not in EXIDX output section
arm-linux-androideabi-ld: warning: unwinding may not work because EXIDX input section 12 of built-in.o(sound/soc/mediatek/common_int/mtk-soc-pcm-voice-md1.o) is not in EXIDX output section
arm-linux-androideabi-ld: warning: unwinding may not work because EXIDX input section 12 of built-in.o(sound/soc/mediatek/common_int/mtk-soc-pcm-voice-md2.o) is not in EXIDX output section
arm-linux-androideabi-ld: warning: unwinding may not work because EXIDX input section 12 of built-in.o(sound/soc/mediatek/common_int/mtk-soc-pcm-voice-md1-bt.o) is not in EXIDX output section
arm-linux-androideabi-ld: warning: unwinding may not work because EXIDX input section 12 of built-in.o(sound/soc/mediatek/common_int/mtk-soc-pcm-voice-md2-bt.o) is not in EXIDX output section
arm-linux-androideabi-ld: warning: unwinding may not work because EXIDX input section 12 of built-in.o(sound/soc/mediatek/common_int/mtk-soc-pcm-voice-usb.o) is not in EXIDX output section
arm-linux-androideabi-ld: warning: unwinding may not work because EXIDX input section 14 of built-in.o(sound/soc/mediatek/common_int/mtk-soc-pcm-voice-usb-echoref.o) is not in EXIDX output section
arm-linux-androideabi-ld: warning: unwinding may not work because EXIDX input section 14 of built-in.o(sound/soc/mediatek/common_int/mtk-soc-pcm-dl1-i2s0.o) is not in EXIDX output section
arm-linux-androideabi-ld: warning: unwinding may not work because EXIDX input section 17 of built-in.o(sound/soc/mediatek/common_int/mtk-soc-pcm-dl1-i2s0Dl1.o) is not in EXIDX output section
arm-linux-androideabi-ld: warning: unwinding may not work because EXIDX input section 9 of built-in.o(sound/soc/mediatek/common_int/mtk-soc-pcm-i2s0-awb.o) is not in EXIDX output section
arm-linux-androideabi-ld: warning: unwinding may not work because EXIDX input section 14 of built-in.o(sound/soc/mediatek/common_int/mtk-soc-pcm-uldlloopback.o) is not in EXIDX output section
arm-linux-androideabi-ld: warning: unwinding may not work because EXIDX input section 17 of built-in.o(sound/soc/mediatek/common_int/mtk-soc-pcm-dl2.o) is not in EXIDX output section
arm-linux-androideabi-ld: warning: unwinding may not work because EXIDX input section 17 of built-in.o(sound/soc/mediatek/common_int/mtk-soc-pcm-deep-buffer-dl.o) is not in EXIDX output section
arm-linux-androideabi-ld: warning: unwinding may not work because EXIDX input section 14 of built-in.o(sound/soc/mediatek/common_int/mtk-soc-pcm-mrgrx.o) is not in EXIDX output section
arm-linux-androideabi-ld: warning: unwinding may not work because EXIDX input section 9 of built-in.o(sound/soc/mediatek/common_int/mtk-soc-pcm-mrgrx-awb.o) is not in EXIDX output section
arm-linux-androideabi-ld: warning: unwinding may not work because EXIDX input section 17 of built-in.o(sound/soc/mediatek/common_int/mtk-soc-pcm-fm-i2s.o) is not in EXIDX output section
arm-linux-androideabi-ld: warning: unwinding may not work because EXIDX input section 9 of built-in.o(sound/soc/mediatek/common_int/mtk-soc-pcm-fm-i2s-awb.o) is not in EXIDX output section
arm-linux-androideabi-ld: warning: unwinding may not work because EXIDX input section 9 of built-in.o(sound/soc/mediatek/common_int/mtk-soc-pcm-dl1-awb.o) is not in EXIDX output section
arm-linux-androideabi-ld: warning: unwinding may not work because EXIDX input section 14 of built-in.o(sound/soc/mediatek/common_int/mtk-soc-pcm-dl1-bt.o) is not in EXIDX output section
arm-linux-androideabi-ld: warning: unwinding may not work because EXIDX input section 9 of built-in.o(sound/soc/mediatek/common_int/mtk-soc-pcm-bt-dai.o) is not in EXIDX output section
arm-linux-androideabi-ld: warning: unwinding may not work because EXIDX input section 9 of built-in.o(sound/soc/mediatek/common_int/mtk-soc-dai-stub.o) is not in EXIDX output section
arm-linux-androideabi-ld: warning: unwinding may not work because EXIDX input section 14 of built-in.o(sound/soc/mediatek/common_int/mtk-soc-dai-routing.o) is not in EXIDX output section
arm-linux-androideabi-ld: warning: unwinding may not work because EXIDX input section 14 of built-in.o(sound/soc/mediatek/common_int/mtk-soc-codec-dummy.o) is not in EXIDX output section
arm-linux-androideabi-ld: warning: unwinding may not work because EXIDX input section 14 of built-in.o(sound/soc/mediatek/common_int/mtk-soc-pcm-fmtx.o) is not in EXIDX output section
arm-linux-androideabi-ld: warning: unwinding may not work because EXIDX input section 14 of built-in.o(sound/soc/mediatek/common_int/mtk-soc-tdm-capture.o) is not in EXIDX output section
arm-linux-androideabi-ld: warning: unwinding may not work because EXIDX input section 14 of built-in.o(sound/soc/mediatek/common_int/mtk-soc-pcm-hp-impedance.o) is not in EXIDX output section
arm-linux-androideabi-ld: warning: unwinding may not work because EXIDX input section 14 of built-in.o(sound/soc/mediatek/common_int/mtk-soc-machine.o) is not in EXIDX output section
arm-linux-androideabi-ld: warning: unwinding may not work because EXIDX input section 16 of built-in.o(sound/soc/samsung/sec_audio_sysfs.o) is not in EXIDX output section
arm-linux-androideabi-ld: warning: unwinding may not work because EXIDX input section 13 of built-in.o(net/llc/llc_core.o) is not in EXIDX output section
arm-linux-androideabi-ld: warning: unwinding may not work because EXIDX input section 14 of built-in.o(net/802/psnap.o) is not in EXIDX output section
arm-linux-androideabi-ld: warning: unwinding may not work because EXIDX input section 9 of built-in.o(net/sched/act_police.o) is not in EXIDX output section
arm-linux-androideabi-ld: warning: unwinding may not work because EXIDX input section 9 of built-in.o(net/sched/act_mirred.o) is not in EXIDX output section
arm-linux-androideabi-ld: warning: unwinding may not work because EXIDX input section 9 of built-in.o(net/sched/act_ipt.o) is not in EXIDX output section
arm-linux-androideabi-ld: warning: unwinding may not work because EXIDX input section 8 of built-in.o(net/sched/sch_htb.o) is not in EXIDX output section
arm-linux-androideabi-ld: warning: unwinding may not work because EXIDX input section 8 of built-in.o(net/sched/sch_ingress.o) is not in EXIDX output section
arm-linux-androideabi-ld: warning: unwinding may not work because EXIDX input section 8 of built-in.o(net/sched/sch_prio.o) is not in EXIDX output section
arm-linux-androideabi-ld: warning: unwinding may not work because EXIDX input section 8 of built-in.o(net/sched/cls_u32.o) is not in EXIDX output section
arm-linux-androideabi-ld: warning: unwinding may not work because EXIDX input section 8 of built-in.o(net/sched/cls_fw.o) is not in EXIDX output section
arm-linux-androideabi-ld: warning: unwinding may not work because EXIDX input section 8 of built-in.o(net/sched/cls_basic.o) is not in EXIDX output section
arm-linux-androideabi-ld: warning: unwinding may not work because EXIDX input section 8 of built-in.o(net/sched/cls_flow.o) is not in EXIDX output section
arm-linux-androideabi-ld: warning: unwinding may not work because EXIDX input section 8 of built-in.o(net/sched/cls_bpf.o) is not in EXIDX output section
arm-linux-androideabi-ld: warning: unwinding may not work because EXIDX input section 8 of built-in.o(net/sched/em_u32.o) is not in EXIDX output section
arm-linux-androideabi-ld: warning: unwinding may not work because EXIDX input section 16 of built-in.o(net/netfilter/nfnetlink.o) is not in EXIDX output section
arm-linux-androideabi-ld: warning: unwinding may not work because EXIDX input section 9 of built-in.o(net/netfilter/nfnetlink_queue.o) is not in EXIDX output section
arm-linux-androideabi-ld: warning: unwinding may not work because EXIDX input section 10 of built-in.o(net/netfilter/nfnetlink_log.o) is not in EXIDX output section
arm-linux-androideabi-ld: warning: unwinding may not work because EXIDX input section 10 of built-in.o(net/netfilter/nf_conntrack_standalone.o) is not in EXIDX output section
arm-linux-androideabi-ld: warning: unwinding may not work because EXIDX input section 10 of built-in.o(net/netfilter/nf_conntrack_proto_gre.o) is not in EXIDX output section
arm-linux-androideabi-ld: warning: unwinding may not work because EXIDX input section 9 of built-in.o(net/netfilter/nf_conntrack_netlink.o) is not in EXIDX output section
arm-linux-androideabi-ld: warning: unwinding may not work because EXIDX input section 7 of built-in.o(net/netfilter/nf_conntrack_amanda.o) is not in EXIDX output section
arm-linux-androideabi-ld: warning: unwinding may not work because EXIDX input section 18 of built-in.o(net/netfilter/nf_conntrack_h323_main.o) is not in EXIDX output section
arm-linux-androideabi-ld: warning: unwinding may not work because EXIDX input section 8 of built-in.o(net/netfilter/nf_conntrack_netbios_ns.o) is not in EXIDX output section
arm-linux-androideabi-ld: warning: unwinding may not work because EXIDX input section 10 of built-in.o(net/netfilter/nf_conntrack_pptp.o) is not in EXIDX output section
arm-linux-androideabi-ld: warning: unwinding may not work because EXIDX input section 13 of built-in.o(net/netfilter/nf_log_common.o) is not in EXIDX output section
arm-linux-androideabi-ld: warning: unwinding may not work because EXIDX input section 20 of built-in.o(net/netfilter/nf_nat_core.o) is not in EXIDX output section
arm-linux-androideabi-ld: warning: unwinding may not work because EXIDX input section 8 of built-in.o(net/netfilter/nf_nat_amanda.o) is not in EXIDX output section
arm-linux-androideabi-ld: warning: unwinding may not work because EXIDX input section 8 of built-in.o(net/netfilter/nf_nat_ftp.o) is not in EXIDX output section
arm-linux-androideabi-ld: warning: unwinding may not work because EXIDX input section 8 of built-in.o(net/netfilter/nf_nat_irc.o) is not in EXIDX output section
arm-linux-androideabi-ld: warning: unwinding may not work because EXIDX input section 8 of built-in.o(net/netfilter/nf_nat_tftp.o) is not in EXIDX output section
arm-linux-androideabi-ld: warning: unwinding may not work because EXIDX input section 46 of built-in.o(net/netfilter/x_tables.o) is not in EXIDX output section
arm-linux-androideabi-ld: warning: unwinding may not work because EXIDX input section 8 of built-in.o(net/netfilter/xt_tcpudp.o) is not in EXIDX output section
arm-linux-androideabi-ld: warning: unwinding may not work because EXIDX input section 7 of built-in.o(net/netfilter/xt_mark.o) is not in EXIDX output section
arm-linux-androideabi-ld: warning: unwinding may not work because EXIDX input section 8 of built-in.o(net/netfilter/xt_connmark.o) is not in EXIDX output section
arm-linux-androideabi-ld: warning: unwinding may not work because EXIDX input section 8 of built-in.o(net/netfilter/xt_nat.o) is not in EXIDX output section
arm-linux-androideabi-ld: warning: unwinding may not work because EXIDX input section 7 of built-in.o(net/netfilter/xt_CLASSIFY.o) is not in EXIDX output section
arm-linux-androideabi-ld: warning: unwinding may not work because EXIDX input section 8 of built-in.o(net/netfilter/xt_CONNSECMARK.o) is not in EXIDX output section
arm-linux-androideabi-ld: warning: unwinding may not work because EXIDX input section 8 of built-in.o(net/netfilter/xt_CT.o) is not in EXIDX output section
arm-linux-androideabi-ld: warning: unwinding may not work because EXIDX input section 8 of built-in.o(net/netfilter/xt_HL.o) is not in EXIDX output section
arm-linux-androideabi-ld: warning: unwinding may not work because EXIDX input section 8 of built-in.o(net/netfilter/xt_LOG.o) is not in EXIDX output section
arm-linux-androideabi-ld: warning: unwinding may not work because EXIDX input section 8 of built-in.o(net/netfilter/xt_NFLOG.o) is not in EXIDX output section
arm-linux-androideabi-ld: warning: unwinding may not work because EXIDX input section 8 of built-in.o(net/netfilter/xt_NFQUEUE.o) is not in EXIDX output section
arm-linux-androideabi-ld: warning: unwinding may not work because EXIDX input section 8 of built-in.o(net/netfilter/xt_REDIRECT.o) is not in EXIDX output section
arm-linux-androideabi-ld: warning: unwinding may not work because EXIDX input section 8 of built-in.o(net/netfilter/xt_SECMARK.o) is not in EXIDX output section
arm-linux-androideabi-ld: warning: unwinding may not work because EXIDX input section 8 of built-in.o(net/netfilter/xt_TPROXY.o) is not in EXIDX output section
arm-linux-androideabi-ld: warning: unwinding may not work because EXIDX input section 8 of built-in.o(net/netfilter/xt_TCPMSS.o) is not in EXIDX output section
arm-linux-androideabi-ld: warning: unwinding may not work because EXIDX input section 8 of built-in.o(net/netfilter/xt_TRACE.o) is not in EXIDX output section
arm-linux-androideabi-ld: warning: unwinding may not work because EXIDX input section 9 of built-in.o(net/netfilter/xt_IDLETIMER.o) is not in EXIDX output section
arm-linux-androideabi-ld: warning: unwinding may not work because EXIDX input section 8 of built-in.o(net/netfilter/xt_bpf.o) is not in EXIDX output section
arm-linux-androideabi-ld: warning: unwinding may not work because EXIDX input section 7 of built-in.o(net/netfilter/xt_comment.o) is not in EXIDX output section
arm-linux-androideabi-ld: warning: unwinding may not work because EXIDX input section 8 of built-in.o(net/netfilter/xt_connbytes.o) is not in EXIDX output section
arm-linux-androideabi-ld: warning: unwinding may not work because EXIDX input section 12 of built-in.o(net/netfilter/xt_connlimit.o) is not in EXIDX output section
arm-linux-androideabi-ld: warning: unwinding may not work because EXIDX input section 8 of built-in.o(net/netfilter/xt_conntrack.o) is not in EXIDX output section
arm-linux-androideabi-ld: warning: unwinding may not work because EXIDX input section 8 of built-in.o(net/netfilter/xt_ecn.o) is not in EXIDX output section
arm-linux-androideabi-ld: warning: unwinding may not work because EXIDX input section 8 of built-in.o(net/netfilter/xt_esp.o) is not in EXIDX output section
arm-linux-androideabi-ld: warning: unwinding may not work because EXIDX input section 9 of built-in.o(net/netfilter/xt_hashlimit.o) is not in EXIDX output section
arm-linux-androideabi-ld: warning: unwinding may not work because EXIDX input section 8 of built-in.o(net/netfilter/xt_helper.o) is not in EXIDX output section
arm-linux-androideabi-ld: warning: unwinding may not work because EXIDX input section 8 of built-in.o(net/netfilter/xt_hl.o) is not in EXIDX output section
arm-linux-androideabi-ld: warning: unwinding may not work because EXIDX input section 7 of built-in.o(net/netfilter/xt_iprange.o) is not in EXIDX output section
arm-linux-androideabi-ld: warning: unwinding may not work because EXIDX input section 8 of built-in.o(net/netfilter/xt_l2tp.o) is not in EXIDX output section
arm-linux-androideabi-ld: warning: unwinding may not work because EXIDX input section 7 of built-in.o(net/netfilter/xt_length.o) is not in EXIDX output section
arm-linux-androideabi-ld: warning: unwinding may not work because EXIDX input section 8 of built-in.o(net/netfilter/xt_limit.o) is not in EXIDX output section
arm-linux-androideabi-ld: warning: unwinding may not work because EXIDX input section 7 of built-in.o(net/netfilter/xt_mac.o) is not in EXIDX output section
arm-linux-androideabi-ld: warning: unwinding may not work because EXIDX input section 8 of built-in.o(net/netfilter/xt_multiport.o) is not in EXIDX output section
arm-linux-androideabi-ld: warning: unwinding may not work because EXIDX input section 8 of built-in.o(net/netfilter/xt_owner.o) is not in EXIDX output section
arm-linux-androideabi-ld: warning: unwinding may not work because EXIDX input section 8 of built-in.o(net/netfilter/xt_physdev.o) is not in EXIDX output section
arm-linux-androideabi-ld: warning: unwinding may not work because EXIDX input section 7 of built-in.o(net/netfilter/xt_pkttype.o) is not in EXIDX output section
arm-linux-androideabi-ld: warning: unwinding may not work because EXIDX input section 8 of built-in.o(net/netfilter/xt_policy.o) is not in EXIDX output section
arm-linux-androideabi-ld: warning: unwinding may not work because EXIDX input section 8 of built-in.o(net/netfilter/xt_quota.o) is not in EXIDX output section
arm-linux-androideabi-ld: warning: unwinding may not work because EXIDX input section 9 of built-in.o(net/netfilter/xt_quota2.o) is not in EXIDX output section
arm-linux-androideabi-ld: warning: unwinding may not work because EXIDX input section 7 of built-in.o(net/netfilter/xt_realm.o) is not in EXIDX output section
arm-linux-androideabi-ld: warning: unwinding may not work because EXIDX input section 9 of built-in.o(net/netfilter/xt_recent.o) is not in EXIDX output section
arm-linux-androideabi-ld: warning: unwinding may not work because EXIDX input section 8 of built-in.o(net/netfilter/xt_socket.o) is not in EXIDX output section
arm-linux-androideabi-ld: warning: unwinding may not work because EXIDX input section 8 of built-in.o(net/netfilter/xt_state.o) is not in EXIDX output section
arm-linux-androideabi-ld: warning: unwinding may not work because EXIDX input section 8 of built-in.o(net/netfilter/xt_statistic.o) is not in EXIDX output section
arm-linux-androideabi-ld: warning: unwinding may not work because EXIDX input section 8 of built-in.o(net/netfilter/xt_string.o) is not in EXIDX output section
arm-linux-androideabi-ld: warning: unwinding may not work because EXIDX input section 8 of built-in.o(net/netfilter/xt_tcpmss.o) is not in EXIDX output section
arm-linux-androideabi-ld: warning: unwinding may not work because EXIDX input section 8 of built-in.o(net/netfilter/xt_time.o) is not in EXIDX output section
arm-linux-androideabi-ld: warning: unwinding may not work because EXIDX input section 8 of built-in.o(net/netfilter/xt_u32.o) is not in EXIDX output section
arm-linux-androideabi-ld: warning: unwinding may not work because EXIDX input section 11 of built-in.o(net/netfilter/xt_domainfilter.o) is not in EXIDX output section
arm-linux-androideabi-ld: warning: unwinding may not work because EXIDX input section 9 of built-in.o(net/ipv4/ipip.o) is not in EXIDX output section
arm-linux-androideabi-ld: warning: unwinding may not work because EXIDX input section 12 of built-in.o(net/ipv4/gre_demux.o) is not in EXIDX output section
arm-linux-androideabi-ld: warning: unwinding may not work because EXIDX input section 9 of built-in.o(net/ipv4/ip_vti.o) is not in EXIDX output section
arm-linux-androideabi-ld: warning: unwinding may not work because EXIDX input section 9 of built-in.o(net/ipv4/ah4.o) is not in EXIDX output section
arm-linux-androideabi-ld: warning: unwinding may not work because EXIDX input section 12 of built-in.o(net/ipv4/esp4.o) is not in EXIDX output section
arm-linux-androideabi-ld: warning: unwinding may not work because EXIDX input section 9 of built-in.o(net/ipv4/ipcomp.o) is not in EXIDX output section
arm-linux-androideabi-ld: warning: unwinding may not work because EXIDX input section 8 of built-in.o(net/ipv4/xfrm4_tunnel.o) is not in EXIDX output section
arm-linux-androideabi-ld: warning: unwinding may not work because EXIDX input section 9 of built-in.o(net/ipv4/xfrm4_mode_beet.o) is not in EXIDX output section
arm-linux-androideabi-ld: warning: unwinding may not work because EXIDX input section 10 of built-in.o(net/ipv4/tunnel4.o) is not in EXIDX output section
arm-linux-androideabi-ld: warning: unwinding may not work because EXIDX input section 9 of built-in.o(net/ipv4/xfrm4_mode_transport.o) is not in EXIDX output section
arm-linux-androideabi-ld: warning: unwinding may not work because EXIDX input section 9 of built-in.o(net/ipv4/xfrm4_mode_tunnel.o) is not in EXIDX output section
arm-linux-androideabi-ld: warning: unwinding may not work because EXIDX input section 12 of built-in.o(net/ipv4/netfilter/nf_conntrack_l3proto_ipv4.o) is not in EXIDX output section
arm-linux-androideabi-ld: warning: unwinding may not work because EXIDX input section 13 of built-in.o(net/ipv4/netfilter/nf_nat_l3proto_ipv4.o) is not in EXIDX output section
arm-linux-androideabi-ld: warning: unwinding may not work because EXIDX input section 7 of built-in.o(net/ipv4/netfilter/nf_defrag_ipv4.o) is not in EXIDX output section
arm-linux-androideabi-ld: warning: unwinding may not work because EXIDX input section 9 of built-in.o(net/ipv4/netfilter/nf_log_ipv4.o) is not in EXIDX output section
arm-linux-androideabi-ld: warning: unwinding may not work because EXIDX input section 9 of built-in.o(net/ipv4/netfilter/nf_nat_h323.o) is not in EXIDX output section
arm-linux-androideabi-ld: warning: unwinding may not work because EXIDX input section 8 of built-in.o(net/ipv4/netfilter/nf_nat_pptp.o) is not in EXIDX output section
arm-linux-androideabi-ld: warning: unwinding may not work because EXIDX input section 7 of built-in.o(net/ipv4/netfilter/nf_nat_proto_gre.o) is not in EXIDX output section
arm-linux-androideabi-ld: warning: unwinding may not work because EXIDX input section 12 of built-in.o(net/ipv4/netfilter/ip_tables.o) is not in EXIDX output section
arm-linux-androideabi-ld: warning: unwinding may not work because EXIDX input section 9 of built-in.o(net/ipv4/netfilter/iptable_filter.o) is not in EXIDX output section
arm-linux-androideabi-ld: warning: unwinding may not work because EXIDX input section 9 of built-in.o(net/ipv4/netfilter/iptable_mangle.o) is not in EXIDX output section
arm-linux-androideabi-ld: warning: unwinding may not work because EXIDX input section 9 of built-in.o(net/ipv4/netfilter/iptable_nat.o) is not in EXIDX output section
arm-linux-androideabi-ld: warning: unwinding may not work because EXIDX input section 9 of built-in.o(net/ipv4/netfilter/iptable_raw.o) is not in EXIDX output section
arm-linux-androideabi-ld: warning: unwinding may not work because EXIDX input section 9 of built-in.o(net/ipv4/netfilter/iptable_security.o) is not in EXIDX output section
arm-linux-androideabi-ld: warning: unwinding may not work because EXIDX input section 8 of built-in.o(net/ipv4/netfilter/ipt_ah.o) is not in EXIDX output section
arm-linux-androideabi-ld: warning: unwinding may not work because EXIDX input section 8 of built-in.o(net/ipv4/netfilter/ipt_MASQUERADE.o) is not in EXIDX output section
arm-linux-androideabi-ld: warning: unwinding may not work because EXIDX input section 8 of built-in.o(net/ipv4/netfilter/ipt_REJECT.o) is not in EXIDX output section
arm-linux-androideabi-ld: warning: unwinding may not work because EXIDX input section 12 of built-in.o(net/ipv4/netfilter/arp_tables.o) is not in EXIDX output section
arm-linux-androideabi-ld: warning: unwinding may not work because EXIDX input section 8 of built-in.o(net/ipv4/netfilter/arpt_mangle.o) is not in EXIDX output section
arm-linux-androideabi-ld: warning: unwinding may not work because EXIDX input section 9 of built-in.o(net/ipv4/netfilter/arptable_filter.o) is not in EXIDX output section
arm-linux-androideabi-ld: warning: unwinding may not work because EXIDX input section 18 of built-in.o(net/ipv4/inet_diag.o) is not in EXIDX output section
arm-linux-androideabi-ld: warning: unwinding may not work because EXIDX input section 8 of built-in.o(net/ipv4/tcp_diag.o) is not in EXIDX output section
arm-linux-androideabi-ld: warning: unwinding may not work because EXIDX input section 8 of built-in.o(net/ipv4/udp_diag.o) is not in EXIDX output section
arm-linux-androideabi-ld: warning: unwinding may not work because EXIDX input section 8 of built-in.o(net/ipv4/tcp_bic.o) is not in EXIDX output section
arm-linux-androideabi-ld: warning: unwinding may not work because EXIDX input section 9 of built-in.o(net/ipv4/tcp_cubic.o) is not in EXIDX output section
arm-linux-androideabi-ld: warning: unwinding may not work because EXIDX input section 9 of built-in.o(net/xfrm/xfrm_user.o) is not in EXIDX output section
arm-linux-androideabi-ld: warning: unwinding may not work because EXIDX input section 12 of built-in.o(net/xfrm/xfrm_interface.o) is not in EXIDX output section
arm-linux-androideabi-ld: warning: unwinding may not work because EXIDX input section 14 of built-in.o(net/unix/af_unix.o) is not in EXIDX output section
arm-linux-androideabi-ld: warning: unwinding may not work because EXIDX input section 9 of built-in.o(net/ipv6/ah6.o) is not in EXIDX output section
arm-linux-androideabi-ld: warning: unwinding may not work because EXIDX input section 12 of built-in.o(net/ipv6/esp6.o) is not in EXIDX output section
arm-linux-androideabi-ld: warning: unwinding may not work because EXIDX input section 9 of built-in.o(net/ipv6/ipcomp6.o) is not in EXIDX output section
arm-linux-androideabi-ld: warning: unwinding may not work because EXIDX input section 11 of built-in.o(net/ipv6/xfrm6_tunnel.o) is not in EXIDX output section
arm-linux-androideabi-ld: warning: unwinding may not work because EXIDX input section 10 of built-in.o(net/ipv6/tunnel6.o) is not in EXIDX output section
arm-linux-androideabi-ld: warning: unwinding may not work because EXIDX input section 9 of built-in.o(net/ipv6/xfrm6_mode_transport.o) is not in EXIDX output section
arm-linux-androideabi-ld: warning: unwinding may not work because EXIDX input section 9 of built-in.o(net/ipv6/xfrm6_mode_tunnel.o) is not in EXIDX output section
arm-linux-androideabi-ld: warning: unwinding may not work because EXIDX input section 9 of built-in.o(net/ipv6/xfrm6_mode_ro.o) is not in EXIDX output section
arm-linux-androideabi-ld: warning: unwinding may not work because EXIDX input section 9 of built-in.o(net/ipv6/xfrm6_mode_beet.o) is not in EXIDX output section
arm-linux-androideabi-ld: warning: unwinding may not work because EXIDX input section 8 of built-in.o(net/ipv6/mip6.o) is not in EXIDX output section
arm-linux-androideabi-ld: warning: unwinding may not work because EXIDX input section 12 of built-in.o(net/ipv6/netfilter/ip6_tables.o) is not in EXIDX output section
arm-linux-androideabi-ld: warning: unwinding may not work because EXIDX input section 9 of built-in.o(net/ipv6/netfilter/ip6table_filter.o) is not in EXIDX output section
arm-linux-androideabi-ld: warning: unwinding may not work because EXIDX input section 9 of built-in.o(net/ipv6/netfilter/ip6table_mangle.o) is not in EXIDX output section
arm-linux-androideabi-ld: warning: unwinding may not work because EXIDX input section 9 of built-in.o(net/ipv6/netfilter/ip6table_raw.o) is not in EXIDX output section
arm-linux-androideabi-ld: warning: unwinding may not work because EXIDX input section 12 of built-in.o(net/ipv6/netfilter/nf_conntrack_l3proto_ipv6.o) is not in EXIDX output section
arm-linux-androideabi-ld: warning: unwinding may not work because EXIDX input section 7 of built-in.o(net/ipv6/netfilter/nf_defrag_ipv6_hooks.o) is not in EXIDX output section
arm-linux-androideabi-ld: warning: unwinding may not work because EXIDX input section 9 of built-in.o(net/ipv6/netfilter/nf_log_ipv6.o) is not in EXIDX output section
arm-linux-androideabi-ld: warning: unwinding may not work because EXIDX input section 8 of built-in.o(net/ipv6/netfilter/ip6t_frag.o) is not in EXIDX output section
arm-linux-androideabi-ld: warning: unwinding may not work because EXIDX input section 8 of built-in.o(net/ipv6/netfilter/ip6t_ipv6header.o) is not in EXIDX output section
arm-linux-androideabi-ld: warning: unwinding may not work because EXIDX input section 8 of built-in.o(net/ipv6/netfilter/ip6t_rpfilter.o) is not in EXIDX output section
arm-linux-androideabi-ld: warning: unwinding may not work because EXIDX input section 8 of built-in.o(net/ipv6/netfilter/ip6t_REJECT.o) is not in EXIDX output section
arm-linux-androideabi-ld: warning: unwinding may not work because EXIDX input section 9 of built-in.o(net/ipv6/ip6_vti.o) is not in EXIDX output section
arm-linux-androideabi-ld: warning: unwinding may not work because EXIDX input section 9 of built-in.o(net/ipv6/sit.o) is not in EXIDX output section
arm-linux-androideabi-ld: warning: unwinding may not work because EXIDX input section 21 of built-in.o(net/ipv6/ip6_tunnel.o) is not in EXIDX output section
arm-linux-androideabi-ld: warning: unwinding may not work because EXIDX input section 7 of built-in.o(net/packet/af_packet.o) is not in EXIDX output section
arm-linux-androideabi-ld: warning: unwinding may not work because EXIDX input section 9 of built-in.o(net/key/af_key.o) is not in EXIDX output section
arm-linux-androideabi-ld: warning: unwinding may not work because EXIDX input section 9 of built-in.o(net/bridge/br.o) is not in EXIDX output section
arm-linux-androideabi-ld: warning: unwinding may not work because EXIDX input section 14 of built-in.o(net/bridge/br_netfilter_hooks.o) is not in EXIDX output section
arm-linux-androideabi-ld: warning: unwinding may not work because EXIDX input section 28 of built-in.o(net/l2tp/l2tp_core.o) is not in EXIDX output section
arm-linux-androideabi-ld: warning: unwinding may not work because EXIDX input section 9 of built-in.o(net/l2tp/l2tp_ppp.o) is not in EXIDX output section
arm-linux-androideabi-ld: warning: unwinding may not work because EXIDX input section 12 of built-in.o(net/8021q/vlan.o) is not in EXIDX output section
arm-linux-androideabi-ld: warning: unwinding may not work because EXIDX input section 16 of built-in.o(net/8021q/vlan_netlink.o) is not in EXIDX output section
arm-linux-androideabi-ld: warning: unwinding may not work because EXIDX input section 22 of built-in.o(net/wireless/core.o) is not in EXIDX output section
arm-linux-androideabi-ld: warning: unwinding may not work because EXIDX input section 14 of built-in.o(net/ncm/ncm.o) is not in EXIDX output section
  KSYM    .tmp_kallsyms2.o
  LD      vmlinux
arm-linux-androideabi-ld: warning: unwinding may not work because EXIDX input section 10 of built-in.o(arch/arm/crypto/sha256_glue.o) is not in EXIDX output section
arm-linux-androideabi-ld: warning: unwinding may not work because EXIDX input section 12 of built-in.o(arch/arm/crypto/sha512-glue.o) is not in EXIDX output section
arm-linux-androideabi-ld: warning: unwinding may not work because EXIDX input section 9 of built-in.o(arch/arm/crypto/sha2-ce-glue.o) is not in EXIDX output section
arm-linux-androideabi-ld: warning: unwinding may not work because EXIDX input section 8 of built-in.o(kernel/configs.o) is not in EXIDX output section
arm-linux-androideabi-ld: warning: unwinding may not work because EXIDX input section 12 of built-in.o(mm/mm_debug.o) is not in EXIDX output section
arm-linux-androideabi-ld: warning: unwinding may not work because EXIDX input section 7 of built-in.o(mm/sec_mm/sec_mm_init.o) is not in EXIDX output section
arm-linux-androideabi-ld: warning: unwinding may not work because EXIDX input section 9 of built-in.o(mm/zswap.o) is not in EXIDX output section
arm-linux-androideabi-ld: warning: unwinding may not work because EXIDX input section 16 of built-in.o(mm/zsmalloc.o) is not in EXIDX output section
arm-linux-androideabi-ld: warning: unwinding may not work because EXIDX input section 16 of built-in.o(fs/dlog_hook.o) is not in EXIDX output section
arm-linux-androideabi-ld: warning: unwinding may not work because EXIDX input section 9 of built-in.o(fs/binfmt_script.o) is not in EXIDX output section
arm-linux-androideabi-ld: warning: unwinding may not work because EXIDX input section 9 of built-in.o(fs/binfmt_elf.o) is not in EXIDX output section
arm-linux-androideabi-ld: warning: unwinding may not work because EXIDX input section 18 of built-in.o(fs/mbcache.o) is not in EXIDX output section
arm-linux-androideabi-ld: warning: unwinding may not work because EXIDX input section 9 of built-in.o(fs/quota/quota_v2.o) is not in EXIDX output section
arm-linux-androideabi-ld: warning: unwinding may not work because EXIDX input section 12 of built-in.o(fs/configfs/mount.o) is not in EXIDX output section
arm-linux-androideabi-ld: warning: unwinding may not work because EXIDX input section 19 of built-in.o(fs/ext4/super.o) is not in EXIDX output section
arm-linux-androideabi-ld: warning: unwinding may not work because EXIDX input section 56 of built-in.o(fs/jbd2/journal.o) is not in EXIDX output section
arm-linux-androideabi-ld: warning: unwinding may not work because EXIDX input section 14 of built-in.o(fs/fat/inode.o) is not in EXIDX output section
arm-linux-androideabi-ld: warning: unwinding may not work because EXIDX input section 9 of built-in.o(fs/fat/namei_vfat.o) is not in EXIDX output section
arm-linux-androideabi-ld: warning: unwinding may not work because EXIDX input section 9 of built-in.o(fs/fat/namei_msdos.o) is not in EXIDX output section
arm-linux-androideabi-ld: warning: unwinding may not work because EXIDX input section 9 of built-in.o(fs/sdfat/sdfat.o) is not in EXIDX output section
arm-linux-androideabi-ld: warning: unwinding may not work because EXIDX input section 12 of built-in.o(fs/isofs/inode.o) is not in EXIDX output section
arm-linux-androideabi-ld: warning: unwinding may not work because EXIDX input section 14 of built-in.o(fs/ecryptfs/main.o) is not in EXIDX output section
arm-linux-androideabi-ld: warning: unwinding may not work because EXIDX input section 10 of built-in.o(fs/sdcardfs/main.o) is not in EXIDX output section
arm-linux-androideabi-ld: warning: unwinding may not work because EXIDX input section 9 of built-in.o(fs/nls/nls_cp437.o) is not in EXIDX output section
arm-linux-androideabi-ld: warning: unwinding may not work because EXIDX input section 9 of built-in.o(fs/nls/nls_cp950.o) is not in EXIDX output section
arm-linux-androideabi-ld: warning: unwinding may not work because EXIDX input section 9 of built-in.o(fs/nls/nls_ascii.o) is not in EXIDX output section
arm-linux-androideabi-ld: warning: unwinding may not work because EXIDX input section 9 of built-in.o(fs/nls/nls_iso8859-1.o) is not in EXIDX output section
arm-linux-androideabi-ld: warning: unwinding may not work because EXIDX input section 9 of built-in.o(fs/nls/nls_utf8.o) is not in EXIDX output section
arm-linux-androideabi-ld: warning: unwinding may not work because EXIDX input section 14 of built-in.o(fs/fuse/inode.o) is not in EXIDX output section
arm-linux-androideabi-ld: warning: unwinding may not work because EXIDX input section 17 of built-in.o(fs/fuse/control.o) is not in EXIDX output section
arm-linux-androideabi-ld: warning: unwinding may not work because EXIDX input section 9 of built-in.o(fs/overlayfs/super.o) is not in EXIDX output section
arm-linux-androideabi-ld: warning: unwinding may not work because EXIDX input section 8 of built-in.o(fs/incfs/main.o) is not in EXIDX output section
arm-linux-androideabi-ld: warning: unwinding may not work because EXIDX input section 19 of built-in.o(fs/f2fs/super.o) is not in EXIDX output section
arm-linux-androideabi-ld: warning: unwinding may not work because EXIDX input section 17 of built-in.o(fs/pstore/inode.o) is not in EXIDX output section
arm-linux-androideabi-ld: warning: unwinding may not work because EXIDX input section 17 of built-in.o(fs/pstore/ram.o) is not in EXIDX output section
arm-linux-androideabi-ld: warning: unwinding may not work because EXIDX input section 7 of built-in.o(crypto/crypto_wq.o) is not in EXIDX output section
arm-linux-androideabi-ld: warning: unwinding may not work because EXIDX input section 45 of built-in.o(crypto/algapi.o) is not in EXIDX output section
arm-linux-androideabi-ld: warning: unwinding may not work because EXIDX input section 13 of built-in.o(crypto/proc.o) is not in EXIDX output section
arm-linux-androideabi-ld: warning: unwinding may not work because EXIDX input section 9 of built-in.o(crypto/seqiv.o) is not in EXIDX output section
arm-linux-androideabi-ld: warning: unwinding may not work because EXIDX input section 9 of built-in.o(crypto/echainiv.o) is not in EXIDX output section
arm-linux-androideabi-ld: warning: unwinding may not work because EXIDX input section 9 of built-in.o(crypto/algboss.o) is not in EXIDX output section
arm-linux-androideabi-ld: warning: unwinding may not work because EXIDX input section 9 of built-in.o(crypto/cmac.o) is not in EXIDX output section
arm-linux-androideabi-ld: warning: unwinding may not work because EXIDX input section 9 of built-in.o(crypto/hmac.o) is not in EXIDX output section
arm-linux-androideabi-ld: warning: unwinding may not work because EXIDX input section 9 of built-in.o(crypto/xcbc.o) is not in EXIDX output section
arm-linux-androideabi-ld: warning: unwinding may not work because EXIDX input section 10 of built-in.o(crypto/crypto_null.o) is not in EXIDX output section
arm-linux-androideabi-ld: warning: unwinding may not work because EXIDX input section 7 of built-in.o(crypto/md5.o) is not in EXIDX output section
arm-linux-androideabi-ld: warning: unwinding may not work because EXIDX input section 11 of built-in.o(crypto/sha1_generic.o) is not in EXIDX output section
arm-linux-androideabi-ld: warning: unwinding may not work because EXIDX input section 12 of built-in.o(crypto/sha256_generic.o) is not in EXIDX output section
arm-linux-androideabi-ld: warning: unwinding may not work because EXIDX input section 10 of built-in.o(crypto/sha512_generic.o) is not in EXIDX output section
arm-linux-androideabi-ld: warning: unwinding may not work because EXIDX input section 9 of built-in.o(crypto/ecb.o) is not in EXIDX output section
arm-linux-androideabi-ld: warning: unwinding may not work because EXIDX input section 9 of built-in.o(crypto/cbc.o) is not in EXIDX output section
arm-linux-androideabi-ld: warning: unwinding may not work because EXIDX input section 9 of built-in.o(crypto/cts.o) is not in EXIDX output section
arm-linux-androideabi-ld: warning: unwinding may not work because EXIDX input section 9 of built-in.o(crypto/xts.o) is not in EXIDX output section
arm-linux-androideabi-ld: warning: unwinding may not work because EXIDX input section 9 of built-in.o(crypto/ctr.o) is not in EXIDX output section
arm-linux-androideabi-ld: warning: unwinding may not work because EXIDX input section 9 of built-in.o(crypto/gcm.o) is not in EXIDX output section
arm-linux-androideabi-ld: warning: unwinding may not work because EXIDX input section 9 of built-in.o(crypto/ccm.o) is not in EXIDX output section
arm-linux-androideabi-ld: warning: unwinding may not work because EXIDX input section 26 of built-in.o(crypto/cryptd.o) is not in EXIDX output section
arm-linux-androideabi-ld: warning: unwinding may not work because EXIDX input section 10 of built-in.o(crypto/des_generic.o) is not in EXIDX output section
arm-linux-androideabi-ld: warning: unwinding may not work because EXIDX input section 8 of built-in.o(crypto/blowfish_generic.o) is not in EXIDX output section
arm-linux-androideabi-ld: warning: unwinding may not work because EXIDX input section 8 of built-in.o(crypto/twofish_generic.o) is not in EXIDX output section
arm-linux-androideabi-ld: warning: unwinding may not work because EXIDX input section 14 of built-in.o(crypto/aes_generic.o) is not in EXIDX output section
arm-linux-androideabi-ld: warning: unwinding may not work because EXIDX input section 9 of built-in.o(crypto/arc4.o) is not in EXIDX output section
arm-linux-androideabi-ld: warning: unwinding may not work because EXIDX input section 9 of built-in.o(crypto/deflate.o) is not in EXIDX output section
arm-linux-androideabi-ld: warning: unwinding may not work because EXIDX input section 9 of built-in.o(crypto/crc32c_generic.o) is not in EXIDX output section
arm-linux-androideabi-ld: warning: unwinding may not work because EXIDX input section 9 of built-in.o(crypto/crc32_generic.o) is not in EXIDX output section
arm-linux-androideabi-ld: warning: unwinding may not work because EXIDX input section 9 of built-in.o(crypto/authenc.o) is not in EXIDX output section
arm-linux-androideabi-ld: warning: unwinding may not work because EXIDX input section 9 of built-in.o(crypto/authencesn.o) is not in EXIDX output section
arm-linux-androideabi-ld: warning: unwinding may not work because EXIDX input section 9 of built-in.o(crypto/lzo.o) is not in EXIDX output section
arm-linux-androideabi-ld: warning: unwinding may not work because EXIDX input section 9 of built-in.o(crypto/lzo-rle.o) is not in EXIDX output section
arm-linux-androideabi-ld: warning: unwinding may not work because EXIDX input section 9 of built-in.o(crypto/lz4.o) is not in EXIDX output section
arm-linux-androideabi-ld: warning: unwinding may not work because EXIDX input section 8 of built-in.o(crypto/drbg.o) is not in EXIDX output section
arm-linux-androideabi-ld: warning: unwinding may not work because EXIDX input section 12 of built-in.o(crypto/jitterentropy-kcapi.o) is not in EXIDX output section
arm-linux-androideabi-ld: warning: unwinding may not work because EXIDX input section 9 of built-in.o(crypto/ghash-generic.o) is not in EXIDX output section
arm-linux-androideabi-ld: warning: unwinding may not work because EXIDX input section 16 of built-in.o(crypto/asymmetric_keys/asymmetric_type.o) is not in EXIDX output section
arm-linux-androideabi-ld: warning: unwinding may not work because EXIDX input section 12 of built-in.o(crypto/asymmetric_keys/x509_public_key.o) is not in EXIDX output section
arm-linux-androideabi-ld: warning: unwinding may not work because EXIDX input section 9 of built-in.o(block/noop-iosched.o) is not in EXIDX output section
arm-linux-androideabi-ld: warning: unwinding may not work because EXIDX input section 9 of built-in.o(block/deadline-iosched.o) is not in EXIDX output section
arm-linux-androideabi-ld: warning: unwinding may not work because EXIDX input section 9 of built-in.o(block/cfq-iosched.o) is not in EXIDX output section
arm-linux-androideabi-ld: warning: unwinding may not work because EXIDX input section 9 of built-in.o(block/mq-deadline.o) is not in EXIDX output section
arm-linux-androideabi-ld: warning: unwinding may not work because EXIDX input section 9 of built-in.o(block/kyber-iosched.o) is not in EXIDX output section
arm-linux-androideabi-ld: warning: unwinding may not work because EXIDX input section 9 of built-in.o(lib/libcrc32c.o) is not in EXIDX output section
arm-linux-androideabi-ld: warning: unwinding may not work because EXIDX input section 9 of built-in.o(lib/ts_kmp.o) is not in EXIDX output section
arm-linux-androideabi-ld: warning: unwinding may not work because EXIDX input section 9 of built-in.o(lib/ts_bm.o) is not in EXIDX output section
arm-linux-androideabi-ld: warning: unwinding may not work because EXIDX input section 9 of built-in.o(lib/ts_fsm.o) is not in EXIDX output section
arm-linux-androideabi-ld: warning: unwinding may not work because EXIDX input section 10 of built-in.o(lib/sg_pool.o) is not in EXIDX output section
arm-linux-androideabi-ld: warning: unwinding may not work because EXIDX input section 12 of built-in.o(drivers/video/backlight/lcd.o) is not in EXIDX output section
arm-linux-androideabi-ld: warning: unwinding may not work because EXIDX input section 18 of built-in.o(drivers/video/backlight/backlight.o) is not in EXIDX output section
arm-linux-androideabi-ld: warning: unwinding may not work because EXIDX input section 14 of built-in.o(drivers/regulator/fixed.o) is not in EXIDX output section
arm-linux-androideabi-ld: warning: unwinding may not work because EXIDX input section 8 of built-in.o(drivers/tty/n_null.o) is not in EXIDX output section
arm-linux-androideabi-ld: warning: unwinding may not work because EXIDX input section 10 of built-in.o(drivers/char/hw_random/core.o) is not in EXIDX output section
arm-linux-androideabi-ld: warning: unwinding may not work because EXIDX input section 14 of built-in.o(drivers/char/hw_random/mt67xx-rng.o) is not in EXIDX output section
arm-linux-androideabi-ld: warning: unwinding may not work because EXIDX input section 17 of built-in.o(drivers/char/rpmb/core.o) is not in EXIDX output section
arm-linux-androideabi-ld: warning: unwinding may not work because EXIDX input section 6 of built-in.o(drivers/gpu/drm/drm_kms_helper_common.o) is not in EXIDX output section
arm-linux-androideabi-ld: warning: unwinding may not work because EXIDX input section 14 of built-in.o(drivers/base/firmware_class.o) is not in EXIDX output section
arm-linux-androideabi-ld: warning: unwinding may not work because EXIDX input section 14 of built-in.o(drivers/block/brd.o) is not in EXIDX output section
arm-linux-androideabi-ld: warning: unwinding may not work because EXIDX input section 10 of built-in.o(drivers/block/loop.o) is not in EXIDX output section
arm-linux-androideabi-ld: warning: unwinding may not work because EXIDX input section 14 of built-in.o(drivers/block/zram/zram_drv.o) is not in EXIDX output section
arm-linux-androideabi-ld: warning: unwinding may not work because EXIDX input section 13 of built-in.o(drivers/misc/mediatek/emi_bwl/mt6739/emi_bwl.o) is not in EXIDX output section
arm-linux-androideabi-ld: warning: unwinding may not work because EXIDX input section 9 of built-in.o(drivers/misc/mediatek/emi_mpu/mt6739/emi_mpu.o) is not in EXIDX output section
arm-linux-androideabi-ld: warning: unwinding may not work because EXIDX input section 12 of built-in.o(drivers/misc/mediatek/base/power/cpufreq_v2/src/mtk_cpufreq_main.o) is not in EXIDX output section
arm-linux-androideabi-ld: warning: unwinding may not work because EXIDX input section 16 of built-in.o(drivers/misc/mediatek/base/power/eem_v2/mt6739/mtk_eem.o) is not in EXIDX output section
arm-linux-androideabi-ld: warning: unwinding may not work because EXIDX input section 9 of built-in.o(drivers/misc/mediatek/base/power/pbm_v3/mtk_pbm.o) is not in EXIDX output section
arm-linux-androideabi-ld: warning: unwinding may not work because EXIDX input section 30 of built-in.o(drivers/misc/mediatek/base/power/mt6739/mtk_gpufreq.o) is not in EXIDX output section
arm-linux-androideabi-ld: warning: unwinding may not work because EXIDX input section 8 of built-in.o(drivers/misc/mediatek/base/power/mt6739/mtk_picachu.o) is not in EXIDX output section
arm-linux-androideabi-ld: warning: unwinding may not work because EXIDX input section 15 of built-in.o(drivers/misc/mediatek/base/power/power_gs_v1/mtk_power_gs.o) is not in EXIDX output section
arm-linux-androideabi-ld: warning: unwinding may not work because EXIDX input section 12 of built-in.o(drivers/misc/mediatek/base/power/ppm_v3/src/mtk_ppm_main.o) is not in EXIDX output section
arm-linux-androideabi-ld: warning: unwinding may not work because EXIDX input section 12 of built-in.o(drivers/misc/mediatek/base/power/ppm_v3/src/mtk_ppm_cpi.o) is not in EXIDX output section
arm-linux-androideabi-ld: warning: unwinding may not work because EXIDX input section 12 of built-in.o(drivers/misc/mediatek/base/power/ppm_v3/src/mtk_ppm_policy_dlpt.o) is not in EXIDX output section
arm-linux-androideabi-ld: warning: unwinding may not work because EXIDX input section 12 of built-in.o(drivers/misc/mediatek/base/power/ppm_v3/src/mtk_ppm_policy_sys_boost.o) is not in EXIDX output section
arm-linux-androideabi-ld: warning: unwinding may not work because EXIDX input section 12 of built-in.o(drivers/misc/mediatek/base/power/ppm_v3/src/mtk_ppm_policy_ptpod.o) is not in EXIDX output section
arm-linux-androideabi-ld: warning: unwinding may not work because EXIDX input section 12 of built-in.o(drivers/misc/mediatek/base/power/ppm_v3/src/mtk_ppm_policy_pwr_thro.o) is not in EXIDX output section
arm-linux-androideabi-ld: warning: unwinding may not work because EXIDX input section 12 of built-in.o(drivers/misc/mediatek/base/power/ppm_v3/src/mtk_ppm_policy_thermal.o) is not in EXIDX output section
arm-linux-androideabi-ld: warning: unwinding may not work because EXIDX input section 12 of built-in.o(drivers/misc/mediatek/base/power/ppm_v3/src/mtk_ppm_policy_lcm_off.o) is not in EXIDX output section
arm-linux-androideabi-ld: warning: unwinding may not work because EXIDX input section 12 of built-in.o(drivers/misc/mediatek/base/power/ppm_v3/src/mtk_ppm_policy_hard_user_limit.o) is not in EXIDX output section
arm-linux-androideabi-ld: warning: unwinding may not work because EXIDX input section 12 of built-in.o(drivers/misc/mediatek/base/power/ppm_v3/src/mtk_ppm_policy_user_limit.o) is not in EXIDX output section
arm-linux-androideabi-ld: warning: unwinding may not work because EXIDX input section 12 of built-in.o(drivers/misc/mediatek/base/power/ppm_v3/src/mtk_ppm_policy_force_limit.o) is not in EXIDX output section
arm-linux-androideabi-ld: warning: unwinding may not work because EXIDX input section 12 of built-in.o(drivers/misc/mediatek/base/power/ppm_v3/src/mtk_ppm_policy_ut.o) is not in EXIDX output section
arm-linux-androideabi-ld: warning: unwinding may not work because EXIDX input section 14 of built-in.o(drivers/misc/mediatek/base/power/dvfsrc/dvfsrc-boost-driver.o) is not in EXIDX output section
arm-linux-androideabi-ld: warning: unwinding may not work because EXIDX input section 15 of built-in.o(drivers/misc/mediatek/uart/uart.o) is not in EXIDX output section
arm-linux-androideabi-ld: warning: unwinding may not work because EXIDX input section 12 of built-in.o(drivers/misc/mediatek/pmic/common/upmu.o) is not in EXIDX output section
arm-linux-androideabi-ld: warning: unwinding may not work because EXIDX input section 13 of built-in.o(drivers/misc/mediatek/m4u/2.0/m4u.o) is not in EXIDX output section
arm-linux-androideabi-ld: warning: unwinding may not work because EXIDX input section 30 of built-in.o(drivers/misc/mediatek/mmdvfs/mmdvfs_pmqos.o) is not in EXIDX output section
arm-linux-androideabi-ld: warning: unwinding may not work because EXIDX input section 11 of built-in.o(drivers/misc/mediatek/systracker/systracker_interface_v2.o) is not in EXIDX output section
arm-linux-androideabi-ld: warning: unwinding may not work because EXIDX input section 11 of built-in.o(drivers/misc/mediatek/connectivity/wlan_drv_gen2/os/linux/hif/ahb/ahb.o) is not in EXIDX output section
arm-linux-androideabi-ld: warning: unwinding may not work because EXIDX input section 10 of built-in.o(drivers/misc/mediatek/connectivity/gps/stp_chrdev_gps.o) is not in EXIDX output section
arm-linux-androideabi-ld: warning: unwinding may not work because EXIDX input section 9 of built-in.o(drivers/misc/mediatek/masp/asfv2/module/sec_mod.o) is not in EXIDX output section
arm-linux-androideabi-ld: warning: unwinding may not work because EXIDX input section 11 of built-in.o(drivers/misc/mediatek/trusted_mem/dev_mgr.o) is not in EXIDX output section
arm-linux-androideabi-ld: warning: unwinding may not work because EXIDX input section 7 of built-in.o(drivers/misc/mediatek/trusted_mem/proc.o) is not in EXIDX output section
arm-linux-androideabi-ld: warning: unwinding may not work because EXIDX input section 7 of built-in.o(drivers/misc/mediatek/trusted_mem/tee_devices.o) is not in EXIDX output section
arm-linux-androideabi-ld: warning: unwinding may not work because EXIDX input section 12 of built-in.o(drivers/misc/mediatek/atf/atf_logger.o) is not in EXIDX output section
arm-linux-androideabi-ld: warning: unwinding may not work because EXIDX input section 14 of built-in.o(drivers/misc/mediatek/devinfo/devinfo.o) is not in EXIDX output section
arm-linux-androideabi-ld: warning: unwinding may not work because EXIDX input section 19 of built-in.o(drivers/misc/mediatek/dramc/mt6739/mtk_dramc.o) is not in EXIDX output section
arm-linux-androideabi-ld: warning: unwinding may not work because EXIDX input section 9 of built-in.o(drivers/misc/mediatek/gpu/gpu_rgx/m1.13ED5776728/kernel/drivers/staging/imgtec/pvr_platform_drv.o) is not in EXIDX output section
arm-linux-androideabi-ld: warning: unwinding may not work because EXIDX input section 13 of built-in.o(drivers/misc/mediatek/cameraisp/src/mt6739/camera_isp.o) is not in EXIDX output section
arm-linux-androideabi-ld: warning: unwinding may not work because EXIDX input section 9 of built-in.o(drivers/misc/mediatek/cameraisp/src/mt6739/camera_sysram.o) is not in EXIDX output section
arm-linux-androideabi-ld: warning: unwinding may not work because EXIDX input section 11 of built-in.o(drivers/misc/mediatek/cameraisp/rsc/engine_request.o) is not in EXIDX output section
arm-linux-androideabi-ld: warning: unwinding may not work because EXIDX input section 9 of built-in.o(drivers/misc/mediatek/imgsensor/src/common/v1/imgsensor.o) is not in EXIDX output section
arm-linux-androideabi-ld: warning: unwinding may not work because EXIDX input section 12 of built-in.o(drivers/misc/mediatek/imgsensor/src/common/sysfs/imgsensor_sysfs.o) is not in EXIDX output section
arm-linux-androideabi-ld: warning: unwinding may not work because EXIDX input section 12 of built-in.o(drivers/misc/mediatek/cam_cal/src/common/v1/eeprom_driver.o) is not in EXIDX output section
arm-linux-androideabi-ld: warning: unwinding may not work because EXIDX input section 9 of built-in.o(drivers/misc/mediatek/lens/main/main_lens.o) is not in EXIDX output section
arm-linux-androideabi-ld: warning: unwinding may not work because EXIDX input section 12 of built-in.o(drivers/misc/mediatek/lens/main2/main2_lens.o) is not in EXIDX output section
arm-linux-androideabi-ld: warning: unwinding may not work because EXIDX input section 12 of built-in.o(drivers/misc/mediatek/lens/main3/main3_lens.o) is not in EXIDX output section
arm-linux-androideabi-ld: warning: unwinding may not work because EXIDX input section 9 of built-in.o(drivers/misc/mediatek/lens/sub/sub_lens.o) is not in EXIDX output section
arm-linux-androideabi-ld: warning: unwinding may not work because EXIDX input section 12 of built-in.o(drivers/misc/mediatek/lens/sub2/sub2_lens.o) is not in EXIDX output section
arm-linux-androideabi-ld: warning: unwinding may not work because EXIDX input section 23 of built-in.o(drivers/misc/mediatek/flashlight/flashlight-core.o) is not in EXIDX output section
arm-linux-androideabi-ld: warning: unwinding may not work because EXIDX input section 17 of built-in.o(drivers/misc/mediatek/flashlight/flashlights-rt4505.o) is not in EXIDX output section
arm-linux-androideabi-ld: warning: unwinding may not work because EXIDX input section 12 of built-in.o(drivers/misc/mediatek/flashlight/flashlights-s2mu005.o) is not in EXIDX output section
arm-linux-androideabi-ld: warning: unwinding may not work because EXIDX input section 12 of built-in.o(drivers/misc/mediatek/mlog/mlog_logger.o) is not in EXIDX output section
arm-linux-androideabi-ld: warning: unwinding may not work because EXIDX input section 11 of built-in.o(drivers/misc/mediatek/auxadc/mtk_auxadc.o) is not in EXIDX output section
arm-linux-androideabi-ld: warning: unwinding may not work because EXIDX input section 11 of built-in.o(drivers/misc/mediatek/pwm/mtk_pwm.o) is not in EXIDX output section
arm-linux-androideabi-ld: warning: unwinding may not work because EXIDX input section 17 of built-in.o(drivers/misc/mediatek/eccci/modem_io_device.o) is not in EXIDX output section
arm-linux-androideabi-ld: warning: unwinding may not work because EXIDX input section 12 of built-in.o(drivers/misc/mediatek/memory-amms/memory-amms.o) is not in EXIDX output section
arm-linux-androideabi-ld: warning: unwinding may not work because EXIDX input section 11 of built-in.o(drivers/misc/mediatek/leds/mtk_leds_drv.o) is not in EXIDX output section
arm-linux-androideabi-ld: warning: unwinding may not work because EXIDX input section 17 of built-in.o(drivers/misc/mediatek/usb20/mt6739/usb20.o) is not in EXIDX output section
arm-linux-androideabi-ld: warning: unwinding may not work because EXIDX input section 16 of built-in.o(drivers/misc/mediatek/usb20/musb_core.o) is not in EXIDX output section
arm-linux-androideabi-ld: warning: unwinding may not work because EXIDX input section 12 of built-in.o(drivers/misc/mediatek/boot/mtk_boot_common.o) is not in EXIDX output section
arm-linux-androideabi-ld: warning: unwinding may not work because EXIDX input section 11 of built-in.o(drivers/misc/mediatek/boot/mtk_boot.o) is not in EXIDX output section
arm-linux-androideabi-ld: warning: unwinding may not work because EXIDX input section 22 of built-in.o(drivers/misc/mediatek/aee/common/aee-common.o) is not in EXIDX output section
arm-linux-androideabi-ld: warning: unwinding may not work because EXIDX input section 9 of built-in.o(drivers/misc/mediatek/aee/aed/aed-main.o) is not in EXIDX output section
arm-linux-androideabi-ld: warning: unwinding may not work because EXIDX input section 12 of built-in.o(drivers/misc/mediatek/aee/mrdump/mrdump_key_setup.o) is not in EXIDX output section
arm-linux-androideabi-ld: warning: unwinding may not work because EXIDX input section 17 of built-in.o(drivers/misc/mediatek/cmdq/v3/cmdq_driver.o) is not in EXIDX output section
arm-linux-androideabi-ld: warning: unwinding may not work because EXIDX input section 14 of built-in.o(drivers/misc/mediatek/cmdq/v3/cmdq_test.o) is not in EXIDX output section
arm-linux-androideabi-ld: warning: unwinding may not work because EXIDX input section 12 of built-in.o(drivers/misc/mediatek/video/mt6739/dispsys/ddp_drv.o) is not in EXIDX output section
arm-linux-androideabi-ld: warning: unwinding may not work because EXIDX input section 19 of built-in.o(drivers/misc/mediatek/video/mt6739/videox/mtkfb.o) is not in EXIDX output section
arm-linux-androideabi-ld: warning: unwinding may not work because EXIDX input section 12 of built-in.o(drivers/misc/mediatek/video/mt6739/videox/mtk_disp_mgr.o) is not in EXIDX output section
arm-linux-androideabi-ld: warning: unwinding may not work because EXIDX input section 30 of built-in.o(drivers/misc/mediatek/rt-regmap/rt-regmap.o) is not in EXIDX output section
arm-linux-androideabi-ld: warning: unwinding may not work because EXIDX input section 10 of built-in.o(drivers/misc/mediatek/videocodec/mt6739/videocodec_kernel_driver.o) is not in EXIDX output section
arm-linux-androideabi-ld: warning: unwinding may not work because EXIDX input section 12 of built-in.o(drivers/misc/mediatek/jpeg/v2/jpeg_drv.o) is not in EXIDX output section
arm-linux-androideabi-ld: warning: unwinding may not work because EXIDX input section 9 of built-in.o(drivers/misc/mediatek/c2k_usb/f_rawbulk.o) is not in EXIDX output section
arm-linux-androideabi-ld: warning: unwinding may not work because EXIDX input section 19 of built-in.o(drivers/misc/mediatek/c2k_usb/rawbulk_transfer.o) is not in EXIDX output section
arm-linux-androideabi-ld: warning: unwinding may not work because EXIDX input section 13 of built-in.o(drivers/misc/mediatek/usb_boost/v1/usb_boost_plat.o) is not in EXIDX output section
arm-linux-androideabi-ld: warning: unwinding may not work because EXIDX input section 16 of built-in.o(drivers/misc/mediatek/thermal/mtk_thermal_monitor.o) is not in EXIDX output section
arm-linux-androideabi-ld: warning: unwinding may not work because EXIDX input section 12 of built-in.o(drivers/misc/mediatek/thermal/mtk_cooler_shutdown.o) is not in EXIDX output section
arm-linux-androideabi-ld: warning: unwinding may not work because EXIDX input section 9 of built-in.o(drivers/misc/mediatek/thermal/mtk_cooler_backlight.o) is not in EXIDX output section
arm-linux-androideabi-ld: warning: unwinding may not work because EXIDX input section 9 of built-in.o(drivers/misc/mediatek/thermal/mtk_cooler_kshutdown.o) is not in EXIDX output section
arm-linux-androideabi-ld: warning: unwinding may not work because EXIDX input section 12 of built-in.o(drivers/misc/mediatek/thermal/mtk_cooler_cam.o) is not in EXIDX output section
arm-linux-androideabi-ld: warning: unwinding may not work because EXIDX input section 14 of built-in.o(drivers/misc/mediatek/thermal/common/mtk_thermal_platform.o) is not in EXIDX output section
arm-linux-androideabi-ld: warning: unwinding may not work because EXIDX input section 12 of built-in.o(drivers/misc/mediatek/thermal/common/thermal_zones/mtk_ts_battery.o) is not in EXIDX output section
arm-linux-androideabi-ld: warning: unwinding may not work because EXIDX input section 12 of built-in.o(drivers/misc/mediatek/thermal/common/thermal_zones/mtk_ts_bts.o) is not in EXIDX output section
arm-linux-androideabi-ld: warning: unwinding may not work because EXIDX input section 12 of built-in.o(drivers/misc/mediatek/thermal/common/thermal_zones/mtk_ts_btsmdpa.o) is not in EXIDX output section
arm-linux-androideabi-ld: warning: unwinding may not work because EXIDX input section 13 of built-in.o(drivers/misc/mediatek/thermal/common/thermal_zones/mtk_ts_cpu_noBank.o) is not in EXIDX output section
arm-linux-androideabi-ld: warning: unwinding may not work because EXIDX input section 12 of built-in.o(drivers/misc/mediatek/thermal/common/thermal_zones/mtk_ts_pa.o) is not in EXIDX output section
arm-linux-androideabi-ld: warning: unwinding may not work because EXIDX input section 18 of built-in.o(drivers/misc/mediatek/thermal/common/thermal_zones/mtk_ts_pa_thput.o) is not in EXIDX output section
arm-linux-androideabi-ld: warning: unwinding may not work because EXIDX input section 9 of built-in.o(drivers/misc/mediatek/thermal/common/thermal_zones/mtk_ts_pmic.o) is not in EXIDX output section
arm-linux-androideabi-ld: warning: unwinding may not work because EXIDX input section 14 of built-in.o(drivers/misc/mediatek/thermal/common/thermal_zones/mtk_ts_wmt.o) is not in EXIDX output section
arm-linux-androideabi-ld: warning: unwinding may not work because EXIDX input section 9 of built-in.o(drivers/misc/mediatek/thermal/common/thermal_zones/mtk_tsAll.o) is not in EXIDX output section
arm-linux-androideabi-ld: warning: unwinding may not work because EXIDX input section 12 of built-in.o(drivers/misc/mediatek/thermal/common/thermal_zones/mtk_ts_imgsensor.o) is not in EXIDX output section
arm-linux-androideabi-ld: warning: unwinding may not work because EXIDX input section 12 of built-in.o(drivers/misc/mediatek/thermal/common/coolers/mtk_cooler_mutt.o) is not in EXIDX output section
arm-linux-androideabi-ld: warning: unwinding may not work because EXIDX input section 15 of built-in.o(drivers/misc/mediatek/thermal/common/coolers/mtk_cooler_atm.o) is not in EXIDX output section
arm-linux-androideabi-ld: warning: unwinding may not work because EXIDX input section 9 of built-in.o(drivers/misc/mediatek/thermal/common/coolers/mtk_cooler_dtm.o) is not in EXIDX output section
arm-linux-androideabi-ld: warning: unwinding may not work because EXIDX input section 9 of built-in.o(drivers/misc/mediatek/thermal/common/coolers/mtk_cooler_sysrst.o) is not in EXIDX output section
arm-linux-androideabi-ld: warning: unwinding may not work because EXIDX input section 9 of built-in.o(drivers/misc/mediatek/thermal/common/coolers/mtk_cooler_VR_FPS.o) is not in EXIDX output section
arm-linux-androideabi-ld: warning: unwinding may not work because EXIDX input section 9 of built-in.o(drivers/misc/mediatek/thermal/mt6739/src/mtk_ts_6357buck1.o) is not in EXIDX output section
arm-linux-androideabi-ld: warning: unwinding may not work because EXIDX input section 9 of built-in.o(drivers/misc/mediatek/thermal/mt6739/src/mtk_ts_6357buck2.o) is not in EXIDX output section
arm-linux-androideabi-ld: warning: unwinding may not work because EXIDX input section 17 of built-in.o(drivers/misc/dev_ril_bridge.o) is not in EXIDX output section
arm-linux-androideabi-ld: warning: unwinding may not work because EXIDX input section 12 of built-in.o(drivers/misc/tzdev/4.1/extensions/irs.o) is not in EXIDX output section
arm-linux-androideabi-ld: warning: unwinding may not work because EXIDX input section 15 of built-in.o(drivers/mfd/syscon.o) is not in EXIDX output section
arm-linux-androideabi-ld: warning: unwinding may not work because EXIDX input section 14 of built-in.o(drivers/mfd/mt635x-ot-debug.o) is not in EXIDX output section
arm-linux-androideabi-ld: warning: unwinding may not work because EXIDX input section 26 of built-in.o(drivers/dax/super.o) is not in EXIDX output section
arm-linux-androideabi-ld: warning: unwinding may not work because EXIDX input section 29 of built-in.o(drivers/dma-buf/dma-buf.o) is not in EXIDX output section
arm-linux-androideabi-ld: warning: unwinding may not work because EXIDX input section 27 of built-in.o(drivers/scsi/scsi.o) is not in EXIDX output section
arm-linux-androideabi-ld: warning: unwinding may not work because EXIDX input section 9 of built-in.o(drivers/scsi/sd.o) is not in EXIDX output section
arm-linux-androideabi-ld: warning: unwinding may not work because EXIDX input section 14 of built-in.o(drivers/spi/spi-mt65xx.o) is not in EXIDX output section
arm-linux-androideabi-ld: warning: unwinding may not work because EXIDX input section 10 of built-in.o(drivers/spi/spi-mt65xx-dev.o) is not in EXIDX output section
arm-linux-androideabi-ld: warning: unwinding may not work because EXIDX input section 9 of built-in.o(drivers/net/dummy.o) is not in EXIDX output section
arm-linux-androideabi-ld: warning: unwinding may not work because EXIDX input section 8 of built-in.o(drivers/net/ifb.o) is not in EXIDX output section
arm-linux-androideabi-ld: warning: unwinding may not work because EXIDX input section 51 of built-in.o(drivers/net/phy/phy_device.o) is not in EXIDX output section
arm-linux-androideabi-ld: warning: unwinding may not work because EXIDX input section 16 of built-in.o(drivers/net/phy/fixed_phy.o) is not in EXIDX output section
arm-linux-androideabi-ld: warning: unwinding may not work because EXIDX input section 9 of built-in.o(drivers/net/veth.o) is not in EXIDX output section
arm-linux-androideabi-ld: warning: unwinding may not work because EXIDX input section 20 of built-in.o(drivers/net/ppp/ppp_generic.o) is not in EXIDX output section
arm-linux-androideabi-ld: warning: unwinding may not work because EXIDX input section 9 of built-in.o(drivers/net/ppp/ppp_async.o) is not in EXIDX output section
arm-linux-androideabi-ld: warning: unwinding may not work because EXIDX input section 9 of built-in.o(drivers/net/ppp/bsd_comp.o) is not in EXIDX output section
arm-linux-androideabi-ld: warning: unwinding may not work because EXIDX input section 9 of built-in.o(drivers/net/ppp/ppp_deflate.o) is not in EXIDX output section
arm-linux-androideabi-ld: warning: unwinding may not work because EXIDX input section 9 of built-in.o(drivers/net/ppp/ppp_mppe.o) is not in EXIDX output section
arm-linux-androideabi-ld: warning: unwinding may not work because EXIDX input section 9 of built-in.o(drivers/net/ppp/ppp_synctty.o) is not in EXIDX output section
arm-linux-androideabi-ld: warning: unwinding may not work because EXIDX input section 12 of built-in.o(drivers/net/ppp/pppox.o) is not in EXIDX output section
arm-linux-androideabi-ld: warning: unwinding may not work because EXIDX input section 9 of built-in.o(drivers/net/ppp/pppoe.o) is not in EXIDX output section
arm-linux-androideabi-ld: warning: unwinding may not work because EXIDX input section 8 of built-in.o(drivers/net/ppp/pptp.o) is not in EXIDX output section
arm-linux-androideabi-ld: warning: unwinding may not work because EXIDX input section 14 of built-in.o(drivers/net/usb/rtl8150.o) is not in EXIDX output section
arm-linux-androideabi-ld: warning: unwinding may not work because EXIDX input section 14 of built-in.o(drivers/net/usb/r8152.o) is not in EXIDX output section
arm-linux-androideabi-ld: warning: unwinding may not work because EXIDX input section 14 of built-in.o(drivers/net/usb/asix_devices.o) is not in EXIDX output section
arm-linux-androideabi-ld: warning: unwinding may not work because EXIDX input section 14 of built-in.o(drivers/net/usb/ax88179_178a.o) is not in EXIDX output section
arm-linux-androideabi-ld: warning: unwinding may not work because EXIDX input section 16 of built-in.o(drivers/net/usb/cdc_ether.o) is not in EXIDX output section
arm-linux-androideabi-ld: warning: unwinding may not work because EXIDX input section 14 of built-in.o(drivers/net/usb/cdc_eem.o) is not in EXIDX output section
arm-linux-androideabi-ld: warning: unwinding may not work because EXIDX input section 14 of built-in.o(drivers/net/usb/smsc75xx.o) is not in EXIDX output section
arm-linux-androideabi-ld: warning: unwinding may not work because EXIDX input section 14 of built-in.o(drivers/net/usb/smsc95xx.o) is not in EXIDX output section
arm-linux-androideabi-ld: warning: unwinding may not work because EXIDX input section 14 of built-in.o(drivers/net/usb/net1080.o) is not in EXIDX output section
arm-linux-androideabi-ld: warning: unwinding may not work because EXIDX input section 13 of built-in.o(drivers/net/usb/cdc_subset.o) is not in EXIDX output section
arm-linux-androideabi-ld: warning: unwinding may not work because EXIDX input section 14 of built-in.o(drivers/net/usb/zaurus.o) is not in EXIDX output section
arm-linux-androideabi-ld: warning: unwinding may not work because EXIDX input section 47 of built-in.o(drivers/net/usb/usbnet.o) is not in EXIDX output section
arm-linux-androideabi-ld: warning: unwinding may not work because EXIDX input section 20 of built-in.o(drivers/net/usb/cdc_ncm.o) is not in EXIDX output section
arm-linux-androideabi-ld: warning: unwinding may not work because EXIDX input section 14 of built-in.o(drivers/net/usb/cdc_mbim.o) is not in EXIDX output section
arm-linux-androideabi-ld: warning: unwinding may not work because EXIDX input section 27 of built-in.o(drivers/usb/core/usb.o) is not in EXIDX output section
arm-linux-androideabi-ld: warning: unwinding may not work because EXIDX input section 16 of built-in.o(drivers/usb/phy/phy-generic.o) is not in EXIDX output section
arm-linux-androideabi-ld: warning: unwinding may not work because EXIDX input section 9 of built-in.o(drivers/usb/class/cdc-acm.o) is not in EXIDX output section
arm-linux-androideabi-ld: warning: unwinding may not work because EXIDX input section 14 of built-in.o(drivers/usb/class/usblp.o) is not in EXIDX output section
arm-linux-androideabi-ld: warning: unwinding may not work because EXIDX input section 12 of built-in.o(drivers/usb/class/cdc-wdm.o) is not in EXIDX output section
arm-linux-androideabi-ld: warning: unwinding may not work because EXIDX input section 21 of built-in.o(drivers/usb/storage/usb.o) is not in EXIDX output section
arm-linux-androideabi-ld: warning: unwinding may not work because EXIDX input section 14 of built-in.o(drivers/usb/storage/alauda.o) is not in EXIDX output section
arm-linux-androideabi-ld: warning: unwinding may not work because EXIDX input section 14 of built-in.o(drivers/usb/storage/cypress_atacb.o) is not in EXIDX output section
arm-linux-androideabi-ld: warning: unwinding may not work because EXIDX input section 14 of built-in.o(drivers/usb/storage/datafab.o) is not in EXIDX output section
arm-linux-androideabi-ld: warning: unwinding may not work because EXIDX input section 14 of built-in.o(drivers/usb/storage/freecom.o) is not in EXIDX output section
arm-linux-androideabi-ld: warning: unwinding may not work because EXIDX input section 14 of built-in.o(drivers/usb/storage/isd200.o) is not in EXIDX output section
arm-linux-androideabi-ld: warning: unwinding may not work because EXIDX input section 14 of built-in.o(drivers/usb/storage/jumpshot.o) is not in EXIDX output section
arm-linux-androideabi-ld: warning: unwinding may not work because EXIDX input section 14 of built-in.o(drivers/usb/storage/karma.o) is not in EXIDX output section
arm-linux-androideabi-ld: warning: unwinding may not work because EXIDX input section 14 of built-in.o(drivers/usb/storage/onetouch.o) is not in EXIDX output section
arm-linux-androideabi-ld: warning: unwinding may not work because EXIDX input section 14 of built-in.o(drivers/usb/storage/sddr09.o) is not in EXIDX output section
arm-linux-androideabi-ld: warning: unwinding may not work because EXIDX input section 14 of built-in.o(drivers/usb/storage/sddr55.o) is not in EXIDX output section
arm-linux-androideabi-ld: warning: unwinding may not work because EXIDX input section 14 of built-in.o(drivers/usb/storage/shuttle_usbat.o) is not in EXIDX output section
arm-linux-androideabi-ld: warning: unwinding may not work because EXIDX input section 14 of built-in.o(drivers/usb/serial/usb-serial.o) is not in EXIDX output section
arm-linux-androideabi-ld: warning: unwinding may not work because EXIDX input section 14 of built-in.o(drivers/usb/misc/trancevibrator.o) is not in EXIDX output section
arm-linux-androideabi-ld: warning: unwinding may not work because EXIDX input section 15 of built-in.o(drivers/usb/gadget/configfs.o) is not in EXIDX output section
arm-linux-androideabi-ld: warning: unwinding may not work because EXIDX input section 50 of built-in.o(drivers/usb/gadget/udc/core.o) is not in EXIDX output section
arm-linux-androideabi-ld: warning: unwinding may not work because EXIDX input section 9 of built-in.o(drivers/usb/gadget/function/f_acm.o) is not in EXIDX output section
arm-linux-androideabi-ld: warning: unwinding may not work because EXIDX input section 9 of built-in.o(drivers/usb/gadget/function/f_serial.o) is not in EXIDX output section
arm-linux-androideabi-ld: warning: unwinding may not work because EXIDX input section 30 of built-in.o(drivers/usb/gadget/function/u_ether.o) is not in EXIDX output section
arm-linux-androideabi-ld: warning: unwinding may not work because EXIDX input section 9 of built-in.o(drivers/usb/gadget/function/f_rndis.o) is not in EXIDX output section
arm-linux-androideabi-ld: warning: unwinding may not work because EXIDX input section 11 of built-in.o(drivers/usb/gadget/function/f_fs.o) is not in EXIDX output section
arm-linux-androideabi-ld: warning: unwinding may not work because EXIDX input section 9 of built-in.o(drivers/usb/gadget/function/f_midi.o) is not in EXIDX output section
arm-linux-androideabi-ld: warning: unwinding may not work because EXIDX input section 9 of built-in.o(drivers/usb/gadget/function/f_hid.o) is not in EXIDX output section
arm-linux-androideabi-ld: warning: unwinding may not work because EXIDX input section 10 of built-in.o(drivers/usb/gadget/function/f_dm.o) is not in EXIDX output section
arm-linux-androideabi-ld: warning: unwinding may not work because EXIDX input section 10 of built-in.o(drivers/usb/gadget/function/f_mtp_samsung.o) is not in EXIDX output section
arm-linux-androideabi-ld: warning: unwinding may not work because EXIDX input section 9 of built-in.o(drivers/usb/gadget/function/f_ptp.o) is not in EXIDX output section
arm-linux-androideabi-ld: warning: unwinding may not work because EXIDX input section 12 of built-in.o(drivers/usb/gadget/function/f_audio_source.o) is not in EXIDX output section
arm-linux-androideabi-ld: warning: unwinding may not work because EXIDX input section 10 of built-in.o(drivers/usb/gadget/function/f_accessory.o) is not in EXIDX output section
arm-linux-androideabi-ld: warning: unwinding may not work because EXIDX input section 10 of built-in.o(drivers/usb/gadget/function/f_conn_gadget.o) is not in EXIDX output section
arm-linux-androideabi-ld: warning: unwinding may not work because EXIDX input section 40 of built-in.o(drivers/usb/notify/usb_notify.o) is not in EXIDX output section
arm-linux-androideabi-ld: warning: unwinding may not work because EXIDX input section 9 of built-in.o(drivers/usb/notify/usb_notifier.o) is not in EXIDX output section
arm-linux-androideabi-ld: warning: unwinding may not work because EXIDX input section 20 of built-in.o(drivers/input/serio/serio.o) is not in EXIDX output section
arm-linux-androideabi-ld: warning: unwinding may not work because EXIDX input section 9 of built-in.o(drivers/input/serio/serport.o) is not in EXIDX output section
arm-linux-androideabi-ld: warning: unwinding may not work because EXIDX input section 38 of built-in.o(drivers/input/input.o) is not in EXIDX output section
arm-linux-androideabi-ld: warning: unwinding may not work because EXIDX input section 14 of built-in.o(drivers/input/input-leds.o) is not in EXIDX output section
arm-linux-androideabi-ld: warning: unwinding may not work because EXIDX input section 11 of built-in.o(drivers/input/evdev.o) is not in EXIDX output section
arm-linux-androideabi-ld: warning: unwinding may not work because EXIDX input section 9 of built-in.o(drivers/input/keyboard/atkbd.o) is not in EXIDX output section
arm-linux-androideabi-ld: warning: unwinding may not work because EXIDX input section 17 of built-in.o(drivers/input/keyboard/mediatek/kpd.o) is not in EXIDX output section
arm-linux-androideabi-ld: warning: unwinding may not work because EXIDX input section 14 of built-in.o(drivers/input/joystick/xpad.o) is not in EXIDX output section
arm-linux-androideabi-ld: warning: unwinding may not work because EXIDX input section 14 of built-in.o(drivers/input/tablet/acecad.o) is not in EXIDX output section
arm-linux-androideabi-ld: warning: unwinding may not work because EXIDX input section 14 of built-in.o(drivers/input/tablet/aiptek.o) is not in EXIDX output section
arm-linux-androideabi-ld: warning: unwinding may not work because EXIDX input section 14 of built-in.o(drivers/input/tablet/gtco.o) is not in EXIDX output section
arm-linux-androideabi-ld: warning: unwinding may not work because EXIDX input section 14 of built-in.o(drivers/input/tablet/hanwang.o) is not in EXIDX output section
arm-linux-androideabi-ld: warning: unwinding may not work because EXIDX input section 14 of built-in.o(drivers/input/tablet/kbtab.o) is not in EXIDX output section
arm-linux-androideabi-ld: warning: unwinding may not work because EXIDX input section 12 of built-in.o(drivers/input/touchscreen/ili9881x/ili9881x_init.o) is not in EXIDX output section
arm-linux-androideabi-ld: warning: unwinding may not work because EXIDX input section 12 of built-in.o(drivers/input/touchscreen/NT36672C/nt36xxx.o) is not in EXIDX output section
arm-linux-androideabi-ld: warning: unwinding may not work because EXIDX input section 14 of built-in.o(drivers/input/misc/uinput.o) is not in EXIDX output section
arm-linux-androideabi-ld: warning: unwinding may not work because EXIDX input section 16 of built-in.o(drivers/rtc/rtc-dev.o) is not in EXIDX output section
arm-linux-androideabi-ld: warning: unwinding may not work because EXIDX input section 45 of built-in.o(drivers/i2c/i2c-core-base.o) is not in EXIDX output section
arm-linux-androideabi-ld: warning: unwinding may not work because EXIDX input section 14 of built-in.o(drivers/i2c/busses/i2c-gpio.o) is not in EXIDX output section
arm-linux-androideabi-ld: warning: unwinding may not work because EXIDX input section 15 of built-in.o(drivers/i2c/busses/i2c-mtk.o) is not in EXIDX output section
arm-linux-androideabi-ld: warning: unwinding may not work because EXIDX input section 12 of built-in.o(drivers/i2c/busses/i2c-mtk_debug.o) is not in EXIDX output section
arm-linux-androideabi-ld: warning: unwinding may not work because EXIDX input section 14 of built-in.o(drivers/media/i2c/ir-kbd-i2c.o) is not in EXIDX output section
arm-linux-androideabi-ld: warning: unwinding may not work because EXIDX input section 21 of built-in.o(drivers/media/v4l2-core/v4l2-dev.o) is not in EXIDX output section
arm-linux-androideabi-ld: warning: unwinding may not work because EXIDX input section 8 of built-in.o(drivers/media/rc/keymaps/rc-adstech-dvb-t-pci.o) is not in EXIDX output section
arm-linux-androideabi-ld: warning: unwinding may not work because EXIDX input section 8 of built-in.o(drivers/media/rc/keymaps/rc-alink-dtu-m.o) is not in EXIDX output section
arm-linux-androideabi-ld: warning: unwinding may not work because EXIDX input section 8 of built-in.o(drivers/media/rc/keymaps/rc-anysee.o) is not in EXIDX output section
arm-linux-androideabi-ld: warning: unwinding may not work because EXIDX input section 8 of built-in.o(drivers/media/rc/keymaps/rc-apac-viewcomp.o) is not in EXIDX output section
arm-linux-androideabi-ld: warning: unwinding may not work because EXIDX input section 8 of built-in.o(drivers/media/rc/keymaps/rc-asus-pc39.o) is not in EXIDX output section
arm-linux-androideabi-ld: warning: unwinding may not work because EXIDX input section 8 of built-in.o(drivers/media/rc/keymaps/rc-asus-ps3-100.o) is not in EXIDX output section
arm-linux-androideabi-ld: warning: unwinding may not work because EXIDX input section 8 of built-in.o(drivers/media/rc/keymaps/rc-ati-tv-wonder-hd-600.o) is not in EXIDX output section
arm-linux-androideabi-ld: warning: unwinding may not work because EXIDX input section 8 of built-in.o(drivers/media/rc/keymaps/rc-ati-x10.o) is not in EXIDX output section
arm-linux-androideabi-ld: warning: unwinding may not work because EXIDX input section 8 of built-in.o(drivers/media/rc/keymaps/rc-avermedia-a16d.o) is not in EXIDX output section
arm-linux-androideabi-ld: warning: unwinding may not work because EXIDX input section 8 of built-in.o(drivers/media/rc/keymaps/rc-avermedia.o) is not in EXIDX output section
arm-linux-androideabi-ld: warning: unwinding may not work because EXIDX input section 8 of built-in.o(drivers/media/rc/keymaps/rc-avermedia-cardbus.o) is not in EXIDX output section
arm-linux-androideabi-ld: warning: unwinding may not work because EXIDX input section 8 of built-in.o(drivers/media/rc/keymaps/rc-avermedia-dvbt.o) is not in EXIDX output section
arm-linux-androideabi-ld: warning: unwinding may not work because EXIDX input section 8 of built-in.o(drivers/media/rc/keymaps/rc-avermedia-m135a.o) is not in EXIDX output section
arm-linux-androideabi-ld: warning: unwinding may not work because EXIDX input section 8 of built-in.o(drivers/media/rc/keymaps/rc-avermedia-m733a-rm-k6.o) is not in EXIDX output section
arm-linux-androideabi-ld: warning: unwinding may not work because EXIDX input section 8 of built-in.o(drivers/media/rc/keymaps/rc-avermedia-rm-ks.o) is not in EXIDX output section
arm-linux-androideabi-ld: warning: unwinding may not work because EXIDX input section 8 of built-in.o(drivers/media/rc/keymaps/rc-avertv-303.o) is not in EXIDX output section
arm-linux-androideabi-ld: warning: unwinding may not work because EXIDX input section 8 of built-in.o(drivers/media/rc/keymaps/rc-azurewave-ad-tu700.o) is not in EXIDX output section
arm-linux-androideabi-ld: warning: unwinding may not work because EXIDX input section 8 of built-in.o(drivers/media/rc/keymaps/rc-behold.o) is not in EXIDX output section
arm-linux-androideabi-ld: warning: unwinding may not work because EXIDX input section 8 of built-in.o(drivers/media/rc/keymaps/rc-behold-columbus.o) is not in EXIDX output section
arm-linux-androideabi-ld: warning: unwinding may not work because EXIDX input section 8 of built-in.o(drivers/media/rc/keymaps/rc-budget-ci-old.o) is not in EXIDX output section
arm-linux-androideabi-ld: warning: unwinding may not work because EXIDX input section 8 of built-in.o(drivers/media/rc/keymaps/rc-cec.o) is not in EXIDX output section
arm-linux-androideabi-ld: warning: unwinding may not work because EXIDX input section 8 of built-in.o(drivers/media/rc/keymaps/rc-cinergy-1400.o) is not in EXIDX output section
arm-linux-androideabi-ld: warning: unwinding may not work because EXIDX input section 8 of built-in.o(drivers/media/rc/keymaps/rc-cinergy.o) is not in EXIDX output section
arm-linux-androideabi-ld: warning: unwinding may not work because EXIDX input section 8 of built-in.o(drivers/media/rc/keymaps/rc-d680-dmb.o) is not in EXIDX output section
arm-linux-androideabi-ld: warning: unwinding may not work because EXIDX input section 8 of built-in.o(drivers/media/rc/keymaps/rc-delock-61959.o) is not in EXIDX output section
arm-linux-androideabi-ld: warning: unwinding may not work because EXIDX input section 8 of built-in.o(drivers/media/rc/keymaps/rc-dib0700-nec.o) is not in EXIDX output section
arm-linux-androideabi-ld: warning: unwinding may not work because EXIDX input section 8 of built-in.o(drivers/media/rc/keymaps/rc-dib0700-rc5.o) is not in EXIDX output section
arm-linux-androideabi-ld: warning: unwinding may not work because EXIDX input section 8 of built-in.o(drivers/media/rc/keymaps/rc-digitalnow-tinytwin.o) is not in EXIDX output section
arm-linux-androideabi-ld: warning: unwinding may not work because EXIDX input section 8 of built-in.o(drivers/media/rc/keymaps/rc-digittrade.o) is not in EXIDX output section
arm-linux-androideabi-ld: warning: unwinding may not work because EXIDX input section 8 of built-in.o(drivers/media/rc/keymaps/rc-dm1105-nec.o) is not in EXIDX output section
arm-linux-androideabi-ld: warning: unwinding may not work because EXIDX input section 8 of built-in.o(drivers/media/rc/keymaps/rc-dntv-live-dvb-t.o) is not in EXIDX output section
arm-linux-androideabi-ld: warning: unwinding may not work because EXIDX input section 8 of built-in.o(drivers/media/rc/keymaps/rc-dntv-live-dvbt-pro.o) is not in EXIDX output section
arm-linux-androideabi-ld: warning: unwinding may not work because EXIDX input section 8 of built-in.o(drivers/media/rc/keymaps/rc-dtt200u.o) is not in EXIDX output section
arm-linux-androideabi-ld: warning: unwinding may not work because EXIDX input section 8 of built-in.o(drivers/media/rc/keymaps/rc-dvbsky.o) is not in EXIDX output section
arm-linux-androideabi-ld: warning: unwinding may not work because EXIDX input section 8 of built-in.o(drivers/media/rc/keymaps/rc-dvico-mce.o) is not in EXIDX output section
arm-linux-androideabi-ld: warning: unwinding may not work because EXIDX input section 8 of built-in.o(drivers/media/rc/keymaps/rc-dvico-portable.o) is not in EXIDX output section
arm-linux-androideabi-ld: warning: unwinding may not work because EXIDX input section 8 of built-in.o(drivers/media/rc/keymaps/rc-em-terratec.o) is not in EXIDX output section
arm-linux-androideabi-ld: warning: unwinding may not work because EXIDX input section 8 of built-in.o(drivers/media/rc/keymaps/rc-encore-enltv2.o) is not in EXIDX output section
arm-linux-androideabi-ld: warning: unwinding may not work because EXIDX input section 8 of built-in.o(drivers/media/rc/keymaps/rc-encore-enltv.o) is not in EXIDX output section
arm-linux-androideabi-ld: warning: unwinding may not work because EXIDX input section 8 of built-in.o(drivers/media/rc/keymaps/rc-encore-enltv-fm53.o) is not in EXIDX output section
arm-linux-androideabi-ld: warning: unwinding may not work because EXIDX input section 8 of built-in.o(drivers/media/rc/keymaps/rc-evga-indtube.o) is not in EXIDX output section
arm-linux-androideabi-ld: warning: unwinding may not work because EXIDX input section 8 of built-in.o(drivers/media/rc/keymaps/rc-eztv.o) is not in EXIDX output section
arm-linux-androideabi-ld: warning: unwinding may not work because EXIDX input section 8 of built-in.o(drivers/media/rc/keymaps/rc-flydvb.o) is not in EXIDX output section
arm-linux-androideabi-ld: warning: unwinding may not work because EXIDX input section 8 of built-in.o(drivers/media/rc/keymaps/rc-flyvideo.o) is not in EXIDX output section
arm-linux-androideabi-ld: warning: unwinding may not work because EXIDX input section 8 of built-in.o(drivers/media/rc/keymaps/rc-fusionhdtv-mce.o) is not in EXIDX output section
arm-linux-androideabi-ld: warning: unwinding may not work because EXIDX input section 8 of built-in.o(drivers/media/rc/keymaps/rc-gadmei-rm008z.o) is not in EXIDX output section
arm-linux-androideabi-ld: warning: unwinding may not work because EXIDX input section 8 of built-in.o(drivers/media/rc/keymaps/rc-geekbox.o) is not in EXIDX output section
arm-linux-androideabi-ld: warning: unwinding may not work because EXIDX input section 8 of built-in.o(drivers/media/rc/keymaps/rc-genius-tvgo-a11mce.o) is not in EXIDX output section
arm-linux-androideabi-ld: warning: unwinding may not work because EXIDX input section 8 of built-in.o(drivers/media/rc/keymaps/rc-gotview7135.o) is not in EXIDX output section
arm-linux-androideabi-ld: warning: unwinding may not work because EXIDX input section 8 of built-in.o(drivers/media/rc/keymaps/rc-imon-mce.o) is not in EXIDX output section
arm-linux-androideabi-ld: warning: unwinding may not work because EXIDX input section 8 of built-in.o(drivers/media/rc/keymaps/rc-imon-pad.o) is not in EXIDX output section
arm-linux-androideabi-ld: warning: unwinding may not work because EXIDX input section 8 of built-in.o(drivers/media/rc/keymaps/rc-iodata-bctv7e.o) is not in EXIDX output section
arm-linux-androideabi-ld: warning: unwinding may not work because EXIDX input section 8 of built-in.o(drivers/media/rc/keymaps/rc-it913x-v1.o) is not in EXIDX output section
arm-linux-androideabi-ld: warning: unwinding may not work because EXIDX input section 8 of built-in.o(drivers/media/rc/keymaps/rc-it913x-v2.o) is not in EXIDX output section
arm-linux-androideabi-ld: warning: unwinding may not work because EXIDX input section 8 of built-in.o(drivers/media/rc/keymaps/rc-kaiomy.o) is not in EXIDX output section
arm-linux-androideabi-ld: warning: unwinding may not work because EXIDX input section 8 of built-in.o(drivers/media/rc/keymaps/rc-kworld-315u.o) is not in EXIDX output section
arm-linux-androideabi-ld: warning: unwinding may not work because EXIDX input section 8 of built-in.o(drivers/media/rc/keymaps/rc-kworld-pc150u.o) is not in EXIDX output section
arm-linux-androideabi-ld: warning: unwinding may not work because EXIDX input section 8 of built-in.o(drivers/media/rc/keymaps/rc-kworld-plus-tv-analog.o) is not in EXIDX output section
arm-linux-androideabi-ld: warning: unwinding may not work because EXIDX input section 8 of built-in.o(drivers/media/rc/keymaps/rc-leadtek-y04g0051.o) is not in EXIDX output section
arm-linux-androideabi-ld: warning: unwinding may not work because EXIDX input section 8 of built-in.o(drivers/media/rc/keymaps/rc-lme2510.o) is not in EXIDX output section
arm-linux-androideabi-ld: warning: unwinding may not work because EXIDX input section 8 of built-in.o(drivers/media/rc/keymaps/rc-manli.o) is not in EXIDX output section
arm-linux-androideabi-ld: warning: unwinding may not work because EXIDX input section 8 of built-in.o(drivers/media/rc/keymaps/rc-medion-x10.o) is not in EXIDX output section
arm-linux-androideabi-ld: warning: unwinding may not work because EXIDX input section 8 of built-in.o(drivers/media/rc/keymaps/rc-medion-x10-digitainer.o) is not in EXIDX output section
arm-linux-androideabi-ld: warning: unwinding may not work because EXIDX input section 8 of built-in.o(drivers/media/rc/keymaps/rc-medion-x10-or2x.o) is not in EXIDX output section
arm-linux-androideabi-ld: warning: unwinding may not work because EXIDX input section 8 of built-in.o(drivers/media/rc/keymaps/rc-msi-digivox-ii.o) is not in EXIDX output section
arm-linux-androideabi-ld: warning: unwinding may not work because EXIDX input section 8 of built-in.o(drivers/media/rc/keymaps/rc-msi-digivox-iii.o) is not in EXIDX output section
arm-linux-androideabi-ld: warning: unwinding may not work because EXIDX input section 8 of built-in.o(drivers/media/rc/keymaps/rc-msi-tvanywhere.o) is not in EXIDX output section
arm-linux-androideabi-ld: warning: unwinding may not work because EXIDX input section 8 of built-in.o(drivers/media/rc/keymaps/rc-msi-tvanywhere-plus.o) is not in EXIDX output section
arm-linux-androideabi-ld: warning: unwinding may not work because EXIDX input section 8 of built-in.o(drivers/media/rc/keymaps/rc-nebula.o) is not in EXIDX output section
arm-linux-androideabi-ld: warning: unwinding may not work because EXIDX input section 8 of built-in.o(drivers/media/rc/keymaps/rc-nec-terratec-cinergy-xs.o) is not in EXIDX output section
arm-linux-androideabi-ld: warning: unwinding may not work because EXIDX input section 8 of built-in.o(drivers/media/rc/keymaps/rc-norwood.o) is not in EXIDX output section
arm-linux-androideabi-ld: warning: unwinding may not work because EXIDX input section 8 of built-in.o(drivers/media/rc/keymaps/rc-npgtech.o) is not in EXIDX output section
arm-linux-androideabi-ld: warning: unwinding may not work because EXIDX input section 8 of built-in.o(drivers/media/rc/keymaps/rc-pctv-sedna.o) is not in EXIDX output section
arm-linux-androideabi-ld: warning: unwinding may not work because EXIDX input section 8 of built-in.o(drivers/media/rc/keymaps/rc-pinnacle-color.o) is not in EXIDX output section
arm-linux-androideabi-ld: warning: unwinding may not work because EXIDX input section 8 of built-in.o(drivers/media/rc/keymaps/rc-pinnacle-grey.o) is not in EXIDX output section
arm-linux-androideabi-ld: warning: unwinding may not work because EXIDX input section 8 of built-in.o(drivers/media/rc/keymaps/rc-pinnacle-pctv-hd.o) is not in EXIDX output section
arm-linux-androideabi-ld: warning: unwinding may not work because EXIDX input section 8 of built-in.o(drivers/media/rc/keymaps/rc-pixelview.o) is not in EXIDX output section
arm-linux-androideabi-ld: warning: unwinding may not work because EXIDX input section 8 of built-in.o(drivers/media/rc/keymaps/rc-pixelview-mk12.o) is not in EXIDX output section
arm-linux-androideabi-ld: warning: unwinding may not work because EXIDX input section 8 of built-in.o(drivers/media/rc/keymaps/rc-pixelview-002t.o) is not in EXIDX output section
arm-linux-androideabi-ld: warning: unwinding may not work because EXIDX input section 8 of built-in.o(drivers/media/rc/keymaps/rc-pixelview-new.o) is not in EXIDX output section
arm-linux-androideabi-ld: warning: unwinding may not work because EXIDX input section 8 of built-in.o(drivers/media/rc/keymaps/rc-powercolor-real-angel.o) is not in EXIDX output section
arm-linux-androideabi-ld: warning: unwinding may not work because EXIDX input section 8 of built-in.o(drivers/media/rc/keymaps/rc-proteus-2309.o) is not in EXIDX output section
arm-linux-androideabi-ld: warning: unwinding may not work because EXIDX input section 8 of built-in.o(drivers/media/rc/keymaps/rc-purpletv.o) is not in EXIDX output section
arm-linux-androideabi-ld: warning: unwinding may not work because EXIDX input section 8 of built-in.o(drivers/media/rc/keymaps/rc-pv951.o) is not in EXIDX output section
arm-linux-androideabi-ld: warning: unwinding may not work because EXIDX input section 8 of built-in.o(drivers/media/rc/keymaps/rc-hauppauge.o) is not in EXIDX output section
arm-linux-androideabi-ld: warning: unwinding may not work because EXIDX input section 8 of built-in.o(drivers/media/rc/keymaps/rc-rc6-mce.o) is not in EXIDX output section
arm-linux-androideabi-ld: warning: unwinding may not work because EXIDX input section 8 of built-in.o(drivers/media/rc/keymaps/rc-real-audio-220-32-keys.o) is not in EXIDX output section
arm-linux-androideabi-ld: warning: unwinding may not work because EXIDX input section 8 of built-in.o(drivers/media/rc/keymaps/rc-reddo.o) is not in EXIDX output section
arm-linux-androideabi-ld: warning: unwinding may not work because EXIDX input section 8 of built-in.o(drivers/media/rc/keymaps/rc-snapstream-firefly.o) is not in EXIDX output section
arm-linux-androideabi-ld: warning: unwinding may not work because EXIDX input section 8 of built-in.o(drivers/media/rc/keymaps/rc-streamzap.o) is not in EXIDX output section
arm-linux-androideabi-ld: warning: unwinding may not work because EXIDX input section 8 of built-in.o(drivers/media/rc/keymaps/rc-tbs-nec.o) is not in EXIDX output section
arm-linux-androideabi-ld: warning: unwinding may not work because EXIDX input section 8 of built-in.o(drivers/media/rc/keymaps/rc-technisat-ts35.o) is not in EXIDX output section
arm-linux-androideabi-ld: warning: unwinding may not work because EXIDX input section 8 of built-in.o(drivers/media/rc/keymaps/rc-technisat-usb2.o) is not in EXIDX output section
arm-linux-androideabi-ld: warning: unwinding may not work because EXIDX input section 8 of built-in.o(drivers/media/rc/keymaps/rc-terratec-cinergy-c-pci.o) is not in EXIDX output section
arm-linux-androideabi-ld: warning: unwinding may not work because EXIDX input section 8 of built-in.o(drivers/media/rc/keymaps/rc-terratec-cinergy-s2-hd.o) is not in EXIDX output section
arm-linux-androideabi-ld: warning: unwinding may not work because EXIDX input section 8 of built-in.o(drivers/media/rc/keymaps/rc-terratec-cinergy-xs.o) is not in EXIDX output section
arm-linux-androideabi-ld: warning: unwinding may not work because EXIDX input section 8 of built-in.o(drivers/media/rc/keymaps/rc-terratec-slim.o) is not in EXIDX output section
arm-linux-androideabi-ld: warning: unwinding may not work because EXIDX input section 8 of built-in.o(drivers/media/rc/keymaps/rc-terratec-slim-2.o) is not in EXIDX output section
arm-linux-androideabi-ld: warning: unwinding may not work because EXIDX input section 8 of built-in.o(drivers/media/rc/keymaps/rc-tevii-nec.o) is not in EXIDX output section
arm-linux-androideabi-ld: warning: unwinding may not work because EXIDX input section 8 of built-in.o(drivers/media/rc/keymaps/rc-tivo.o) is not in EXIDX output section
arm-linux-androideabi-ld: warning: unwinding may not work because EXIDX input section 8 of built-in.o(drivers/media/rc/keymaps/rc-total-media-in-hand.o) is not in EXIDX output section
arm-linux-androideabi-ld: warning: unwinding may not work because EXIDX input section 8 of built-in.o(drivers/media/rc/keymaps/rc-total-media-in-hand-02.o) is not in EXIDX output section
arm-linux-androideabi-ld: warning: unwinding may not work because EXIDX input section 8 of built-in.o(drivers/media/rc/keymaps/rc-trekstor.o) is not in EXIDX output section
arm-linux-androideabi-ld: warning: unwinding may not work because EXIDX input section 8 of built-in.o(drivers/media/rc/keymaps/rc-tt-1500.o) is not in EXIDX output section
arm-linux-androideabi-ld: warning: unwinding may not work because EXIDX input section 8 of built-in.o(drivers/media/rc/keymaps/rc-twinhan-dtv-cab-ci.o) is not in EXIDX output section
arm-linux-androideabi-ld: warning: unwinding may not work because EXIDX input section 8 of built-in.o(drivers/media/rc/keymaps/rc-twinhan1027.o) is not in EXIDX output section
arm-linux-androideabi-ld: warning: unwinding may not work because EXIDX input section 8 of built-in.o(drivers/media/rc/keymaps/rc-videomate-m1f.o) is not in EXIDX output section
arm-linux-androideabi-ld: warning: unwinding may not work because EXIDX input section 8 of built-in.o(drivers/media/rc/keymaps/rc-videomate-s350.o) is not in EXIDX output section
arm-linux-androideabi-ld: warning: unwinding may not work because EXIDX input section 8 of built-in.o(drivers/media/rc/keymaps/rc-videomate-tv-pvr.o) is not in EXIDX output section
arm-linux-androideabi-ld: warning: unwinding may not work because EXIDX input section 8 of built-in.o(drivers/media/rc/keymaps/rc-winfast.o) is not in EXIDX output section
arm-linux-androideabi-ld: warning: unwinding may not work because EXIDX input section 8 of built-in.o(drivers/media/rc/keymaps/rc-winfast-usbii-deluxe.o) is not in EXIDX output section
arm-linux-androideabi-ld: warning: unwinding may not work because EXIDX input section 8 of built-in.o(drivers/media/rc/keymaps/rc-su3000.o) is not in EXIDX output section
arm-linux-androideabi-ld: warning: unwinding may not work because EXIDX input section 8 of built-in.o(drivers/media/rc/keymaps/rc-zx-irdec.o) is not in EXIDX output section
arm-linux-androideabi-ld: warning: unwinding may not work because EXIDX input section 25 of built-in.o(drivers/media/rc/rc-main.o) is not in EXIDX output section
arm-linux-androideabi-ld: warning: unwinding may not work because EXIDX input section 9 of built-in.o(drivers/media/rc/ir-nec-decoder.o) is not in EXIDX output section
arm-linux-androideabi-ld: warning: unwinding may not work because EXIDX input section 9 of built-in.o(drivers/media/rc/ir-rc5-decoder.o) is not in EXIDX output section
arm-linux-androideabi-ld: warning: unwinding may not work because EXIDX input section 9 of built-in.o(drivers/media/rc/ir-rc6-decoder.o) is not in EXIDX output section
arm-linux-androideabi-ld: warning: unwinding may not work because EXIDX input section 9 of built-in.o(drivers/media/rc/ir-jvc-decoder.o) is not in EXIDX output section
arm-linux-androideabi-ld: warning: unwinding may not work because EXIDX input section 9 of built-in.o(drivers/media/rc/ir-sony-decoder.o) is not in EXIDX output section
arm-linux-androideabi-ld: warning: unwinding may not work because EXIDX input section 9 of built-in.o(drivers/media/rc/ir-sanyo-decoder.o) is not in EXIDX output section
arm-linux-androideabi-ld: warning: unwinding may not work because EXIDX input section 9 of built-in.o(drivers/media/rc/ir-sharp-decoder.o) is not in EXIDX output section
arm-linux-androideabi-ld: warning: unwinding may not work because EXIDX input section 9 of built-in.o(drivers/media/rc/ir-mce_kbd-decoder.o) is not in EXIDX output section
arm-linux-androideabi-ld: warning: unwinding may not work because EXIDX input section 9 of built-in.o(drivers/media/rc/ir-xmp-decoder.o) is not in EXIDX output section
arm-linux-androideabi-ld: warning: unwinding may not work because EXIDX input section 14 of built-in.o(drivers/media/usb/uvc/uvc_driver.o) is not in EXIDX output section
arm-linux-androideabi-ld: warning: unwinding may not work because EXIDX input section 34 of built-in.o(drivers/power/supply/power_supply_core.o) is not in EXIDX output section
arm-linux-androideabi-ld: warning: unwinding may not work because EXIDX input section 17 of built-in.o(drivers/power/supply/mediatek/misc/mtk_gauge_time_service.o) is not in EXIDX output section
arm-linux-androideabi-ld: warning: unwinding may not work because EXIDX input section 15 of built-in.o(drivers/hwmon/hwmon.o) is not in EXIDX output section
arm-linux-androideabi-ld: warning: unwinding may not work because EXIDX input section 23 of built-in.o(drivers/thermal/thermal_core.o) is not in EXIDX output section
arm-linux-androideabi-ld: warning: unwinding may not work because EXIDX input section 9 of built-in.o(drivers/thermal/backward_compatible.o) is not in EXIDX output section
arm-linux-androideabi-ld: warning: unwinding may not work because EXIDX input section 13 of built-in.o(drivers/watchdog/watchdog_core.o) is not in EXIDX output section
arm-linux-androideabi-ld: warning: unwinding may not work because EXIDX input section 17 of built-in.o(drivers/watchdog/watchdog_dev.o) is not in EXIDX output section
arm-linux-androideabi-ld: warning: unwinding may not work because EXIDX input section 14 of built-in.o(drivers/watchdog/softdog.o) is not in EXIDX output section
arm-linux-androideabi-ld: warning: unwinding may not work because EXIDX input section 12 of built-in.o(drivers/watchdog/mediatek/wdk/wd_common_drv.o) is not in EXIDX output section
arm-linux-androideabi-ld: warning: unwinding may not work because EXIDX input section 9 of built-in.o(drivers/watchdog/mediatek/wdt/common/wdt_v2/mtk_wdt_v2.o) is not in EXIDX output section
arm-linux-androideabi-ld: warning: unwinding may not work because EXIDX input section 27 of built-in.o(drivers/md/dm.o) is not in EXIDX output section
arm-linux-androideabi-ld: warning: unwinding may not work because EXIDX input section 31 of built-in.o(drivers/md/dm-bufio.o) is not in EXIDX output section
arm-linux-androideabi-ld: warning: unwinding may not work because EXIDX input section 9 of built-in.o(drivers/md/dm-crypt.o) is not in EXIDX output section
arm-linux-androideabi-ld: warning: unwinding may not work because EXIDX input section 10 of built-in.o(drivers/md/dm-snap.o) is not in EXIDX output section
arm-linux-androideabi-ld: warning: unwinding may not work because EXIDX input section 12 of built-in.o(drivers/md/dm-verity-target.o) is not in EXIDX output section
arm-linux-androideabi-ld: warning: unwinding may not work because EXIDX input section 12 of built-in.o(drivers/md/alta_bigdata.o) is not in EXIDX output section
arm-linux-androideabi-ld: warning: unwinding may not work because EXIDX input section 12 of built-in.o(drivers/cpufreq/cpufreq_limit_mt6739.o) is not in EXIDX output section
arm-linux-androideabi-ld: warning: unwinding may not work because EXIDX input section 9 of built-in.o(drivers/cpufreq/cpufreq_performance.o) is not in EXIDX output section
arm-linux-androideabi-ld: warning: unwinding may not work because EXIDX input section 19 of built-in.o(drivers/cpufreq/cpufreq_interactive.o) is not in EXIDX output section
arm-linux-androideabi-ld: warning: unwinding may not work because EXIDX input section 48 of built-in.o(drivers/mmc/core/core.o) is not in EXIDX output section
arm-linux-androideabi-ld: warning: unwinding may not work because EXIDX input section 14 of built-in.o(drivers/mmc/core/pwrseq_simple.o) is not in EXIDX output section
arm-linux-androideabi-ld: warning: unwinding may not work because EXIDX input section 14 of built-in.o(drivers/mmc/core/pwrseq_emmc.o) is not in EXIDX output section
arm-linux-androideabi-ld: warning: unwinding may not work because EXIDX input section 14 of built-in.o(drivers/mmc/core/block.o) is not in EXIDX output section
arm-linux-androideabi-ld: warning: unwinding may not work because EXIDX input section 10 of built-in.o(drivers/mmc/host/mediatek/ComboA/sd.o) is not in EXIDX output section
arm-linux-androideabi-ld: warning: unwinding may not work because EXIDX input section 12 of built-in.o(drivers/mmc/host/mediatek/ComboA/mtk_sd_misc.o) is not in EXIDX output section
arm-linux-androideabi-ld: warning: unwinding may not work because EXIDX input section 14 of built-in.o(drivers/leds/led-class.o) is not in EXIDX output section
arm-linux-androideabi-ld: warning: unwinding may not work because EXIDX input section 16 of built-in.o(drivers/leds/leds-s2mu005.o) is not in EXIDX output section
arm-linux-androideabi-ld: warning: unwinding may not work because EXIDX input section 9 of built-in.o(drivers/leds/trigger/ledtrig-timer.o) is not in EXIDX output section
arm-linux-androideabi-ld: warning: unwinding may not work because EXIDX input section 35 of built-in.o(drivers/hid/hid-core.o) is not in EXIDX output section
arm-linux-androideabi-ld: warning: unwinding may not work because EXIDX input section 9 of built-in.o(drivers/hid/uhid.o) is not in EXIDX output section
arm-linux-androideabi-ld: warning: unwinding may not work because EXIDX input section 13 of built-in.o(drivers/hid/hid-generic.o) is not in EXIDX output section
arm-linux-androideabi-ld: warning: unwinding may not work because EXIDX input section 14 of built-in.o(drivers/hid/hid-a4tech.o) is not in EXIDX output section
arm-linux-androideabi-ld: warning: unwinding may not work because EXIDX input section 14 of built-in.o(drivers/hid/hid-axff.o) is not in EXIDX output section
arm-linux-androideabi-ld: warning: unwinding may not work because EXIDX input section 14 of built-in.o(drivers/hid/hid-apple.o) is not in EXIDX output section
arm-linux-androideabi-ld: warning: unwinding may not work because EXIDX input section 14 of built-in.o(drivers/hid/hid-belkin.o) is not in EXIDX output section
arm-linux-androideabi-ld: warning: unwinding may not work because EXIDX input section 14 of built-in.o(drivers/hid/hid-cherry.o) is not in EXIDX output section
arm-linux-androideabi-ld: warning: unwinding may not work because EXIDX input section 14 of built-in.o(drivers/hid/hid-chicony.o) is not in EXIDX output section
arm-linux-androideabi-ld: warning: unwinding may not work because EXIDX input section 14 of built-in.o(drivers/hid/hid-cypress.o) is not in EXIDX output section
arm-linux-androideabi-ld: warning: unwinding may not work because EXIDX input section 14 of built-in.o(drivers/hid/hid-dr.o) is not in EXIDX output section
arm-linux-androideabi-ld: warning: unwinding may not work because EXIDX input section 14 of built-in.o(drivers/hid/hid-emsff.o) is not in EXIDX output section
arm-linux-androideabi-ld: warning: unwinding may not work because EXIDX input section 14 of built-in.o(drivers/hid/hid-elecom.o) is not in EXIDX output section
arm-linux-androideabi-ld: warning: unwinding may not work because EXIDX input section 14 of built-in.o(drivers/hid/hid-ezkey.o) is not in EXIDX output section
arm-linux-androideabi-ld: warning: unwinding may not work because EXIDX input section 14 of built-in.o(drivers/hid/hid-gyration.o) is not in EXIDX output section
arm-linux-androideabi-ld: warning: unwinding may not work because EXIDX input section 14 of built-in.o(drivers/hid/hid-holtek-kbd.o) is not in EXIDX output section
arm-linux-androideabi-ld: warning: unwinding may not work because EXIDX input section 14 of built-in.o(drivers/hid/hid-holtek-mouse.o) is not in EXIDX output section
arm-linux-androideabi-ld: warning: unwinding may not work because EXIDX input section 14 of built-in.o(drivers/hid/hid-holtekff.o) is not in EXIDX output section
arm-linux-androideabi-ld: warning: unwinding may not work because EXIDX input section 14 of built-in.o(drivers/hid/hid-kensington.o) is not in EXIDX output section
arm-linux-androideabi-ld: warning: unwinding may not work because EXIDX input section 14 of built-in.o(drivers/hid/hid-keytouch.o) is not in EXIDX output section
arm-linux-androideabi-ld: warning: unwinding may not work because EXIDX input section 14 of built-in.o(drivers/hid/hid-kye.o) is not in EXIDX output section
arm-linux-androideabi-ld: warning: unwinding may not work because EXIDX input section 14 of built-in.o(drivers/hid/hid-lcpower.o) is not in EXIDX output section
arm-linux-androideabi-ld: warning: unwinding may not work because EXIDX input section 14 of built-in.o(drivers/hid/hid-lg.o) is not in EXIDX output section
arm-linux-androideabi-ld: warning: unwinding may not work because EXIDX input section 14 of built-in.o(drivers/hid/hid-logitech-dj.o) is not in EXIDX output section
arm-linux-androideabi-ld: warning: unwinding may not work because EXIDX input section 14 of built-in.o(drivers/hid/hid-logitech-hidpp.o) is not in EXIDX output section
arm-linux-androideabi-ld: warning: unwinding may not work because EXIDX input section 14 of built-in.o(drivers/hid/hid-magicmouse.o) is not in EXIDX output section
arm-linux-androideabi-ld: warning: unwinding may not work because EXIDX input section 14 of built-in.o(drivers/hid/hid-microsoft.o) is not in EXIDX output section
arm-linux-androideabi-ld: warning: unwinding may not work because EXIDX input section 14 of built-in.o(drivers/hid/hid-monterey.o) is not in EXIDX output section
arm-linux-androideabi-ld: warning: unwinding may not work because EXIDX input section 14 of built-in.o(drivers/hid/hid-multitouch.o) is not in EXIDX output section
arm-linux-androideabi-ld: warning: unwinding may not work because EXIDX input section 14 of built-in.o(drivers/hid/hid-nintendo.o) is not in EXIDX output section
arm-linux-androideabi-ld: warning: unwinding may not work because EXIDX input section 14 of built-in.o(drivers/hid/hid-ntrig.o) is not in EXIDX output section
arm-linux-androideabi-ld: warning: unwinding may not work because EXIDX input section 14 of built-in.o(drivers/hid/hid-ortek.o) is not in EXIDX output section
arm-linux-androideabi-ld: warning: unwinding may not work because EXIDX input section 14 of built-in.o(drivers/hid/hid-prodikeys.o) is not in EXIDX output section
arm-linux-androideabi-ld: warning: unwinding may not work because EXIDX input section 14 of built-in.o(drivers/hid/hid-pl.o) is not in EXIDX output section
arm-linux-androideabi-ld: warning: unwinding may not work because EXIDX input section 14 of built-in.o(drivers/hid/hid-petalynx.o) is not in EXIDX output section
arm-linux-androideabi-ld: warning: unwinding may not work because EXIDX input section 17 of built-in.o(drivers/hid/hid-picolcd_core.o) is not in EXIDX output section
arm-linux-androideabi-ld: warning: unwinding may not work because EXIDX input section 14 of built-in.o(drivers/hid/hid-plantronics.o) is not in EXIDX output section
arm-linux-androideabi-ld: warning: unwinding may not work because EXIDX input section 14 of built-in.o(drivers/hid/hid-primax.o) is not in EXIDX output section
arm-linux-androideabi-ld: warning: unwinding may not work because EXIDX input section 11 of built-in.o(drivers/hid/hid-roccat.o) is not in EXIDX output section
arm-linux-androideabi-ld: warning: unwinding may not work because EXIDX input section 9 of built-in.o(drivers/hid/hid-roccat-arvo.o) is not in EXIDX output section
arm-linux-androideabi-ld: warning: unwinding may not work because EXIDX input section 9 of built-in.o(drivers/hid/hid-roccat-isku.o) is not in EXIDX output section
arm-linux-androideabi-ld: warning: unwinding may not work because EXIDX input section 9 of built-in.o(drivers/hid/hid-roccat-kone.o) is not in EXIDX output section
arm-linux-androideabi-ld: warning: unwinding may not work because EXIDX input section 9 of built-in.o(drivers/hid/hid-roccat-koneplus.o) is not in EXIDX output section
arm-linux-androideabi-ld: warning: unwinding may not work because EXIDX input section 9 of built-in.o(drivers/hid/hid-roccat-konepure.o) is not in EXIDX output section
arm-linux-androideabi-ld: warning: unwinding may not work because EXIDX input section 9 of built-in.o(drivers/hid/hid-roccat-kovaplus.o) is not in EXIDX output section
arm-linux-androideabi-ld: warning: unwinding may not work because EXIDX input section 14 of built-in.o(drivers/hid/hid-roccat-lua.o) is not in EXIDX output section
arm-linux-androideabi-ld: warning: unwinding may not work because EXIDX input section 9 of built-in.o(drivers/hid/hid-roccat-pyra.o) is not in EXIDX output section
arm-linux-androideabi-ld: warning: unwinding may not work because EXIDX input section 9 of built-in.o(drivers/hid/hid-roccat-ryos.o) is not in EXIDX output section
arm-linux-androideabi-ld: warning: unwinding may not work because EXIDX input section 9 of built-in.o(drivers/hid/hid-roccat-savu.o) is not in EXIDX output section
arm-linux-androideabi-ld: warning: unwinding may not work because EXIDX input section 14 of built-in.o(drivers/hid/hid-saitek.o) is not in EXIDX output section
arm-linux-androideabi-ld: warning: unwinding may not work because EXIDX input section 14 of built-in.o(drivers/hid/hid-samsung.o) is not in EXIDX output section
arm-linux-androideabi-ld: warning: unwinding may not work because EXIDX input section 14 of built-in.o(drivers/hid/hid-sjoy.o) is not in EXIDX output section
arm-linux-androideabi-ld: warning: unwinding may not work because EXIDX input section 9 of built-in.o(drivers/hid/hid-sony.o) is not in EXIDX output section
arm-linux-androideabi-ld: warning: unwinding may not work because EXIDX input section 13 of built-in.o(drivers/hid/hid-speedlink.o) is not in EXIDX output section
arm-linux-androideabi-ld: warning: unwinding may not work because EXIDX input section 14 of built-in.o(drivers/hid/hid-sunplus.o) is not in EXIDX output section
arm-linux-androideabi-ld: warning: unwinding may not work because EXIDX input section 14 of built-in.o(drivers/hid/hid-gaff.o) is not in EXIDX output section
arm-linux-androideabi-ld: warning: unwinding may not work because EXIDX input section 14 of built-in.o(drivers/hid/hid-tmff.o) is not in EXIDX output section
arm-linux-androideabi-ld: warning: unwinding may not work because EXIDX input section 14 of built-in.o(drivers/hid/hid-tivo.o) is not in EXIDX output section
arm-linux-androideabi-ld: warning: unwinding may not work because EXIDX input section 14 of built-in.o(drivers/hid/hid-topseed.o) is not in EXIDX output section
arm-linux-androideabi-ld: warning: unwinding may not work because EXIDX input section 14 of built-in.o(drivers/hid/hid-twinhan.o) is not in EXIDX output section
arm-linux-androideabi-ld: warning: unwinding may not work because EXIDX input section 14 of built-in.o(drivers/hid/hid-uclogic.o) is not in EXIDX output section
arm-linux-androideabi-ld: warning: unwinding may not work because EXIDX input section 14 of built-in.o(drivers/hid/hid-zpff.o) is not in EXIDX output section
arm-linux-androideabi-ld: warning: unwinding may not work because EXIDX input section 14 of built-in.o(drivers/hid/hid-zydacron.o) is not in EXIDX output section
arm-linux-androideabi-ld: warning: unwinding may not work because EXIDX input section 17 of built-in.o(drivers/hid/wacom_sys.o) is not in EXIDX output section
arm-linux-androideabi-ld: warning: unwinding may not work because EXIDX input section 14 of built-in.o(drivers/hid/hid-waltop.o) is not in EXIDX output section
arm-linux-androideabi-ld: warning: unwinding may not work because EXIDX input section 17 of built-in.o(drivers/hid/hid-wiimote-core.o) is not in EXIDX output section
arm-linux-androideabi-ld: warning: unwinding may not work because EXIDX input section 9 of built-in.o(drivers/hid/usbhid/hid-core.o) is not in EXIDX output section
arm-linux-androideabi-ld: warning: unwinding may not work because EXIDX input section 13 of built-in.o(drivers/staging/android/ion/mtk/ion_drv.o) is not in EXIDX output section
arm-linux-androideabi-ld: warning: unwinding may not work because EXIDX input section 12 of built-in.o(drivers/staging/android/alarm-dev.o) is not in EXIDX output section
arm-linux-androideabi-ld: warning: unwinding may not work because EXIDX input section 8 of built-in.o(drivers/staging/android/lmkd_debug.o) is not in EXIDX output section
arm-linux-androideabi-ld: warning: unwinding may not work because EXIDX input section 30 of built-in.o(drivers/extcon/extcon.o) is not in EXIDX output section
arm-linux-androideabi-ld: warning: unwinding may not work because EXIDX input section 30 of built-in.o(drivers/iio/industrialio-core.o) is not in EXIDX output section
arm-linux-androideabi-ld: warning: unwinding may not work because EXIDX input section 27 of built-in.o(drivers/nvmem/core.o) is not in EXIDX output section
arm-linux-androideabi-ld: warning: unwinding may not work because EXIDX input section 12 of built-in.o(drivers/samsung/sec_param.o) is not in EXIDX output section
arm-linux-androideabi-ld: warning: unwinding may not work because EXIDX input section 12 of built-in.o(drivers/samsung/sec_key_notifier.o) is not in EXIDX output section
arm-linux-androideabi-ld: warning: unwinding may not work because EXIDX input section 12 of built-in.o(drivers/switch/switch_class.o) is not in EXIDX output section
arm-linux-androideabi-ld: warning: unwinding may not work because EXIDX input section 9 of built-in.o(drivers/sensors/isg5320a_a02.o) is not in EXIDX output section
arm-linux-androideabi-ld: warning: unwinding may not work because EXIDX input section 9 of built-in.o(drivers/sensors/isg5320a_sub_a02.o) is not in EXIDX output section
arm-linux-androideabi-ld: warning: unwinding may not work because EXIDX input section 12 of built-in.o(drivers/sensors/sensors_core.o) is not in EXIDX output section
arm-linux-androideabi-ld: warning: unwinding may not work because EXIDX input section 14 of built-in.o(drivers/sensors/lis2ds_i2c_a02.o) is not in EXIDX output section
arm-linux-androideabi-ld: warning: unwinding may not work because EXIDX input section 12 of built-in.o(drivers/battery/charger/s2mu005_charger/s2mu005_charger.o) is not in EXIDX output section
arm-linux-androideabi-ld: warning: unwinding may not work because EXIDX input section 11 of built-in.o(drivers/sti/abc/abc_common.o) is not in EXIDX output section
arm-linux-androideabi-ld: warning: unwinding may not work because EXIDX input section 10 of built-in.o(drivers/sti/abc/abc_hub_core.o) is not in EXIDX output section
arm-linux-androideabi-ld: warning: unwinding may not work because EXIDX input section 17 of built-in.o(drivers/muic/slsi/s2mu005/s2mu005-muic.o) is not in EXIDX output section
arm-linux-androideabi-ld: warning: unwinding may not work because EXIDX input section 12 of built-in.o(drivers/input/input_boost/evdev_booster.o) is not in EXIDX output section
arm-linux-androideabi-ld: warning: unwinding may not work because EXIDX input section 17 of built-in.o(drivers/hwmon/sec_thermistor/sec_thermistor.o) is not in EXIDX output section
arm-linux-androideabi-ld: warning: unwinding may not work because EXIDX input section 18 of built-in.o(drivers/mfd/slsi/s2mu005/s2mu005_core.o) is not in EXIDX output section
arm-linux-androideabi-ld: warning: unwinding may not work because EXIDX input section 12 of built-in.o(drivers/battery/fuelgauge/s2mu005_fuelgauge/s2mu005_fuelgauge.o) is not in EXIDX output section
arm-linux-androideabi-ld: warning: unwinding may not work because EXIDX input section 17 of built-in.o(drivers/battery/common/sec_battery.o) is not in EXIDX output section
arm-linux-androideabi-ld: warning: unwinding may not work because EXIDX input section 14 of built-in.o(drivers/vibrator/dc/dc_vibrator.o) is not in EXIDX output section
arm-linux-androideabi-ld: warning: unwinding may not work because EXIDX input section 7 of built-in.o(sound/sound_core.o) is not in EXIDX output section
arm-linux-androideabi-ld: warning: unwinding may not work because EXIDX input section 17 of built-in.o(sound/core/sound.o) is not in EXIDX output section
arm-linux-androideabi-ld: warning: unwinding may not work because EXIDX input section 18 of built-in.o(sound/core/info.o) is not in EXIDX output section
arm-linux-androideabi-ld: warning: unwinding may not work because EXIDX input section 9 of built-in.o(sound/core/hwdep.o) is not in EXIDX output section
arm-linux-androideabi-ld: warning: unwinding may not work because EXIDX input section 21 of built-in.o(sound/core/timer.o) is not in EXIDX output section
arm-linux-androideabi-ld: warning: unwinding may not work because EXIDX input section 8 of built-in.o(sound/core/hrtimer.o) is not in EXIDX output section
arm-linux-androideabi-ld: warning: unwinding may not work because EXIDX input section 13 of built-in.o(sound/core/pcm.o) is not in EXIDX output section
arm-linux-androideabi-ld: warning: unwinding may not work because EXIDX input section 15 of built-in.o(sound/core/seq_device.o) is not in EXIDX output section
arm-linux-androideabi-ld: warning: unwinding may not work because EXIDX input section 27 of built-in.o(sound/core/rawmidi.o) is not in EXIDX output section
arm-linux-androideabi-ld: warning: unwinding may not work because EXIDX input section 7 of built-in.o(sound/core/seq/seq.o) is not in EXIDX output section
arm-linux-androideabi-ld: warning: unwinding may not work because EXIDX input section 20 of built-in.o(sound/core/seq/seq_clientmgr.o) is not in EXIDX output section
arm-linux-androideabi-ld: warning: unwinding may not work because EXIDX input section 14 of built-in.o(sound/core/seq/seq_memory.o) is not in EXIDX output section
arm-linux-androideabi-ld: warning: unwinding may not work because EXIDX input section 15 of built-in.o(sound/core/seq/seq_queue.o) is not in EXIDX output section
arm-linux-androideabi-ld: warning: unwinding may not work because EXIDX input section 12 of built-in.o(sound/core/seq/seq_info.o) is not in EXIDX output section
arm-linux-androideabi-ld: warning: unwinding may not work because EXIDX input section 8 of built-in.o(sound/core/seq/seq_dummy.o) is not in EXIDX output section
arm-linux-androideabi-ld: warning: unwinding may not work because EXIDX input section 14 of built-in.o(sound/core/seq/seq_midi.o) is not in EXIDX output section
arm-linux-androideabi-ld: warning: unwinding may not work because EXIDX input section 16 of built-in.o(sound/core/seq/seq_midi_event.o) is not in EXIDX output section
arm-linux-androideabi-ld: warning: unwinding may not work because EXIDX input section 19 of built-in.o(sound/usb/card.o) is not in EXIDX output section
arm-linux-androideabi-ld: warning: unwinding may not work because EXIDX input section 66 of built-in.o(sound/soc/soc-core.o) is not in EXIDX output section
arm-linux-androideabi-ld: warning: unwinding may not work because EXIDX input section 24 of built-in.o(sound/soc/soc-utils.o) is not in EXIDX output section
arm-linux-androideabi-ld: warning: unwinding may not work because EXIDX input section 17 of built-in.o(sound/soc/mediatek/common/mtk-btcvsd.o) is not in EXIDX output section
arm-linux-androideabi-ld: warning: unwinding may not work because EXIDX input section 12 of built-in.o(sound/soc/mediatek/codec/mt6357/mtk-soc-codec-6357.o) is not in EXIDX output section
arm-linux-androideabi-ld: warning: unwinding may not work because EXIDX input section 13 of built-in.o(sound/soc/mediatek/common_int/mtk-soc-speaker-amp.o) is not in EXIDX output section
arm-linux-androideabi-ld: warning: unwinding may not work because EXIDX input section 14 of built-in.o(sound/soc/mediatek/common_int/mtk-soc-pcm-capture.o) is not in EXIDX output section
arm-linux-androideabi-ld: warning: unwinding may not work because EXIDX input section 14 of built-in.o(sound/soc/mediatek/common_int/mtk-soc-pcm-dl1.o) is not in EXIDX output section
arm-linux-androideabi-ld: warning: unwinding may not work because EXIDX input section 14 of built-in.o(sound/soc/mediatek/common_int/mtk-soc-pcm-dummy.o) is not in EXIDX output section
arm-linux-androideabi-ld: warning: unwinding may not work because EXIDX input section 17 of built-in.o(sound/soc/mediatek/common_int/mtk-soc-pcm-routing.o) is not in EXIDX output section
arm-linux-androideabi-ld: warning: unwinding may not work because EXIDX input section 14 of built-in.o(sound/soc/mediatek/common_int/mtk-soc-pcm-capture2.o) is not in EXIDX output section
arm-linux-androideabi-ld: warning: unwinding may not work because EXIDX input section 9 of built-in.o(sound/soc/mediatek/common_int/mtk-soc-pcm-i2s2-adc2.o) is not in EXIDX output section
arm-linux-androideabi-ld: warning: unwinding may not work because EXIDX input section 12 of built-in.o(sound/soc/mediatek/common_int/mtk-soc-pcm-voice-md1.o) is not in EXIDX output section
arm-linux-androideabi-ld: warning: unwinding may not work because EXIDX input section 12 of built-in.o(sound/soc/mediatek/common_int/mtk-soc-pcm-voice-md2.o) is not in EXIDX output section
arm-linux-androideabi-ld: warning: unwinding may not work because EXIDX input section 12 of built-in.o(sound/soc/mediatek/common_int/mtk-soc-pcm-voice-md1-bt.o) is not in EXIDX output section
arm-linux-androideabi-ld: warning: unwinding may not work because EXIDX input section 12 of built-in.o(sound/soc/mediatek/common_int/mtk-soc-pcm-voice-md2-bt.o) is not in EXIDX output section
arm-linux-androideabi-ld: warning: unwinding may not work because EXIDX input section 12 of built-in.o(sound/soc/mediatek/common_int/mtk-soc-pcm-voice-usb.o) is not in EXIDX output section
arm-linux-androideabi-ld: warning: unwinding may not work because EXIDX input section 14 of built-in.o(sound/soc/mediatek/common_int/mtk-soc-pcm-voice-usb-echoref.o) is not in EXIDX output section
arm-linux-androideabi-ld: warning: unwinding may not work because EXIDX input section 14 of built-in.o(sound/soc/mediatek/common_int/mtk-soc-pcm-dl1-i2s0.o) is not in EXIDX output section
arm-linux-androideabi-ld: warning: unwinding may not work because EXIDX input section 17 of built-in.o(sound/soc/mediatek/common_int/mtk-soc-pcm-dl1-i2s0Dl1.o) is not in EXIDX output section
arm-linux-androideabi-ld: warning: unwinding may not work because EXIDX input section 9 of built-in.o(sound/soc/mediatek/common_int/mtk-soc-pcm-i2s0-awb.o) is not in EXIDX output section
arm-linux-androideabi-ld: warning: unwinding may not work because EXIDX input section 14 of built-in.o(sound/soc/mediatek/common_int/mtk-soc-pcm-uldlloopback.o) is not in EXIDX output section
arm-linux-androideabi-ld: warning: unwinding may not work because EXIDX input section 17 of built-in.o(sound/soc/mediatek/common_int/mtk-soc-pcm-dl2.o) is not in EXIDX output section
arm-linux-androideabi-ld: warning: unwinding may not work because EXIDX input section 17 of built-in.o(sound/soc/mediatek/common_int/mtk-soc-pcm-deep-buffer-dl.o) is not in EXIDX output section
arm-linux-androideabi-ld: warning: unwinding may not work because EXIDX input section 14 of built-in.o(sound/soc/mediatek/common_int/mtk-soc-pcm-mrgrx.o) is not in EXIDX output section
arm-linux-androideabi-ld: warning: unwinding may not work because EXIDX input section 9 of built-in.o(sound/soc/mediatek/common_int/mtk-soc-pcm-mrgrx-awb.o) is not in EXIDX output section
arm-linux-androideabi-ld: warning: unwinding may not work because EXIDX input section 17 of built-in.o(sound/soc/mediatek/common_int/mtk-soc-pcm-fm-i2s.o) is not in EXIDX output section
arm-linux-androideabi-ld: warning: unwinding may not work because EXIDX input section 9 of built-in.o(sound/soc/mediatek/common_int/mtk-soc-pcm-fm-i2s-awb.o) is not in EXIDX output section
arm-linux-androideabi-ld: warning: unwinding may not work because EXIDX input section 9 of built-in.o(sound/soc/mediatek/common_int/mtk-soc-pcm-dl1-awb.o) is not in EXIDX output section
arm-linux-androideabi-ld: warning: unwinding may not work because EXIDX input section 14 of built-in.o(sound/soc/mediatek/common_int/mtk-soc-pcm-dl1-bt.o) is not in EXIDX output section
arm-linux-androideabi-ld: warning: unwinding may not work because EXIDX input section 9 of built-in.o(sound/soc/mediatek/common_int/mtk-soc-pcm-bt-dai.o) is not in EXIDX output section
arm-linux-androideabi-ld: warning: unwinding may not work because EXIDX input section 9 of built-in.o(sound/soc/mediatek/common_int/mtk-soc-dai-stub.o) is not in EXIDX output section
arm-linux-androideabi-ld: warning: unwinding may not work because EXIDX input section 14 of built-in.o(sound/soc/mediatek/common_int/mtk-soc-dai-routing.o) is not in EXIDX output section
arm-linux-androideabi-ld: warning: unwinding may not work because EXIDX input section 14 of built-in.o(sound/soc/mediatek/common_int/mtk-soc-codec-dummy.o) is not in EXIDX output section
arm-linux-androideabi-ld: warning: unwinding may not work because EXIDX input section 14 of built-in.o(sound/soc/mediatek/common_int/mtk-soc-pcm-fmtx.o) is not in EXIDX output section
arm-linux-androideabi-ld: warning: unwinding may not work because EXIDX input section 14 of built-in.o(sound/soc/mediatek/common_int/mtk-soc-tdm-capture.o) is not in EXIDX output section
arm-linux-androideabi-ld: warning: unwinding may not work because EXIDX input section 14 of built-in.o(sound/soc/mediatek/common_int/mtk-soc-pcm-hp-impedance.o) is not in EXIDX output section
arm-linux-androideabi-ld: warning: unwinding may not work because EXIDX input section 14 of built-in.o(sound/soc/mediatek/common_int/mtk-soc-machine.o) is not in EXIDX output section
arm-linux-androideabi-ld: warning: unwinding may not work because EXIDX input section 16 of built-in.o(sound/soc/samsung/sec_audio_sysfs.o) is not in EXIDX output section
arm-linux-androideabi-ld: warning: unwinding may not work because EXIDX input section 13 of built-in.o(net/llc/llc_core.o) is not in EXIDX output section
arm-linux-androideabi-ld: warning: unwinding may not work because EXIDX input section 14 of built-in.o(net/802/psnap.o) is not in EXIDX output section
arm-linux-androideabi-ld: warning: unwinding may not work because EXIDX input section 9 of built-in.o(net/sched/act_police.o) is not in EXIDX output section
arm-linux-androideabi-ld: warning: unwinding may not work because EXIDX input section 9 of built-in.o(net/sched/act_mirred.o) is not in EXIDX output section
arm-linux-androideabi-ld: warning: unwinding may not work because EXIDX input section 9 of built-in.o(net/sched/act_ipt.o) is not in EXIDX output section
arm-linux-androideabi-ld: warning: unwinding may not work because EXIDX input section 8 of built-in.o(net/sched/sch_htb.o) is not in EXIDX output section
arm-linux-androideabi-ld: warning: unwinding may not work because EXIDX input section 8 of built-in.o(net/sched/sch_ingress.o) is not in EXIDX output section
arm-linux-androideabi-ld: warning: unwinding may not work because EXIDX input section 8 of built-in.o(net/sched/sch_prio.o) is not in EXIDX output section
arm-linux-androideabi-ld: warning: unwinding may not work because EXIDX input section 8 of built-in.o(net/sched/cls_u32.o) is not in EXIDX output section
arm-linux-androideabi-ld: warning: unwinding may not work because EXIDX input section 8 of built-in.o(net/sched/cls_fw.o) is not in EXIDX output section
arm-linux-androideabi-ld: warning: unwinding may not work because EXIDX input section 8 of built-in.o(net/sched/cls_basic.o) is not in EXIDX output section
arm-linux-androideabi-ld: warning: unwinding may not work because EXIDX input section 8 of built-in.o(net/sched/cls_flow.o) is not in EXIDX output section
arm-linux-androideabi-ld: warning: unwinding may not work because EXIDX input section 8 of built-in.o(net/sched/cls_bpf.o) is not in EXIDX output section
arm-linux-androideabi-ld: warning: unwinding may not work because EXIDX input section 8 of built-in.o(net/sched/em_u32.o) is not in EXIDX output section
arm-linux-androideabi-ld: warning: unwinding may not work because EXIDX input section 16 of built-in.o(net/netfilter/nfnetlink.o) is not in EXIDX output section
arm-linux-androideabi-ld: warning: unwinding may not work because EXIDX input section 9 of built-in.o(net/netfilter/nfnetlink_queue.o) is not in EXIDX output section
arm-linux-androideabi-ld: warning: unwinding may not work because EXIDX input section 10 of built-in.o(net/netfilter/nfnetlink_log.o) is not in EXIDX output section
arm-linux-androideabi-ld: warning: unwinding may not work because EXIDX input section 10 of built-in.o(net/netfilter/nf_conntrack_standalone.o) is not in EXIDX output section
arm-linux-androideabi-ld: warning: unwinding may not work because EXIDX input section 10 of built-in.o(net/netfilter/nf_conntrack_proto_gre.o) is not in EXIDX output section
arm-linux-androideabi-ld: warning: unwinding may not work because EXIDX input section 9 of built-in.o(net/netfilter/nf_conntrack_netlink.o) is not in EXIDX output section
arm-linux-androideabi-ld: warning: unwinding may not work because EXIDX input section 7 of built-in.o(net/netfilter/nf_conntrack_amanda.o) is not in EXIDX output section
arm-linux-androideabi-ld: warning: unwinding may not work because EXIDX input section 18 of built-in.o(net/netfilter/nf_conntrack_h323_main.o) is not in EXIDX output section
arm-linux-androideabi-ld: warning: unwinding may not work because EXIDX input section 8 of built-in.o(net/netfilter/nf_conntrack_netbios_ns.o) is not in EXIDX output section
arm-linux-androideabi-ld: warning: unwinding may not work because EXIDX input section 10 of built-in.o(net/netfilter/nf_conntrack_pptp.o) is not in EXIDX output section
arm-linux-androideabi-ld: warning: unwinding may not work because EXIDX input section 13 of built-in.o(net/netfilter/nf_log_common.o) is not in EXIDX output section
arm-linux-androideabi-ld: warning: unwinding may not work because EXIDX input section 20 of built-in.o(net/netfilter/nf_nat_core.o) is not in EXIDX output section
arm-linux-androideabi-ld: warning: unwinding may not work because EXIDX input section 8 of built-in.o(net/netfilter/nf_nat_amanda.o) is not in EXIDX output section
arm-linux-androideabi-ld: warning: unwinding may not work because EXIDX input section 8 of built-in.o(net/netfilter/nf_nat_ftp.o) is not in EXIDX output section
arm-linux-androideabi-ld: warning: unwinding may not work because EXIDX input section 8 of built-in.o(net/netfilter/nf_nat_irc.o) is not in EXIDX output section
arm-linux-androideabi-ld: warning: unwinding may not work because EXIDX input section 8 of built-in.o(net/netfilter/nf_nat_tftp.o) is not in EXIDX output section
arm-linux-androideabi-ld: warning: unwinding may not work because EXIDX input section 46 of built-in.o(net/netfilter/x_tables.o) is not in EXIDX output section
arm-linux-androideabi-ld: warning: unwinding may not work because EXIDX input section 8 of built-in.o(net/netfilter/xt_tcpudp.o) is not in EXIDX output section
arm-linux-androideabi-ld: warning: unwinding may not work because EXIDX input section 7 of built-in.o(net/netfilter/xt_mark.o) is not in EXIDX output section
arm-linux-androideabi-ld: warning: unwinding may not work because EXIDX input section 8 of built-in.o(net/netfilter/xt_connmark.o) is not in EXIDX output section
arm-linux-androideabi-ld: warning: unwinding may not work because EXIDX input section 8 of built-in.o(net/netfilter/xt_nat.o) is not in EXIDX output section
arm-linux-androideabi-ld: warning: unwinding may not work because EXIDX input section 7 of built-in.o(net/netfilter/xt_CLASSIFY.o) is not in EXIDX output section
arm-linux-androideabi-ld: warning: unwinding may not work because EXIDX input section 8 of built-in.o(net/netfilter/xt_CONNSECMARK.o) is not in EXIDX output section
arm-linux-androideabi-ld: warning: unwinding may not work because EXIDX input section 8 of built-in.o(net/netfilter/xt_CT.o) is not in EXIDX output section
arm-linux-androideabi-ld: warning: unwinding may not work because EXIDX input section 8 of built-in.o(net/netfilter/xt_HL.o) is not in EXIDX output section
arm-linux-androideabi-ld: warning: unwinding may not work because EXIDX input section 8 of built-in.o(net/netfilter/xt_LOG.o) is not in EXIDX output section
arm-linux-androideabi-ld: warning: unwinding may not work because EXIDX input section 8 of built-in.o(net/netfilter/xt_NFLOG.o) is not in EXIDX output section
arm-linux-androideabi-ld: warning: unwinding may not work because EXIDX input section 8 of built-in.o(net/netfilter/xt_NFQUEUE.o) is not in EXIDX output section
arm-linux-androideabi-ld: warning: unwinding may not work because EXIDX input section 8 of built-in.o(net/netfilter/xt_REDIRECT.o) is not in EXIDX output section
arm-linux-androideabi-ld: warning: unwinding may not work because EXIDX input section 8 of built-in.o(net/netfilter/xt_SECMARK.o) is not in EXIDX output section
arm-linux-androideabi-ld: warning: unwinding may not work because EXIDX input section 8 of built-in.o(net/netfilter/xt_TPROXY.o) is not in EXIDX output section
arm-linux-androideabi-ld: warning: unwinding may not work because EXIDX input section 8 of built-in.o(net/netfilter/xt_TCPMSS.o) is not in EXIDX output section
arm-linux-androideabi-ld: warning: unwinding may not work because EXIDX input section 8 of built-in.o(net/netfilter/xt_TRACE.o) is not in EXIDX output section
arm-linux-androideabi-ld: warning: unwinding may not work because EXIDX input section 9 of built-in.o(net/netfilter/xt_IDLETIMER.o) is not in EXIDX output section
arm-linux-androideabi-ld: warning: unwinding may not work because EXIDX input section 8 of built-in.o(net/netfilter/xt_bpf.o) is not in EXIDX output section
arm-linux-androideabi-ld: warning: unwinding may not work because EXIDX input section 7 of built-in.o(net/netfilter/xt_comment.o) is not in EXIDX output section
arm-linux-androideabi-ld: warning: unwinding may not work because EXIDX input section 8 of built-in.o(net/netfilter/xt_connbytes.o) is not in EXIDX output section
arm-linux-androideabi-ld: warning: unwinding may not work because EXIDX input section 12 of built-in.o(net/netfilter/xt_connlimit.o) is not in EXIDX output section
arm-linux-androideabi-ld: warning: unwinding may not work because EXIDX input section 8 of built-in.o(net/netfilter/xt_conntrack.o) is not in EXIDX output section
arm-linux-androideabi-ld: warning: unwinding may not work because EXIDX input section 8 of built-in.o(net/netfilter/xt_ecn.o) is not in EXIDX output section
arm-linux-androideabi-ld: warning: unwinding may not work because EXIDX input section 8 of built-in.o(net/netfilter/xt_esp.o) is not in EXIDX output section
arm-linux-androideabi-ld: warning: unwinding may not work because EXIDX input section 9 of built-in.o(net/netfilter/xt_hashlimit.o) is not in EXIDX output section
arm-linux-androideabi-ld: warning: unwinding may not work because EXIDX input section 8 of built-in.o(net/netfilter/xt_helper.o) is not in EXIDX output section
arm-linux-androideabi-ld: warning: unwinding may not work because EXIDX input section 8 of built-in.o(net/netfilter/xt_hl.o) is not in EXIDX output section
arm-linux-androideabi-ld: warning: unwinding may not work because EXIDX input section 7 of built-in.o(net/netfilter/xt_iprange.o) is not in EXIDX output section
arm-linux-androideabi-ld: warning: unwinding may not work because EXIDX input section 8 of built-in.o(net/netfilter/xt_l2tp.o) is not in EXIDX output section
arm-linux-androideabi-ld: warning: unwinding may not work because EXIDX input section 7 of built-in.o(net/netfilter/xt_length.o) is not in EXIDX output section
arm-linux-androideabi-ld: warning: unwinding may not work because EXIDX input section 8 of built-in.o(net/netfilter/xt_limit.o) is not in EXIDX output section
arm-linux-androideabi-ld: warning: unwinding may not work because EXIDX input section 7 of built-in.o(net/netfilter/xt_mac.o) is not in EXIDX output section
arm-linux-androideabi-ld: warning: unwinding may not work because EXIDX input section 8 of built-in.o(net/netfilter/xt_multiport.o) is not in EXIDX output section
arm-linux-androideabi-ld: warning: unwinding may not work because EXIDX input section 8 of built-in.o(net/netfilter/xt_owner.o) is not in EXIDX output section
arm-linux-androideabi-ld: warning: unwinding may not work because EXIDX input section 8 of built-in.o(net/netfilter/xt_physdev.o) is not in EXIDX output section
arm-linux-androideabi-ld: warning: unwinding may not work because EXIDX input section 7 of built-in.o(net/netfilter/xt_pkttype.o) is not in EXIDX output section
arm-linux-androideabi-ld: warning: unwinding may not work because EXIDX input section 8 of built-in.o(net/netfilter/xt_policy.o) is not in EXIDX output section
arm-linux-androideabi-ld: warning: unwinding may not work because EXIDX input section 8 of built-in.o(net/netfilter/xt_quota.o) is not in EXIDX output section
arm-linux-androideabi-ld: warning: unwinding may not work because EXIDX input section 9 of built-in.o(net/netfilter/xt_quota2.o) is not in EXIDX output section
arm-linux-androideabi-ld: warning: unwinding may not work because EXIDX input section 7 of built-in.o(net/netfilter/xt_realm.o) is not in EXIDX output section
arm-linux-androideabi-ld: warning: unwinding may not work because EXIDX input section 9 of built-in.o(net/netfilter/xt_recent.o) is not in EXIDX output section
arm-linux-androideabi-ld: warning: unwinding may not work because EXIDX input section 8 of built-in.o(net/netfilter/xt_socket.o) is not in EXIDX output section
arm-linux-androideabi-ld: warning: unwinding may not work because EXIDX input section 8 of built-in.o(net/netfilter/xt_state.o) is not in EXIDX output section
arm-linux-androideabi-ld: warning: unwinding may not work because EXIDX input section 8 of built-in.o(net/netfilter/xt_statistic.o) is not in EXIDX output section
arm-linux-androideabi-ld: warning: unwinding may not work because EXIDX input section 8 of built-in.o(net/netfilter/xt_string.o) is not in EXIDX output section
arm-linux-androideabi-ld: warning: unwinding may not work because EXIDX input section 8 of built-in.o(net/netfilter/xt_tcpmss.o) is not in EXIDX output section
arm-linux-androideabi-ld: warning: unwinding may not work because EXIDX input section 8 of built-in.o(net/netfilter/xt_time.o) is not in EXIDX output section
arm-linux-androideabi-ld: warning: unwinding may not work because EXIDX input section 8 of built-in.o(net/netfilter/xt_u32.o) is not in EXIDX output section
arm-linux-androideabi-ld: warning: unwinding may not work because EXIDX input section 11 of built-in.o(net/netfilter/xt_domainfilter.o) is not in EXIDX output section
arm-linux-androideabi-ld: warning: unwinding may not work because EXIDX input section 9 of built-in.o(net/ipv4/ipip.o) is not in EXIDX output section
arm-linux-androideabi-ld: warning: unwinding may not work because EXIDX input section 12 of built-in.o(net/ipv4/gre_demux.o) is not in EXIDX output section
arm-linux-androideabi-ld: warning: unwinding may not work because EXIDX input section 9 of built-in.o(net/ipv4/ip_vti.o) is not in EXIDX output section
arm-linux-androideabi-ld: warning: unwinding may not work because EXIDX input section 9 of built-in.o(net/ipv4/ah4.o) is not in EXIDX output section
arm-linux-androideabi-ld: warning: unwinding may not work because EXIDX input section 12 of built-in.o(net/ipv4/esp4.o) is not in EXIDX output section
arm-linux-androideabi-ld: warning: unwinding may not work because EXIDX input section 9 of built-in.o(net/ipv4/ipcomp.o) is not in EXIDX output section
arm-linux-androideabi-ld: warning: unwinding may not work because EXIDX input section 8 of built-in.o(net/ipv4/xfrm4_tunnel.o) is not in EXIDX output section
arm-linux-androideabi-ld: warning: unwinding may not work because EXIDX input section 9 of built-in.o(net/ipv4/xfrm4_mode_beet.o) is not in EXIDX output section
arm-linux-androideabi-ld: warning: unwinding may not work because EXIDX input section 10 of built-in.o(net/ipv4/tunnel4.o) is not in EXIDX output section
arm-linux-androideabi-ld: warning: unwinding may not work because EXIDX input section 9 of built-in.o(net/ipv4/xfrm4_mode_transport.o) is not in EXIDX output section
arm-linux-androideabi-ld: warning: unwinding may not work because EXIDX input section 9 of built-in.o(net/ipv4/xfrm4_mode_tunnel.o) is not in EXIDX output section
arm-linux-androideabi-ld: warning: unwinding may not work because EXIDX input section 12 of built-in.o(net/ipv4/netfilter/nf_conntrack_l3proto_ipv4.o) is not in EXIDX output section
arm-linux-androideabi-ld: warning: unwinding may not work because EXIDX input section 13 of built-in.o(net/ipv4/netfilter/nf_nat_l3proto_ipv4.o) is not in EXIDX output section
arm-linux-androideabi-ld: warning: unwinding may not work because EXIDX input section 7 of built-in.o(net/ipv4/netfilter/nf_defrag_ipv4.o) is not in EXIDX output section
arm-linux-androideabi-ld: warning: unwinding may not work because EXIDX input section 9 of built-in.o(net/ipv4/netfilter/nf_log_ipv4.o) is not in EXIDX output section
arm-linux-androideabi-ld: warning: unwinding may not work because EXIDX input section 9 of built-in.o(net/ipv4/netfilter/nf_nat_h323.o) is not in EXIDX output section
arm-linux-androideabi-ld: warning: unwinding may not work because EXIDX input section 8 of built-in.o(net/ipv4/netfilter/nf_nat_pptp.o) is not in EXIDX output section
arm-linux-androideabi-ld: warning: unwinding may not work because EXIDX input section 7 of built-in.o(net/ipv4/netfilter/nf_nat_proto_gre.o) is not in EXIDX output section
arm-linux-androideabi-ld: warning: unwinding may not work because EXIDX input section 12 of built-in.o(net/ipv4/netfilter/ip_tables.o) is not in EXIDX output section
arm-linux-androideabi-ld: warning: unwinding may not work because EXIDX input section 9 of built-in.o(net/ipv4/netfilter/iptable_filter.o) is not in EXIDX output section
arm-linux-androideabi-ld: warning: unwinding may not work because EXIDX input section 9 of built-in.o(net/ipv4/netfilter/iptable_mangle.o) is not in EXIDX output section
arm-linux-androideabi-ld: warning: unwinding may not work because EXIDX input section 9 of built-in.o(net/ipv4/netfilter/iptable_nat.o) is not in EXIDX output section
arm-linux-androideabi-ld: warning: unwinding may not work because EXIDX input section 9 of built-in.o(net/ipv4/netfilter/iptable_raw.o) is not in EXIDX output section
arm-linux-androideabi-ld: warning: unwinding may not work because EXIDX input section 9 of built-in.o(net/ipv4/netfilter/iptable_security.o) is not in EXIDX output section
arm-linux-androideabi-ld: warning: unwinding may not work because EXIDX input section 8 of built-in.o(net/ipv4/netfilter/ipt_ah.o) is not in EXIDX output section
arm-linux-androideabi-ld: warning: unwinding may not work because EXIDX input section 8 of built-in.o(net/ipv4/netfilter/ipt_MASQUERADE.o) is not in EXIDX output section
arm-linux-androideabi-ld: warning: unwinding may not work because EXIDX input section 8 of built-in.o(net/ipv4/netfilter/ipt_REJECT.o) is not in EXIDX output section
arm-linux-androideabi-ld: warning: unwinding may not work because EXIDX input section 12 of built-in.o(net/ipv4/netfilter/arp_tables.o) is not in EXIDX output section
arm-linux-androideabi-ld: warning: unwinding may not work because EXIDX input section 8 of built-in.o(net/ipv4/netfilter/arpt_mangle.o) is not in EXIDX output section
arm-linux-androideabi-ld: warning: unwinding may not work because EXIDX input section 9 of built-in.o(net/ipv4/netfilter/arptable_filter.o) is not in EXIDX output section
arm-linux-androideabi-ld: warning: unwinding may not work because EXIDX input section 18 of built-in.o(net/ipv4/inet_diag.o) is not in EXIDX output section
arm-linux-androideabi-ld: warning: unwinding may not work because EXIDX input section 8 of built-in.o(net/ipv4/tcp_diag.o) is not in EXIDX output section
arm-linux-androideabi-ld: warning: unwinding may not work because EXIDX input section 8 of built-in.o(net/ipv4/udp_diag.o) is not in EXIDX output section
arm-linux-androideabi-ld: warning: unwinding may not work because EXIDX input section 8 of built-in.o(net/ipv4/tcp_bic.o) is not in EXIDX output section
arm-linux-androideabi-ld: warning: unwinding may not work because EXIDX input section 9 of built-in.o(net/ipv4/tcp_cubic.o) is not in EXIDX output section
arm-linux-androideabi-ld: warning: unwinding may not work because EXIDX input section 9 of built-in.o(net/xfrm/xfrm_user.o) is not in EXIDX output section
arm-linux-androideabi-ld: warning: unwinding may not work because EXIDX input section 12 of built-in.o(net/xfrm/xfrm_interface.o) is not in EXIDX output section
arm-linux-androideabi-ld: warning: unwinding may not work because EXIDX input section 14 of built-in.o(net/unix/af_unix.o) is not in EXIDX output section
arm-linux-androideabi-ld: warning: unwinding may not work because EXIDX input section 9 of built-in.o(net/ipv6/ah6.o) is not in EXIDX output section
arm-linux-androideabi-ld: warning: unwinding may not work because EXIDX input section 12 of built-in.o(net/ipv6/esp6.o) is not in EXIDX output section
arm-linux-androideabi-ld: warning: unwinding may not work because EXIDX input section 9 of built-in.o(net/ipv6/ipcomp6.o) is not in EXIDX output section
arm-linux-androideabi-ld: warning: unwinding may not work because EXIDX input section 11 of built-in.o(net/ipv6/xfrm6_tunnel.o) is not in EXIDX output section
arm-linux-androideabi-ld: warning: unwinding may not work because EXIDX input section 10 of built-in.o(net/ipv6/tunnel6.o) is not in EXIDX output section
arm-linux-androideabi-ld: warning: unwinding may not work because EXIDX input section 9 of built-in.o(net/ipv6/xfrm6_mode_transport.o) is not in EXIDX output section
arm-linux-androideabi-ld: warning: unwinding may not work because EXIDX input section 9 of built-in.o(net/ipv6/xfrm6_mode_tunnel.o) is not in EXIDX output section
arm-linux-androideabi-ld: warning: unwinding may not work because EXIDX input section 9 of built-in.o(net/ipv6/xfrm6_mode_ro.o) is not in EXIDX output section
arm-linux-androideabi-ld: warning: unwinding may not work because EXIDX input section 9 of built-in.o(net/ipv6/xfrm6_mode_beet.o) is not in EXIDX output section
arm-linux-androideabi-ld: warning: unwinding may not work because EXIDX input section 8 of built-in.o(net/ipv6/mip6.o) is not in EXIDX output section
arm-linux-androideabi-ld: warning: unwinding may not work because EXIDX input section 12 of built-in.o(net/ipv6/netfilter/ip6_tables.o) is not in EXIDX output section
arm-linux-androideabi-ld: warning: unwinding may not work because EXIDX input section 9 of built-in.o(net/ipv6/netfilter/ip6table_filter.o) is not in EXIDX output section
arm-linux-androideabi-ld: warning: unwinding may not work because EXIDX input section 9 of built-in.o(net/ipv6/netfilter/ip6table_mangle.o) is not in EXIDX output section
arm-linux-androideabi-ld: warning: unwinding may not work because EXIDX input section 9 of built-in.o(net/ipv6/netfilter/ip6table_raw.o) is not in EXIDX output section
arm-linux-androideabi-ld: warning: unwinding may not work because EXIDX input section 12 of built-in.o(net/ipv6/netfilter/nf_conntrack_l3proto_ipv6.o) is not in EXIDX output section
arm-linux-androideabi-ld: warning: unwinding may not work because EXIDX input section 7 of built-in.o(net/ipv6/netfilter/nf_defrag_ipv6_hooks.o) is not in EXIDX output section
arm-linux-androideabi-ld: warning: unwinding may not work because EXIDX input section 9 of built-in.o(net/ipv6/netfilter/nf_log_ipv6.o) is not in EXIDX output section
arm-linux-androideabi-ld: warning: unwinding may not work because EXIDX input section 8 of built-in.o(net/ipv6/netfilter/ip6t_frag.o) is not in EXIDX output section
arm-linux-androideabi-ld: warning: unwinding may not work because EXIDX input section 8 of built-in.o(net/ipv6/netfilter/ip6t_ipv6header.o) is not in EXIDX output section
arm-linux-androideabi-ld: warning: unwinding may not work because EXIDX input section 8 of built-in.o(net/ipv6/netfilter/ip6t_rpfilter.o) is not in EXIDX output section
arm-linux-androideabi-ld: warning: unwinding may not work because EXIDX input section 8 of built-in.o(net/ipv6/netfilter/ip6t_REJECT.o) is not in EXIDX output section
arm-linux-androideabi-ld: warning: unwinding may not work because EXIDX input section 9 of built-in.o(net/ipv6/ip6_vti.o) is not in EXIDX output section
arm-linux-androideabi-ld: warning: unwinding may not work because EXIDX input section 9 of built-in.o(net/ipv6/sit.o) is not in EXIDX output section
arm-linux-androideabi-ld: warning: unwinding may not work because EXIDX input section 21 of built-in.o(net/ipv6/ip6_tunnel.o) is not in EXIDX output section
arm-linux-androideabi-ld: warning: unwinding may not work because EXIDX input section 7 of built-in.o(net/packet/af_packet.o) is not in EXIDX output section
arm-linux-androideabi-ld: warning: unwinding may not work because EXIDX input section 9 of built-in.o(net/key/af_key.o) is not in EXIDX output section
arm-linux-androideabi-ld: warning: unwinding may not work because EXIDX input section 9 of built-in.o(net/bridge/br.o) is not in EXIDX output section
arm-linux-androideabi-ld: warning: unwinding may not work because EXIDX input section 14 of built-in.o(net/bridge/br_netfilter_hooks.o) is not in EXIDX output section
arm-linux-androideabi-ld: warning: unwinding may not work because EXIDX input section 28 of built-in.o(net/l2tp/l2tp_core.o) is not in EXIDX output section
arm-linux-androideabi-ld: warning: unwinding may not work because EXIDX input section 9 of built-in.o(net/l2tp/l2tp_ppp.o) is not in EXIDX output section
arm-linux-androideabi-ld: warning: unwinding may not work because EXIDX input section 12 of built-in.o(net/8021q/vlan.o) is not in EXIDX output section
arm-linux-androideabi-ld: warning: unwinding may not work because EXIDX input section 16 of built-in.o(net/8021q/vlan_netlink.o) is not in EXIDX output section
arm-linux-androideabi-ld: warning: unwinding may not work because EXIDX input section 22 of built-in.o(net/wireless/core.o) is not in EXIDX output section
arm-linux-androideabi-ld: warning: unwinding may not work because EXIDX input section 14 of built-in.o(net/ncm/ncm.o) is not in EXIDX output section
  SORTEX  vmlinux
  SYSMAP  System.map
  Building modules, stage 2.
  MODPOST 4 modules
  CC      drivers/media/usb/gspca/gspca_main.mod.o
  CC      kernel/kheaders.mod.o
  CC      net/ipv4/tcp_htcp.mod.o
  CC      net/ipv4/tcp_westwood.mod.o
  LD [M]  net/ipv4/tcp_westwood.ko
  LD [M]  drivers/media/usb/gspca/gspca_main.ko
  LD [M]  net/ipv4/tcp_htcp.ko
  LD [M]  kernel/kheaders.ko
make[1]: Leaving directory '/home/runner/work/toolchain/toolchain/out'
