static const char kernel_config_data[] __used = MAGIC_START
	"\x1f\x8b\x08\x00\x00\x00\x00\x00\x02\x03\x94\x3c\xdb\x72\xdb\xb8"
	"\x92\xef\xe7\x2b\x54\x99\x7d\xd8\xad\x3a\x33\xd1\xc5\xd7\xda\xd2"
	"\x03\x48\x82\x12\x8e\x48\x82\x06\x40\x49\xf6\x0b\x4b\x71\x94\xac"
	"\x6b\x6c\x2b\x47\xb6\x73\x26\x7f\xbf\xdd\x00\x29\x02\x24\x48\x7b"
	"\x5c\x79\x08\xbb\x1b\xb7\x46\xa3\x6f\x68\xe8\xb7\x7f\xfc\x36\x22"
	"\x6f\xaf\x87\xa7\xdd\xeb\xc3\xfd\xee\xf1\xf1\xd7\xe8\xfb\xfe\x79"
	"\x7f\xdc\xbd\xee\xbf\x8e\xbe\x3d\x3c\xee\xff\x77\x14\xf1\x51\xc6"
	"\xd5\x88\x46\x4c\xfd\x01\xc4\xc9\xc3\xf3\xdb\x5f\x9f\x77\xc7\xa7"
	"\xd1\xd9\x1f\x13\xf8\x77\x75\x31\x5a\xed\x8f\xcf\xfb\xc7\x51\x78"
	"\x78\xfe\xf6\xf0\xfd\x0d\xda\x3e\x1c\x9e\xff\xf1\xdb\x3f\x42\x9e"
	"\xc5\x6c\x51\x12\x91\xce\x7f\x59\x1f\xe5\x92\xc8\x52\x2e\xca\x70"
	"\x49\x58\xd6\x60\x52\xb6\x58\x2a\xc0\xad\x69\x99\x87\xac\x81\xcb"
	"\x5b\xa0\x2e\xf2\x9c\x0b\x25\x4b\x92\xa7\x25\x4d\x8b\x84\x28\xc6"
	"\xad\xb6\xa6\x95\xe0\x61\x19\xe6\x85\xd5\x54\x91\x70\xa5\x04\x09"
	"\x69\xdd\x43\x83\x4b\x78\xb8\x8a\x68\xde\x45\x18\x7a\x26\x6e\xe2"
	"\x84\x2c\x64\x17\x2f\x36\x92\xa6\xe5\x36\x5c\x2e\x48\x14\x95\x24"
	"\x59\x70\xc1\xd4\xd2\x5a\x62\xcc\xb6\x25\x25\x22\xb9\x85\xef\x32"
	"\xa5\x16\x66\x41\x33\x2a\x58\x58\x2e\x37\x14\x17\xdb\x45\x84\x24"
	"\x61\x81\x20\x8a\x96\x11\x4d\xc8\x6d\x43\x90\x51\x1a\x95\x51\x4a"
	"\xca\x94\xe4\xb8\x2c\x45\x6d\x96\x86\xcb\x86\x43\x05\xb0\x21\xa0"
	"\xb2\x41\xaf\x69\xa8\xb8\x90\x65\x40\x24\x9d\x8f\xff\xfa\x06\x7f"
	"\x63\xf8\xb3\x37\x24\x27\x0a\xba\xc8\x97\xc0\xe9\x35\x13\x9e\x79"
	"\x05\xc5\xa2\x01\xe6\x0b\x45\x82\x84\x96\x09\x5d\xd3\x44\xce\xa7"
	"\x35\x3c\xa2\x71\xcd\x5b\x26\xd5\xfc\xd3\xe7\xc7\x87\x2f\x9f\x9f"
	"\x0e\x5f\xdf\x1e\xf7\x2f\x9f\xff\xab\xc8\x48\x4a\x4b\x41\x13\x0a"
	"\xf3\xf8\xfc\xc7\xbd\x96\x95\x4f\x20\x4f\x35\xdb\x39\x4f\x4e\xdc"
	"\x46\x3a\x31\x7a\x78\x19\x3d\x1f\x5e\x47\x2f\xfb\xd7\x7a\x08\xd8"
	"\x95\x72\xc3\xc5\xaa\x99\x4c\x50\xb0\x24\x52\x0c\xba\xa6\x5b\x33"
	"\x2d\x69\x76\x0b\xe4\xef\xb7\xd1\x42\x8b\xf2\x23\x76\xf1\xf6\xa3"
	"\x91\x48\x96\x31\x55\xd2\x6c\x0d\x8b\xc7\xc9\xa6\x4c\xcd\x67\xa7"
	"\x65\x84\x82\x4b\x59\x86\x3c\xcd\x59\x42\xe7\x9f\x40\xd0\x7f\xdf"
	"\xef\xbe\x3c\xfc\x6e\xcd\xb5\x42\x96\x8a\x4a\xe5\x99\x25\x88\x16"
	"\x49\xd6\x54\x48\x94\xd1\x4f\xbf\x8b\xc3\x61\xfb\xb0\x2f\x65\xfa"
	"\x3b\x19\x4f\xa7\xb1\xd5\x8f\x4d\x58\x92\x42\x71\x4f\x67\x5a\xb4"
	"\x57\x54\x64\x34\x29\x17\x77\x2c\x6f\x09\x7d\x85\x49\xee\x52\xe2"
	"\xc7\x6c\xef\xfa\x5a\xf0\x3e\xc4\x59\x83\x70\x07\x3e\x4d\xdc\x1a"
	"\xd5\x9e\x72\x1b\xbf\xbd\x1b\xc2\xc2\x0c\x86\xd1\x67\x1e\x76\x80"
	"\x90\x91\x22\x01\x3d\xc1\xa5\x42\x89\x9a\x7f\xfa\xef\xe7\xc3\xf3"
	"\xfe\x7f\x3e\x9d\xce\xfc\x86\x38\x53\x05\xf5\xb1\x66\x79\xe8\x1d"
	"\x29\xe7\x12\xce\x6a\x7a\x53\xd0\x82\x7a\xc6\x32\x92\x00\x27\x98"
	"\x8b\xdb\x92\x28\x50\x26\x4b\xbb\xe7\x78\x49\xb2\x28\xa1\xde\x9e"
	"\x0b\x49\xe1\x24\x7b\xfa\x24\x05\xa8\xd1\x16\xe3\xf5\x01\xd6\x08"
	"\x98\x2c\x48\x44\x62\x9d\xed\x7e\x68\xb9\xc1\x53\xdb\x06\x2a\x41"
	"\x69\x2d\xfd\x70\x5a\x46\x2f\x6f\x5f\x5e\x7e\xbd\xbc\xee\x9f\x1a"
	"\xe9\xaf\x0f\x35\x1e\x26\xad\x2c\xba\xe7\x1d\x51\x72\xc9\x37\xfd"
	"\x18\x73\xfa\xfd\x78\x1a\xc7\xa0\x73\x18\xae\x2c\x8e\x41\x63\xc9"
	"\x95\x9f\x0e\x34\xbe\xe8\x28\x72\x11\x01\x0a\x14\xc1\x06\x74\x80"
	"\xa4\x59\xd4\xe0\xb0\x49\xc4\x53\xc7\x68\x34\xb0\x72\xc9\xa8\x40"
	"\x4e\xde\xda\xbd\xe1\x06\xd5\x04\x40\xeb\x36\x8c\xb9\x08\x41\xad"
	"\xaa\xa5\xa0\x24\x62\x99\xa5\xe2\x64\x4e\x84\xa4\x6e\x0b\xbd\x4b"
	"\x21\x9a\x0d\xc9\x0b\x68\x58\x46\x44\x91\xee\xc2\xb4\x2e\x5a\x77"
	"\xb6\xec\xa4\xe1\xb1\x03\x60\x5d\xa6\x64\xab\x6b\xb4\x8a\x8a\x85"
	"\xab\x32\x10\x9c\x44\x21\x91\x6a\xb0\xb5\x43\xa6\xb7\x5b\x3d\x3c"
	"\xed\x8f\x2f\xbe\x1d\xd7\xdd\xf2\x8c\xc2\xc6\x59\x9d\x66\xbc\x5c"
	"\xde\xa1\x2e\x4b\xf5\x0e\x9c\x64\x17\x80\x39\x8c\xc6\x23\x16\x7a"
	"\x04\xd8\xb4\x62\xc0\x57\xbb\x8d\x81\xc6\x45\x92\xf4\x35\xb1\x76"
	"\x05\x6c\x1f\x6e\xae\x66\x95\x90\xf5\xf4\xc1\x72\x7f\x56\xbb\x97"
	"\x3f\x47\xaf\xb0\x8e\xd1\xee\xf9\xeb\xe8\xe5\x75\xf7\xfa\x32\xda"
	"\xdd\xdf\x1f\xde\x9e\x5f\x1f\x9e\xbf\xb7\x16\x04\x0d\x4a\x12\x86"
	"\xbc\xc8\x94\xd9\xbc\xd3\x6c\xd0\x88\xb5\xd0\xc8\x42\xef\x49\x45"
	"\x41\xd0\x7b\xd6\xd0\x7a\xe9\x64\xb8\x04\x59\xd9\x90\x44\x79\xd1"
	"\x81\x8c\xb4\x03\x42\x41\x63\x40\x4f\x3e\xb3\xa0\xe0\x20\xa0\xe9"
	"\x96\xf6\x54\x11\x68\x8c\xfd\x50\xb3\x72\x8b\x48\xcb\x47\x41\x18"
	"\xe3\xee\xf2\x6b\xa5\x26\x99\x3d\x00\x7c\x9e\x94\x66\xc4\x24\x9a"
	"\xc8\xc8\x1e\x45\xf3\x5e\x84\xc5\x48\x76\xe5\x26\x07\x65\x92\xe6"
	"\x60\x8d\xc3\xc2\xee\x12\x3e\xc1\xda\x82\x8c\xf8\xa6\x2b\x0d\xf1"
	"\xc9\x99\xa2\xb4\x0d\x42\x36\x94\x0e\x08\x3b\x04\xce\x24\x49\x23"
	"\x8d\x16\x46\xfb\x3e\x92\x2e\xc2\x40\xfb\x15\xae\xe9\x2f\x03\x96"
	"\x4d\x43\xeb\x5c\xaf\xcc\x7f\xba\x10\xbd\x3d\x36\x78\x09\xa7\x1e"
	"\xe5\xef\xa9\xb1\xdb\xd8\x69\x0c\xfa\x8d\xc5\x6a\x3e\xb9\xb6\xe1"
	"\x28\x4d\x29\xd9\xda\xf8\x69\xc3\x26\x96\xa9\x55\x29\x49\x4c\xdb"
	"\x7d\xcc\xda\x27\xd8\x88\x91\x3e\xc7\xb5\xe0\xcb\xfb\xff\xdb\xa3"
	"\x93\x74\x1c\x7d\xdb\xef\x5e\xdf\x8e\xfb\x97\x66\x07\x8a\x30\x21"
	"\x69\xae\x79\xd6\x4c\xbd\x02\x2e\x04\x2f\x72\xf4\x54\x40\x02\xe6"
	"\x93\x8b\x16\x16\x1d\x45\x9e\xe7\xf5\x20\x31\x61\x42\x8f\xa4\x07"
	"\x7a\x7d\x7b\xde\x7d\x79\xd4\x03\x35\x82\x42\x41\x42\x0a\xc5\x12"
	"\xd0\x44\x49\x9c\x30\x58\xcc\x6c\xea\xd9\x60\x0f\xdd\xe4\xc2\x91"
	"\xb8\x2e\xc1\x95\xcf\xba\x9a\xf9\x5b\x82\x4b\x16\xd4\xac\x86\x0a"
	"\x2b\x2c\xa0\x69\xb8\x68\x7d\xd6\x46\xbe\x03\x03\xa7\x4e\x0b\x78"
	"\x1b\xa7\x35\x3d\x1a\xe5\x72\x9d\x6a\xc2\x9c\x81\x36\x74\x0e\x62"
	"\x90\xac\xaa\x29\xf5\xce\xd5\x6c\x9e\xe5\xe8\x03\x4f\x4b\x17\xd3"
	"\xb8\x88\x31\x7a\xdc\x59\xb4\x61\x91\x5a\x7a\x35\x06\xa8\x28\xab"
	"\xad\x67\x50\x6b\xef\x0d\xa5\xd3\xbf\x69\x9b\xb3\x48\x7a\x7b\xaf"
	"\xf0\x22\x72\x3d\x34\x17\x1b\xc3\xe9\xbc\xb3\x99\x0d\x52\x2e\xa9"
	"\x6d\x99\x74\x4c\x05\x83\x54\x18\xcf\x0c\x22\xba\x66\x21\xed\x1f"
	"\x03\x1a\x56\xba\xab\x33\x77\x2a\xe2\xfe\x76\x41\x1e\x7b\x47\x83"
	"\x50\xc4\xa7\x75\x78\xb8\x3a\xd1\x18\xbb\xdc\x34\x5d\xd2\x70\x95"
	"\x73\x38\xa3\x68\x75\x20\x16\xf2\xcd\x16\x7d\x49\xb0\xfa\xa1\x1d"
	"\x39\x15\x60\x65\x33\x47\x48\x80\x07\x02\x40\xbe\x53\x01\x3c\xca"
	"\xa4\x1d\xb0\xa9\x56\x5b\x73\xf2\xd1\xcb\xef\x93\x32\x43\xa1\x8a"
	"\xcc\xf2\xc8\x6a\xd5\x8d\xb2\x8b\x2a\x64\x01\x76\x62\x43\x04\x6d"
	"\xb9\xb8\x20\x6d\x10\xcc\x0a\x1a\x42\x64\x18\xf9\xc5\x0d\x6d\x8c"
	"\x67\x50\x94\x7b\xd8\x43\x1d\x13\x09\xdb\xdb\xc2\x6f\x92\x42\xc7"
	"\xc6\xdd\x99\x7f\x3a\xb9\xd8\x22\xea\x04\x04\x00\x0a\x00\x34\xf5"
	"\x0f\x1d\xf5\x47\x0a\x80\xeb\x89\x12\x74\x2b\xde\x8f\xf2\x45\x07"
	"\x61\x08\x3a\x0f\xac\x39\xbb\xa3\x78\xe6\xb5\x88\x71\x91\x92\x2c"
	"\x74\x18\xd6\x26\x93\xf0\x1f\xdf\x7e\x80\x13\xa7\x92\x96\xb3\x5e"
	"\xb0\x48\xab\xbb\x9a\x7d\x5a\x4c\xab\x0f\x63\x14\x2d\x01\x72\x69"
	"\x53\xd8\x48\x86\x22\xe4\x6c\xde\x82\x2a\x74\x91\xcb\xca\x65\xf4"
	"\xcf\x03\xb7\xa1\xed\x52\x9a\xe9\x75\xe1\x26\xaa\x39\x39\x57\x75"
	"\x54\x05\x34\xf2\x36\x75\x44\xb2\x86\x95\xad\x71\x3d\x04\x81\xe4"
	"\x49\xa1\x28\x72\x14\x4e\xb4\x67\x92\x27\x52\xcc\x33\x68\x69\xc3"
	"\x08\xc0\xd6\x24\x68\x24\xdb\xdf\x65\x96\x32\xdb\xa2\x5b\x9a\x9e"
	"\x26\x31\x58\x03\x61\x75\xa1\x7b\x46\x1f\xd3\x52\xc1\x30\xa7\x6d"
	"\xeb\x13\xce\xa2\xd5\x4b\xce\x1d\x9e\xb1\x45\x06\x46\xc9\x92\x73"
	"\xcd\x27\x1b\xa0\xdd\x6b\x1b\x00\x5b\x6c\x31\xb9\x31\x18\x00\xfe"
	"\x17\x44\x5c\x24\xd9\x90\x5b\x09\xee\xb5\x6f\xe7\x96\x4e\xfe\x87"
	"\x30\x2b\xe6\x26\xd1\x9a\xc1\x7a\xaa\x9e\x3b\x6a\x46\x1f\xfb\xd8"
	"\x67\x17\xa0\xcb\x80\x08\xc1\x6c\xc5\x0d\x20\x1a\x45\xb6\x71\x32"
	"\x29\x31\xe8\xa7\x6c\x47\x1b\x1a\x68\x6c\x21\x0c\xac\x7d\xa2\xc6"
	"\x76\x87\x93\xf1\x59\xc7\x3d\xac\xf2\x7b\xf9\xfe\xf8\xed\x70\x7c"
	"\xda\x3d\xdf\xef\x47\xf4\xe7\xfe\x19\x9c\x73\x02\x6e\x7a\x88\xee"
	"\x39\x44\x1e\x96\xdf\xe8\x0c\x7b\xea\x5c\x2b\xef\xce\xf0\x9e\x15"
	"\x82\x91\xd6\xad\x6b\x6f\xc0\x9a\xbc\x4c\x8a\xc0\x74\xe4\x1c\x22"
	"\x84\x56\x6e\x80\x3e\x2c\xde\xdd\xc0\xb4\x0d\x51\x10\x38\xad\xdc"
	"\xb6\xc4\x17\xa8\x63\x97\x2e\x19\xf7\x93\x11\x1c\x59\x2c\x68\xad"
	"\xaa\xdb\x7d\x6b\x2b\x8b\x9e\x6b\x29\xc0\x1f\xe0\xa9\x3f\xba\x70"
	"\x08\x31\x0a\x06\x65\x1f\xf5\x4c\x4b\x3b\xa3\x10\xa1\x2a\x46\x5c"
	"\x75\xa0\x68\xaa\xad\x5f\xb9\x06\x5f\x33\x66\x61\x2b\xb8\x06\x63"
	"\x1e\xb3\xc4\x09\x16\x74\xb2\x53\xdb\x46\x67\xa7\xb8\x21\xa5\x7d"
	"\xf9\xa8\x1a\xef\x28\x13\x93\x78\xf4\x2e\xef\x5f\x05\x38\x32\xb0"
	"\x44\xea\x53\x6f\x4d\xc6\xb2\x09\x41\x71\x90\x8b\xb3\x40\x1f\x2f"
	"\x38\xb2\x68\x38\x43\x8c\xad\xfa\x26\x44\x63\x58\x2e\x43\x91\x29"
	"\x32\xb7\x45\x2b\xca\x46\xc1\xc3\xc0\x01\x62\x26\x88\xd9\x1c\x37"
	"\xd2\x24\xc1\xda\xe9\x53\x03\x15\x54\x79\x11\x60\x46\xbc\x70\x47"
	"\xad\x35\x49\x1e\xcd\xee\x25\xe7\xab\x16\x12\x33\xbb\xf0\xad\xd8"
	"\xa2\xe0\x85\xec\xc6\xfd\x12\xd8\x87\x21\x77\x95\xab\xf0\xa4\x53"
	"\x10\x89\xaa\x0e\x02\x25\x55\xe4\x9e\xd4\x02\xc0\xab\x54\x56\x6b"
	"\x6c\x41\x17\xa0\xdf\xb3\xc8\x64\xcb\x2b\xae\x95\x24\x6f\x2f\x20"
	"\x4c\x7c\xb3\x06\xba\xd3\x71\xb4\x71\xcb\x0d\x9c\x33\x4a\x8c\xdf"
	"\xe5\xd3\x4a\x38\xac\x0f\xae\x5d\x2c\x33\x95\x08\xa4\xc6\xc7\xc5"
	"\x46\x9a\x5a\xeb\xdc\x10\x10\x00\x96\x87\xa5\x49\xdf\xd4\x29\x58"
	"\x4f\x17\x92\x86\xa8\x0d\x4a\x10\x62\x27\xda\xe8\x83\xeb\x96\x0b"
	"\xf0\x1b\xf2\xa4\x58\x30\xd7\xb1\xb3\xc0\x7d\xe2\x09\x14\x7a\x49"
	"\x20\x2b\x4a\xa7\xe3\x5b\xde\x88\x8b\xf4\x3b\x36\x2e\x4d\x99\xf1"
	"\x8c\x0e\xf6\x82\x1c\x2e\x12\x22\xfc\xe1\x41\x87\x5a\x2a\xc1\x33"
	"\x9f\x6b\xad\x96\x70\x54\x90\x69\x60\xce\x9d\x75\x27\xde\x7c\x35"
	"\x40\xeb\xb9\xd5\xde\x1a\xcf\xcb\x6a\x1c\xcc\x73\xbb\x48\xc3\x1e"
	"\x10\x7d\xba\x55\xfa\x78\xac\x1c\xfd\xa4\xd1\x3d\xe9\x9c\x16\x95"
	"\x27\x91\xd3\xa2\x48\x79\x54\xed\x7e\x4e\x43\xd4\x8f\x96\x6b\xc6"
	"\xa3\x22\xa1\xd2\xb8\xd9\x09\x4a\x67\xe2\x39\x43\x1a\xa3\x95\x38"
	"\x38\x8c\x3e\xb1\x4a\x31\xea\x16\x19\x66\x25\x54\x5b\xba\xe9\x16"
	"\xd3\xb3\xad\xf3\xdb\x6d\x55\xa6\x2c\x9b\x5f\x0d\xe1\xc9\xd6\x8a"
	"\xf6\x3d\xc3\x5e\xb5\xf4\x68\x3d\x7d\x7f\x18\xca\x24\x01\x85\xa8"
	"\x0f\xbc\x4f\xee\x12\xd8\x2d\x70\xbc\xc2\x15\x04\x1d\x91\xb5\x24"
	"\x9e\x44\xe8\x4c\xc9\x02\x78\x99\x45\xb3\x0e\x82\x84\x95\xed\x69"
	"\x44\x0e\x36\x30\xe3\x96\xa6\x8e\x63\xbf\xb1\x68\x26\xbd\xae\x6e"
	"\xbb\xc2\x95\x2f\x93\x8e\x14\xe8\xc6\x73\xd0\xf8\xf5\xa5\x81\xd8"
	"\x6c\x5b\xcc\xf5\x50\x58\x96\xba\xa3\x25\x15\x68\x53\xe5\xed\x6d"
	"\x00\xd5\x6e\x6e\xa4\xc9\xdb\xdc\x41\x59\xc1\x59\xac\x65\xb6\x93"
	"\x41\x35\xb7\x58\x21\x5f\xff\xfe\x65\xf7\xb2\xff\x3a\xfa\xd3\x78"
	"\x62\x3f\x8e\x87\x6f\x0f\x8f\x4e\x4a\xf4\x34\x07\xa4\xae\x4c\x3d"
	"\x2d\x9d\xc0\xc0\x28\xb1\xca\x62\x18\x93\xb3\xa4\x82\xda\xfa\x19"
	"\xfd\x10\x96\xc5\x96\x9b\x0a\x47\x2f\x45\xaf\xda\x36\x71\xda\x11"
	"\x97\xe8\xbe\xcd\xc7\xad\x13\x64\xaf\xaa\x5a\xab\x49\xbe\x24\x9c"
	"\x78\x9d\x59\x43\x53\x64\x88\xef\x6d\x6c\xd0\xfe\xe6\x95\x96\xf7"
	"\x8d\x2c\x45\x78\xba\x5d\xeb\x89\x70\x6a\x4a\xb6\x18\x42\xa3\x4d"
	"\x10\x2d\xf7\xa3\x49\xe1\x0a\x96\xc2\x0c\x41\x75\x44\xe5\x0a\x43"
	"\xa0\xde\x65\x4a\x93\x0f\x4d\xc0\x01\xb0\x6d\x74\x50\x65\x03\x6b"
	"\x0d\x1a\x44\x24\xb6\xb1\x10\x1b\x86\x92\x81\x90\xdc\x14\x54\xaa"
	"\x76\xd2\x0a\x83\xf7\x40\xfa\xa7\x6f\xe1\x5b\xd7\x51\x1d\x12\x30"
	"\xd3\x74\x21\x98\xba\x1d\xa4\xba\xe3\x59\x4f\x7e\x01\x29\x18\x2f"
	"\xd7\x10\x26\xa6\xb4\x97\x22\x4c\x23\x70\x40\xa9\x31\xd0\xa2\x97"
	"\x6c\x13\xa8\x5e\x1c\xb2\x99\xe7\x24\xe9\xc9\x65\xb0\x4c\x0f\x40"
	"\xb3\x50\xdc\xe6\xae\xff\xeb\x45\x97\x31\x88\x06\x2a\xb8\x3a\x53"
	"\x9a\xef\x8e\xaf\x0f\x58\xc1\x30\x52\xbf\x7e\xb4\x52\xa4\xe8\x73"
	"\xeb\x46\x10\xbc\x61\x52\xc1\x2b\x92\x32\xe2\xb2\x21\xb5\x62\xb4"
	"\x98\xf9\xc0\x7a\xf7\x4f\x17\xdf\x52\x25\x7c\x71\xba\xc0\xe3\x4d"
	"\x72\xd8\x0a\xaf\x18\x37\x99\xa2\x8c\x73\x4b\x8a\x6a\x68\x04\x06"
	"\x06\xd7\xd8\xc5\x84\xf1\x8d\x1b\x8e\x55\xb7\x02\x55\x83\x81\xdb"
	"\xd6\x9e\x96\x38\x81\x81\x56\xd5\xb8\xf3\x4f\xf7\xdf\xfe\x7d\x4a"
	"\x1e\xa5\x37\x03\x33\xb5\x90\xab\xdb\xc0\x4d\x94\xd4\x88\x20\xbe"
	"\xf1\x59\x03\x99\x4d\xac\xc4\x4b\x56\xed\xb3\xcc\xc1\x79\x41\xed"
	"\x61\x1f\x30\xb7\x60\x82\x28\x30\xe7\x61\x29\xd2\x8d\x9d\xa9\xc1"
	"\x3c\x82\x6e\x0c\x9b\xcd\x37\x99\xed\x0b\x9a\x02\x90\x1e\xa4\xd9"
	"\x4c\x3f\xae\x49\xb7\x9a\xbc\xbf\xbe\x6d\xd1\x52\xd6\xec\x6d\x9a"
	"\x16\x6d\xef\x00\xb3\x46\x79\x42\x14\x66\xb2\x6c\x86\x68\x2c\x0d"
	"\x24\x99\x4c\xc6\xde\xd3\x62\x08\xf2\xeb\xd9\x76\xdb\x8f\x8f\x39"
	"\x57\x81\x60\xd1\x82\xf6\xd3\x64\x54\x0d\xf4\xc0\x78\x3e\x19\x1c"
	"\x02\x08\x66\xd3\x77\xf0\xb3\x21\xfc\x36\x3f\x1b\xea\x3f\xe2\xeb"
	"\x81\xc9\xaf\xe4\xd5\xc5\xf5\x79\x3f\x7e\x73\x3d\xde\x5e\x8f\x07"
	"\x38\x98\xe4\x21\x4c\x7f\x60\xfc\x7c\x4b\xfa\x91\xa2\xa7\xf6\xc0"
	"\x08\x21\xee\xdd\xc0\xd0\x72\x16\x4e\x87\x97\x4e\xd6\x2c\x0b\x59"
	"\x3f\x01\x07\x17\x6a\xd2\xf1\x28\xd2\xb7\xc7\xd7\x87\x1f\x8f\xfb"
	"\xd1\x8f\xc7\xdd\x2b\xe6\x74\x00\xf5\xb8\xbf\xaf\xea\xb6\xea\xeb"
	"\xd8\x51\x78\x38\xee\x47\xdf\x76\x4f\x0f\x8f\xbf\x1c\x02\x77\x08"
	"\x2d\xa0\xe5\xfa\xa2\xcf\x47\xab\xf0\x97\x3e\xb9\x86\x66\x06\xe3"
	"\xeb\x52\xbb\xfc\xad\xaa\x18\x97\x0e\x23\x83\x7e\x6c\xba\x86\xc0"
	"\xb4\x1f\x6d\x5c\x54\x39\x40\x90\xe4\x2d\xb5\xd8\xc2\x0b\x05\x81"
	"\xc4\x00\x5e\x5d\x4f\xfa\xb1\x41\x98\x0e\x20\xa9\x00\xfd\x35\xb0"
	"\xef\x6c\xc1\x42\x9e\x70\xd1\x4f\x82\xd7\xec\x01\xc9\x56\x43\x14"
	"\x72\x40\x72\x56\xf4\x56\x2a\x3e\xb4\xfe\x94\x4a\x3e\x30\xc7\x74"
	"\x1b\x0e\xb5\x8d\x18\x51\xd4\x3f\xbb\x94\x20\x85\xba\xb8\xbc\xf0"
	"\x5d\x1c\x9e\xb0\xb3\x6b\xc7\xe7\xab\xc1\x97\x5d\x79\x57\x6c\x84"
	"\x07\xe1\x33\x49\x3f\x47\xf0\x4f\x90\x51\xac\xa5\xba\x23\xcb\x48"
	"\x35\x1b\x3e\x4d\x67\xfe\x04\x1e\x0f\x35\xf6\xbc\x17\x4b\xd2\x59"
	"\x9f\x96\x34\xe8\xb3\x21\x34\xcc\xf9\x72\x48\x11\xa4\x69\xde\x8f"
	"\xbc\x09\xf9\x80\xac\x41\x44\x9a\xac\x19\xdd\x0c\x50\x80\x51\x83"
	"\xf8\x7f\x60\x04\x98\x62\x9c\x2f\xfc\x6a\x10\x6d\x17\x86\xdc\x64"
	"\x40\x58\xa5\x1a\x90\x44\x79\x9e\xaf\xa7\x83\x36\x6e\x7b\x9b\x71"
	"\x39\xb4\xc2\x8c\x4a\x32\x40\x20\x8b\x6c\x3b\x34\x01\xe6\xde\x54"
	"\xba\x58\x45\xb2\xc5\x80\x8e\x42\xb7\x7a\xc0\x3e\x80\xab\x92\x63"
	"\xe9\xd2\x00\xc5\xd5\xf9\x90\x8d\x58\xd3\x6d\x7f\x6c\x62\x2c\x5c"
	"\x7a\x05\x5d\xf4\xe3\xef\x06\xe4\xea\xee\x36\xbb\xe9\x1c\xa7\xfc"
	"\x78\xb8\xdf\xbf\xbc\x1c\x8e\x2d\xe7\x05\x15\xb6\xad\xe7\xf1\x5b"
	"\x2d\x8b\x34\x28\x43\x92\xe3\xc5\xbc\x8b\x9a\x4d\x7f\x5e\xac\x3a"
	"\xa0\x56\x7b\x12\x80\x57\x4c\xdb\xbd\xe6\x1a\xdc\x86\x86\xa0\x02"
	"\x68\x1f\x94\xe5\xaa\x05\xe7\xf9\x2d\xd8\x9f\xd6\x74\x93\xa0\xd3"
	"\x01\x46\xd5\x44\xb2\xa8\xd5\x3c\x9f\x9c\x77\x21\x95\x03\xd7\x62"
	"\x53\xdc\x14\x76\x58\xec\x4d\xc1\xb5\x20\x03\xfa\x55\x17\xe4\x92"
	"\x28\x12\xa5\x32\xc9\x70\xaf\x85\x4d\x0d\x8b\x5d\x1b\x5a\x01\x29"
	"\xed\x69\xa2\x53\x6a\x74\x6b\x47\xfe\x9b\xbc\xaa\xac\xa6\xed\xac"
	"\x0d\x33\x1c\xac\xaa\x87\xfc\xf9\x44\x20\x0b\x40\x0c\x23\xcc\x71"
	"\x78\x08\x2d\x32\x4c\xbe\x29\x41\xdd\x9a\x3f\x9a\x95\x81\x80\x88"
	"\x6a\x59\x56\x9d\x70\xcb\x6f\x5e\xe9\x9c\xf0\x92\x26\xb9\x73\x15"
	"\xb4\x8e\xa4\x95\xa7\xe0\xe0\xb2\x0b\xb3\xd7\x5e\x60\x29\x6f\xb3"
	"\xd0\x5b\x6d\x6e\xd0\xc9\x74\x3b\xb6\xb6\xd3\x86\x35\xab\x3c\x41"
	"\xcb\x3c\x2d\x7a\x94\xdd\x6c\x32\x2e\xa9\x10\x78\x0d\x73\x7e\x75"
	"\x35\xbb\xb8\x7e\x9f\xee\x72\x7a\x79\x3d\x39\xff\x00\xdd\xf9\xec"
	"\xfa\x72\xfc\x01\xba\x8b\xeb\xb3\xc9\x75\xcf\xd6\x27\x93\x9a\x21"
	"\x58\xa2\x54\x5e\xb8\xb5\xf9\x2e\x76\x7e\x61\xe3\x74\xfd\x39\x84"
	"\x3e\x41\x11\xc7\x54\xb8\xe7\x59\xd7\xf5\x53\xb2\xbe\x2d\xb5\x28"
	"\x3a\x37\x7e\xfa\x42\x06\x8c\x88\x5b\x30\x69\x7c\x3c\xcc\xda\x9a"
	"\x32\x4d\xd1\x96\xe0\x6a\x31\x67\xb3\xf1\xf5\xe5\xac\x67\x31\x15"
	"\xcd\xc5\xd9\xec\x72\x72\xdd\xd3\xc1\xe5\x74\x7c\x79\x75\xdd\x73"
	"\xcc\x1a\xaa\xf3\xb3\xd9\x74\xfa\x21\xaa\xcb\x77\xa9\x60\x3e\x17"
	"\xef\x8f\x08\x9d\x4d\xc7\xef\x52\x5d\x5f\x4d\xae\x26\xef\xf7\x35"
	"\x1b\xbf\x3f\x7b\xe8\x69\x36\x3d\x2f\xaf\xce\xa7\x67\x1f\x20\x9e"
	"\x4e\x3e\x30\xbd\xab\xe9\xf9\xc5\xe4\xdd\xa5\xea\x11\x27\x1f\xa2"
	"\x9a\x75\xac\x4d\xf0\x86\x45\xad\x3f\x7e\x1c\x8e\xaf\x4e\x32\xa6"
	"\x27\xec\x01\x78\x55\xf1\x2b\xeb\x64\x67\x2f\x9d\xa7\xe6\x42\x0f"
	"\x11\xed\x5f\x1e\xbe\x3f\x6f\x76\x10\xfe\xe0\x30\x3a\x0e\x92\xa7"
	"\x29\x18\xe5\x0e\x70\xfa\xfc\xf5\xc7\xe1\xe1\xb9\x3d\xad\x92\x66"
	"\x91\xbe\xf7\xea\x19\x37\x04\x85\xd7\x77\xc7\x1e\x77\x4a\x00\xb5"
	"\x8e\x92\xf6\x4d\x58\xfb\x03\x53\x0d\xee\x9d\x5f\x6a\x6c\x19\xcf"
	"\x21\x44\x58\x58\x17\x7e\x26\x83\x92\x86\xdd\xba\x24\x99\xaa\xbe"
	"\xcb\x2b\xec\xce\x78\x32\x58\x2a\xe1\xb8\xdc\x61\xee\xf7\x2b\x03"
	"\xfd\x08\x44\x29\xaf\x11\x58\xa7\x32\x07\x64\x39\x73\x6b\x76\x4f"
	"\x50\x4c\xd9\x7b\x7b\xad\x49\xa6\x8b\x41\xf4\xc4\x77\x8b\xa5\x8b"
	"\x0b\x79\x1c\x63\x11\xdb\xf8\xaf\x70\x6c\xfe\x4e\xd5\x5a\x42\x17"
	"\xb8\xcd\xcf\x4e\x0b\xe7\x0a\xaf\xf4\xdc\xe7\x44\xfa\xa9\x8c\xb4"
	"\xdf\x26\x99\xec\x88\x28\x17\x39\xe3\xf3\xb1\xb5\xc7\x55\xe1\x6c"
	"\xd6\x17\x3f\xd5\x04\x98\x2e\xcd\x14\x11\xbe\xca\xac\x8a\xc6\xbe"
	"\xbf\x37\x8d\x4c\xc5\x67\x63\x3f\xef\xf0\xc9\x11\x8d\x9a\x5c\x3c"
	"\x40\x26\xe3\x71\xab\xa6\x7b\xda\xe3\x44\x22\xea\xbc\x17\x35\xeb"
	"\x6f\x75\xde\x8f\x82\xd1\xc7\x3e\x71\xba\x9b\x4f\x1a\xa6\x1b\xc1"
	"\x5b\x0a\x2c\xe6\x76\x4a\xa2\xd1\x73\x99\x56\x17\x2d\x3d\x7a\xdf"
	"\xbc\x58\x62\x11\x5b\x5b\x9b\x41\x49\xe0\x94\x3e\x73\xf8\xae\x8a"
	"\x3e\x06\x7c\x7b\x9d\x8a\x46\xb3\x56\xa5\x2d\x07\x48\x69\x42\xc3"
	"\xfa\x16\x1d\x53\xfa\xde\xe9\x35\xd7\x57\x79\x9c\x95\x6b\x30\x7e"
	"\x91\x5b\xfb\xee\x94\x04\x25\x7c\x83\x63\xe3\x5b\x07\xb1\xc6\x37"
	"\x55\x6e\x55\x2a\xd2\xe7\xaa\xd7\x95\xda\xd4\x6f\x1b\x72\x62\x5f"
	"\x87\x6e\xfc\x85\x3f\xcd\x1d\xb9\xd6\x8b\x24\x29\x97\xc5\x82\x82"
	"\xc7\xeb\x8a\x78\x75\xe7\x91\x27\x76\xdb\x18\x1c\x43\x67\xe2\x08"
	"\x00\xf9\x8e\xa8\x76\x09\xd2\x4e\x21\x05\x56\x29\xb9\x69\xd7\x8c"
	"\x97\x01\xe7\x6e\x2f\x15\x2f\x99\xe4\xa7\x27\x7d\xee\x3d\x60\xd5"
	"\xa2\xc4\x4b\x29\x3d\x9c\xaf\x26\x46\x1f\xfb\x5c\xe9\xdc\xab\x7b"
	"\x8e\xf5\xee\x87\x6e\xc2\xdd\x7e\x76\xd2\x1c\xc8\x0f\xf8\xda\x01"
	"\x9c\x3b\xb7\x90\x70\x25\xd3\x81\xfc\xb7\xbe\x96\x4d\xf1\xf6\x1c"
	"\xfa\x9d\x9f\x8d\xaf\x2f\xda\x81\x19\xc1\x87\x1c\x6a\x99\xeb\x9a"
	"\x64\xbf\x63\x9d\x50\x70\x8b\xd1\x23\xf3\x0c\x14\x0b\x0e\x1d\x38"
	"\x45\x2c\xa1\xfd\x0e\x0c\x6f\x6b\x60\x3b\xd7\xfa\x5d\x9c\xc1\x34"
	"\x1d\x83\x33\xd7\x57\x4d\x8b\x38\x22\x28\x91\xf3\xcb\x53\x57\xee"
	"\x30\x77\x39\xe7\x4e\x35\xdc\x5d\x50\xf8\xef\x85\xee\x66\x31\x4f"
	"\x7c\xf7\x24\x77\xf2\x54\x7e\xd6\x7a\x58\x98\xea\xfa\x6c\xc7\x3a"
	"\xd4\xc4\xfa\xed\xa3\xa7\xb3\xfa\x56\x53\xbf\xbb\x2c\x19\x17\x34"
	"\x75\x9f\x81\x99\x02\x19\x34\x02\x75\x91\x41\x5f\xba\x12\xa3\x3d"
	"\x38\x72\xa6\x48\x80\x24\x7d\xd7\x06\x88\x2e\x4c\x91\xa3\xe9\xb7"
	"\x75\xa5\xfc\x1e\xbe\x7e\x2c\x22\x68\x98\x10\x96\xda\x85\xb7\x21"
	"\xb2\x1e\xd9\xb0\x65\x69\xd1\xaa\x57\xaf\x45\x8c\x09\x54\x45\x55"
	"\xe3\x52\xdf\xf5\xe2\x28\x58\xf9\x96\xdc\xda\x37\xb5\x09\xde\x53"
	"\x95\x24\xc3\x9b\x2e\xa4\xea\x8c\x67\x64\x95\x08\x10\xee\xa8\x3c"
	"\x5b\x59\xca\x60\x85\x23\xeb\xd2\xef\x46\x0e\x4c\xa9\x01\x25\x51"
	"\xd5\xc0\xbc\x9e\xb4\x4a\x0e\x44\xc0\xb2\x3e\xfb\x0b\x87\xd9\x7e"
	"\xc0\xd1\xc0\x70\x56\x5c\xb8\x6f\xb0\x62\x81\x0f\x46\xd7\x9d\x72"
	"\x19\x53\x81\xaa\x05\xc1\x9f\xf3\x48\x88\xae\xc6\x83\x08\xf7\xb6"
	"\x0a\x55\xbc\x49\xc4\x6d\x45\x82\x25\x19\x72\x69\xb8\x37\x07\x6f"
	"\x16\x0c\x94\xb9\x9e\xa1\xe1\x28\xdd\x3f\x1d\x8e\xbf\x46\xe9\xee"
	"\x79\xf7\x7d\xff\xb4\x7f\x7e\x1d\xf1\x1f\x98\x03\xb7\xdc\x33\x20"
	"\x03\xa6\x58\xd3\xd6\x17\xd6\xd8\x3d\x9e\x3e\x58\x14\xb8\x4c\x93"
	"\xc9\x49\x86\x30\x14\x4a\xb1\xfa\x01\xc4\xd0\x11\xd0\xa2\x2a\xbc"
	"\xda\x30\xb5\xd4\xa5\x8c\xb9\xcf\x27\xa8\xea\x93\xec\xb0\x9d\x71"
	"\x47\x83\x33\x9e\xa6\x45\x15\x2c\x3b\x6c\x23\x82\xf4\xa6\xcb\x6b"
	"\xe4\x87\x5e\x42\x6d\x69\xd6\xeb\xc9\xc7\x49\x01\xbc\x04\x00\x28"
	"\x74\x8a\x7e\x29\x56\xdc\x13\x77\x54\xe3\xd4\x1f\xe0\xeb\xd0\x66"
	"\x26\x96\xdf\x70\xeb\xee\x1b\xa2\x82\x45\xab\x84\xb4\x2e\x72\xd7"
	"\x73\x4e\xb1\xac\xa2\x08\x7b\x2e\x8b\xf5\xfb\x20\xed\xbd\xe6\x58"
	"\xa4\x82\x37\x8e\x2a\x28\x59\x4a\x7a\xee\xba\x9a\x06\x48\xc7\xd7"
	"\x54\xe0\xb3\xac\x0e\xfd\x49\xe3\x81\x69\x82\xa8\x36\x2d\xb1\x76"
	"\xa9\x71\xbe\x1a\x78\x00\x27\x76\xec\xf2\xc7\x9e\x89\x57\xf1\x9a"
	"\x0b\xd1\x4f\xf7\xc0\x96\xc3\xe3\x7e\xfe\xfa\xfa\x6b\x3c\xb2\x3e"
	"\x52\x35\xfb\xe7\xf5\x74\x02\x42\xfa\x3c\x19\x1d\x81\x87\xf3\xcf"
	"\x5f\xf7\x3f\x3f\x1f\x77\x4f\xa3\x9f\x4f\xbb\xc7\xc7\xc3\xfd\xfc"
	"\xec\xfa\x22\x1d\xbd\x3c\xbe\x7d\x29\x9f\x76\x7f\x95\x87\xe3\xd7"
	"\xfd\x71\x3e\x36\x80\xaf\xfb\x2f\x6f\xdf\xe7\x7c\xf4\xa9\x35\x1e"
	"\x1a\x92\x54\x9b\x5a\x2c\xb3\x70\xe5\xa6\x26\x81\x35\xc2\xcc\xfd"
	"\x36\xaa\xee\x05\x45\xbf\xe7\x49\xef\xb6\xe7\xa2\x24\x14\x04\x04"
	"\x06\x2b\xfd\xbc\x8f\x65\x15\x2f\xef\xb0\x96\x1c\x0d\xa8\x35\x29"
	"\x1a\xb3\x8e\x44\xe1\x85\x55\x7e\xf8\xcf\xfe\x68\x1d\x57\xfb\x32"
	"\x2b\x3e\xee\xff\xfd\xb6\x7f\xbe\xff\x35\x7a\xb9\xdf\xb9\xb5\x33"
	"\xa8\x4f\x62\x41\x6f\xdc\x74\x1e\x42\xca\x05\x5f\xe3\xd3\x5f\x51"
	"\xb6\x5f\xbf\xd4\x04\x3d\x06\xe9\x84\xc7\x13\x25\x3d\x1d\x1b\xc5"
	"\xd9\x85\xd7\xce\x03\x0e\xdc\xf7\x7c\xc1\x4b\xcb\x37\x54\x48\xb2"
	"\xee\xcf\xcf\x75\x9a\x60\x5a\x4d\xbf\x79\xf9\x78\x13\x0e\xc2\x0b"
	"\xf3\x89\x3e\xde\x02\x75\x01\xb8\xb6\xda\x10\x7e\xbc\x15\x56\xa3"
	"\x08\x12\xfe\xbd\x46\x3a\xa0\xc0\x87\x67\x43\xfb\xf1\x11\xbe\xfe"
	"\x0d\x7e\xfe\x0d\x3e\xf6\xf1\xcf\x47\x67\xad\xbf\x77\x86\x7d\x9c"
	"\xf5\xd1\x9e\x58\x63\xbd\xb6\x1d\x7d\x6b\x9f\x88\xd1\xd7\xe3\xc3"
	"\x4f\x53\x6a\x62\x0f\x69\x18\xad\xfa\x56\x67\xd0\x45\x9a\xde\xf6"
	"\x9a\x85\x26\x1f\x50\x37\xe8\x25\x5d\x31\xb1\xda\x70\x1e\x0d\x12"
	"\xde\x70\xc1\x6e\x7c\x14\xa7\xb5\xb1\xaf\x8f\xad\x8b\x89\xea\xc9"
	"\x72\x0b\x52\x97\x57\x80\xc3\x20\xd8\xda\xe4\x97\xdd\xe4\x37\x12"
	"\x21\x0b\x51\x09\x79\x5d\x09\x87\x0a\x6c\x7b\xd1\xdb\x45\xaa\x56"
	"\xef\xb6\x57\xab\xfe\x3e\x20\x82\x6a\x75\xa1\xd7\x0b\x6c\x3b\xad"
	"\x79\x14\x75\xb7\xb0\xca\x07\xb1\xbe\x1f\x2b\xd0\xb9\xdb\xea\xb6"
	"\xd8\x47\x68\xc7\x86\xea\x44\xd1\xce\xb6\x22\xea\x6a\xb2\xdd\xbe"
	"\x3b\x14\x12\x66\x74\x53\x3d\xa8\x1f\x24\xd6\xb5\x27\x34\x92\x0d"
	"\x0b\xc0\x33\xc9\x7d\x2f\x98\xe3\xc7\xc3\x0e\xdf\x88\x8f\x74\x42"
	"\x6e\xb4\x7f\x7a\x7b\xdc\xd9\xe5\x0c\xe4\x75\xf4\xb8\xdf\xbd\x80"
	"\xcf\xf1\xbc\x6f\xb0\xa3\xa7\x37\x00\x7d\xd9\x57\xd5\x0d\xfb\xaf"
	"\x8d\xc8\xac\x63\xcb\xcb\x82\x8f\x9f\x33\xfb\x71\x9f\x1d\x4f\x56"
	"\x15\xa1\x98\x0f\xa8\x31\x7a\xc8\xe2\x05\xf6\xe1\xc7\xee\x7e\x3f"
	"\xfa\xf2\xf0\xbc\x03\x37\x52\x3f\x9e\x79\xb5\xdc\x1d\x2c\xb5\x4c"
	"\x15\x96\x15\x3b\xcf\x9e\xaa\x57\x4f\xd6\xcf\x8d\x08\xaa\x4d\xe4"
	"\x49\xdb\x61\x21\x72\xf5\x7c\xd9\x17\xa7\x9a\x6e\x65\x28\xcc\x9d"
	"\x97\x95\x96\xd3\x08\x0c\xdd\x07\x2a\x6f\x79\xd1\xe3\x4f\x99\xd6"
	"\x29\x93\xa1\xf7\x71\x8d\xa0\x55\xc1\xbe\xc9\x8f\x6a\x53\xfc\xd4"
	"\x78\xce\x1d\x67\xaf\xaa\x1d\xb6\x7c\x59\x03\xb0\xea\xa4\x9a\x24"
	"\x65\x85\x92\x2b\x96\xeb\x9b\x1c\x5f\x34\xcc\x15\x39\x99\x55\x2b"
	"\x83\x12\xc0\xfe\xe8\x78\xdf\x17\x96\x80\x07\x99\x50\x6a\x6d\x75"
	"\x0d\xa9\xb2\xac\x8d\x8b\x9c\x6a\x77\x44\xe3\xfc\x1d\x6d\xc8\x8a"
	"\xea\x9f\x87\x70\x3a\x3b\x41\xab\xa9\x59\x09\x30\x07\xbb\xb0\x03"
	"\xe1\xb4\x35\x72\x27\x50\x6f\xce\x88\xfd\x83\x48\xfe\x79\x39\x0f"
	"\x37\x36\x37\xc6\xb2\x59\x75\xd8\x9d\x6a\x68\x7d\xc1\x9a\x3a\x8f"
	"\x22\x9c\xef\x2a\x10\x36\x3b\x92\x73\x29\x59\xe7\x2a\x48\x47\x68"
	"\xed\xfd\xad\x8a\x4e\x4e\xfb\xe1\x69\x9b\x51\xe5\xbe\xa1\x85\x20"
	"\x44\x38\x91\x2f\x02\x69\x0d\xd3\x92\x96\xed\x5f\xff\x73\x38\xfe"
	"\x89\x87\xbf\x23\x63\x60\x95\x57\xae\xe3\x66\x20\x10\xfb\x11\x5f"
	"\x06\xa0\xc8\xd8\xd6\x29\x23\xdc\xc2\x31\x72\x76\x43\xc3\xda\xad"
	"\x9b\xdc\x65\xe2\x3b\x90\xdb\xd8\xfe\x09\x2c\xfc\xd2\xbf\x1b\xd5"
	"\x02\x55\x2f\x43\x6d\x90\x76\x03\x62\x12\xd2\x16\x5c\x16\x01\xbe"
	"\xf6\x61\xe1\x6d\x0b\x61\x72\x5b\x1d\x72\xf0\x51\x99\x54\x2c\x94"
	"\xed\xfe\x73\x37\x9a\x44\xe6\xae\xe8\xad\xf3\xcb\x1e\x06\x54\xf7"
	"\xec\xfb\x51\x26\x67\xd3\xe0\x7c\x6a\x93\xea\xfe\x80\x09\x40\xeb"
	"\x92\x59\x08\x8d\x0a\xd5\x2a\xed\xc4\x07\x37\x01\x16\x52\xd3\x6e"
	"\x5c\xdf\xea\x17\x4d\xb5\x4e\x13\xc9\x56\x0f\xba\xdb\x8a\x86\xf4"
	"\xbc\xb9\x3f\x91\x81\xa5\x0f\xb8\xa4\xfe\x71\x0c\x49\x98\x10\xe9"
	"\x5c\xfa\x03\x26\xcf\xf2\xf6\x77\x19\x2d\xc3\x2e\x10\x63\xa9\xbc"
	"\x35\x41\x84\x0b\x22\x7c\xda\x43\x4b\x7a\xce\x5a\x3b\xc1\xf2\x05"
	"\x2a\x7e\x38\xde\xdb\x36\x02\x5f\x89\x67\x34\x69\x6f\x94\x6e\xd1"
	"\xc3\x3c\xbd\x2a\x77\x9f\x6c\x96\xd9\x6c\xb5\xe6\xcc\x52\x99\x96"
	"\xeb\x89\x0f\x38\xb5\xdf\x1e\x66\x60\x00\xf8\x8a\x51\xd9\x9e\xe9"
	"\x5a\x31\x17\x54\x44\x7d\xb3\x8f\xb9\xff\x4e\xbd\xc2\x35\xcb\x96"
	"\x3d\x52\x58\x92\xa5\x9d\x47\x43\x4d\x21\xdd\x5d\xa8\x60\x78\x13"
	"\xd4\xf3\xa2\x80\x99\x69\xff\x3f\x65\x57\xd6\xdb\x38\xae\xac\xff"
	"\x8a\xe1\x87\x83\x7b\x81\xc6\x39\x5e\x62\x27\x3e\x40\x1e\xb4\x50"
	"\xb6\x26\xda\x22\x4a\x5e\xfa\x45\xf0\x24\x9e\x99\x60\x3a\x49\x23"
	"\x71\xf7\xcc\xfc\xfb\xc3\x22\x25\x99\xa4\x58\x94\xfc\x94\x98\xf5"
	"\x89\x4b\x71\x2b\x16\x8b\x55\xea\xbc\xe0\x89\x7c\xc6\xb4\x35\x97"
	"\x29\xc6\x44\x31\x1f\x41\x28\x28\x72\x27\xa1\xaa\x13\x39\x1d\x61"
	"\xcf\xc0\x25\x44\xff\x16\x56\x20\xbd\x16\x5e\x66\x4a\x06\x7e\xd7"
	"\xc9\x2a\x1f\x72\x67\x87\x2d\x83\x6d\x11\x6c\xf4\xc1\xc3\x30\x69"
	"\x99\x81\x52\xd8\xbf\xeb\x76\x3e\x1b\x48\xae\xfc\xb4\xaa\x4d\xf5"
	"\x4a\x73\xfa\x8e\x15\x01\x12\xff\xc5\x11\x4b\x4b\xda\xb0\xff\x58"
	"\xf2\x65\x79\x6d\x09\x94\xfd\x6b\x5e\x81\x5b\xc8\xc1\x8d\x1c\x3b"
	"\x64\x4b\xd6\x88\x55\x58\x0b\x49\xb6\x76\x3a\xdc\x1f\xa3\x56\x31"
	"\x2d\x2a\xca\xfa\x2a\x92\xa4\x76\xc4\x81\x38\x1b\x3b\x22\x8c\xa2"
	"\x30\x49\xc3\x9e\xf6\xf8\x5e\x2f\xe3\x3c\x7f\x6d\x07\xb8\x6e\x6e"
	"\xb9\xf5\x10\x9d\xdc\x79\x2b\xc0\x7b\xdf\x98\x6f\x83\xc8\x35\x26"
	"\x68\xe4\xa6\xf8\xfb\xf1\xaf\x2f\x4f\x63\xb5\x5a\xb1\xbf\xd0\x5e"
	"\xf0\xb4\xab\x95\x6c\xe0\x05\xbf\xea\xed\x07\x2e\x53\x03\x13\xa5"
	"\x52\x9f\x3f\x71\x82\x70\x16\x01\x1b\x68\xe5\x3b\xbe\x3a\xbf\x96"
	"\x9d\x45\x67\x69\x5a\x75\x96\x03\x96\x9d\x65\x77\xdd\x81\xd2\xe3"
	"\x30\x5b\xaa\x5b\x09\x4b\x0c\x23\x07\xcd\x05\x5d\xa8\x96\x48\x6a"
	"\xef\x52\xb5\xec\x59\xab\x96\xd6\xc5\x4a\xa6\x72\x1e\xd7\xce\x37"
	"\xb4\xe7\xe9\xbc\x5d\xca\x76\xc1\x53\x68\x58\x74\x53\xaa\xa5\xe2"
	"\xab\x04\x52\x13\x9f\x1d\x4c\xf8\x15\x61\x71\xc8\x88\x46\xec\x6e"
	"\x38\x3c\x59\xdb\x2d\x55\x22\xb6\x1d\x35\xc4\x3a\x53\x64\xd4\xd9"
	"\xb6\x55\x68\x43\xe9\xc2\x5b\x30\x3d\xb9\xdd\xa5\xd5\xd2\xcc\x3b"
	"\x35\x56\xb2\xb4\x3f\xab\xd9\x50\xb2\x5e\x56\xd1\xae\x5b\x6f\x03"
	"\x6c\x13\x3b\x1e\xb6\x1b\x63\x2f\xf9\x19\x09\xbc\x73\xc2\x81\x21"
	"\x76\x54\x2f\x0b\xb0\xa1\x64\x45\x56\x4b\x55\xc1\x01\xcb\x9a\x7f"
	"\x9f\x6d\x0e\x42\x6f\x5a\x38\x71\x66\xbe\xaa\x63\x50\xfd\x8d\x76"
	"\x9b\x64\xd8\x9a\xc4\x0b\x17\xe5\x2b\xa1\x21\x01\xcb\x1e\x76\x80"
	"\xf8\xed\xe5\xdb\x99\x1d\x57\x11\x0f\xb6\x97\x9c\x4d\xc7\x91\x9a"
	"\x04\x7c\x09\x13\xbd\xd1\x2a\x11\xf3\xf1\xd6\x05\x72\x9f\x94\x96"
	"\x62\x2a\xf1\x4c\xac\x21\x83\xab\x94\x24\xe1\x57\x9b\x4a\x2a\x77"
	"\x5d\xd6\xf1\xf0\x57\x13\x58\x56\x3e\xd9\x9a\xaa\x23\x65\x57\xd5"
	"\x3d\x69\x22\x99\xfa\x59\xa6\xc3\x0d\x18\xed\xcb\x1f\x2e\x42\x03"
	"\x8a\x94\xd0\x75\x22\xa2\x90\x61\x90\x60\xea\x8a\x0e\x90\x8f\x26"
	"\xa4\x36\x05\x7f\xa1\x9e\xb2\xed\x51\x16\xe6\x65\xca\x5a\x36\x59"
	"\x95\x09\xd4\x2b\x90\x4f\x98\xe4\x15\x85\x05\x41\x9a\xe6\x80\x1e"
	"\xd8\x41\x88\x81\x9e\x67\x4b\xd9\xcc\x67\x73\x84\x14\xe6\x1e\x42"
	"\x31\xb8\x94\x54\xe8\x6c\x24\xb8\x61\xaa\x7b\xbb\x52\xfb\x3a\x41"
	"\x99\x77\xe9\xca\x0c\xad\x36\x75\x54\x77\x05\x2a\x31\xec\xcd\xba"
	"\x08\xba\x5c\x36\xcd\x38\x99\x60\x1f\x1e\x9d\x19\xb5\x8e\x4a\x76"
	"\xea\x2b\xcc\x35\x49\x1c\x95\x77\x09\x58\xbf\x10\xa2\xb8\xdc\xa9"
	"\x93\x91\x91\x74\x21\x99\xc6\xc5\x85\xda\x19\x4f\x40\x32\x0c\x16"
	"\x48\x0e\x0c\x50\x31\x0a\x64\x8e\x40\x2a\xca\x62\x20\x16\xa6\x7c"
	"\xc0\x0e\x1b\x8c\x0c\xb4\xcc\xd0\xad\xe7\xc2\xd0\x7d\xbb\xe3\xf1"
	"\x35\x76\x7f\xe6\xbe\x06\x47\x4f\xef\xaf\xbf\xbe\xbc\x9d\x9e\x47"
	"\xb5\x4f\x68\xd3\xfa\xba\x2f\xf4\xf5\x46\x26\xc1\x70\xa8\xc9\x4a"
	"\xce\xe7\xe3\xc7\xef\xa7\xb3\xa2\xf3\x56\xbe\x2b\xc0\x22\xa0\x10"
	"\x1e\x72\x7b\x06\xc3\x05\xcd\xdd\xc6\xd1\x32\xee\x69\x6a\x0b\xaf"
	"\x37\x36\xa4\xea\x0d\xea\xd2\x82\x1e\xd4\x65\x6d\xb5\x01\x0b\xf3"
	"\x76\x73\x41\xf8\xd4\xcb\x06\xb6\x60\x13\xf5\x65\xb6\x81\x1a\x0d"
	"\xcc\x0d\xb4\xf5\x1d\x83\x51\x13\x30\x32\xbe\xa2\x36\x22\x95\x2d"
	"\xcf\x00\xb0\x30\x4c\x9d\xbf\x86\x6f\x13\x70\xc3\x96\xf5\x60\x82"
	"\xde\x2a\x24\x41\xb3\x73\x5b\x1b\x9d\xa4\x7c\x59\x1b\x3c\x18\x41"
	"\xf5\x66\x76\x36\x6e\x44\x9b\xa6\xae\x01\x57\x18\xdf\x87\x18\x91"
	"\x6c\x6d\xda\xf7\x8c\x6d\xee\xdc\xc8\x0e\x19\x34\xa8\xd9\x81\x2e"
	"\x56\xad\x20\x11\x14\x3b\x46\x80\x57\x8d\xac\x73\x19\xd4\xac\x0b"
	"\xaf\xc7\xf3\xd3\x1f\x27\x7c\x5d\x88\xb9\x15\x29\x18\x17\xc0\x91"
	"\xa1\x8f\x15\x02\xad\xf9\xa5\x34\x20\xba\x5e\x44\xad\xe8\xa8\xa4"
	"\x85\xf1\x5e\xd1\x04\x66\xa2\x9c\xe2\xaf\xc3\x88\x49\x12\xf7\x50"
	"\x10\xda\x57\x4d\x86\xb3\x08\xf2\x46\xb8\x6a\xb3\x80\xa0\x2c\x3d"
	"\x7c\x01\x35\xa2\xaa\xb5\x86\x59\x39\x94\x8b\xb0\xdb\x0e\xc6\x92"
	"\xed\x55\x3d\x34\x64\x09\x15\x48\xe2\x25\xd6\x86\x0b\xbd\x00\x4e"
	"\x07\x27\x3d\xfd\x3c\x6e\x6d\xbb\x2c\x90\xa8\x87\xb5\x42\xd1\x30"
	"\xac\x55\x61\x96\x3b\xc9\x9a\x58\x0b\x8c\x66\x85\xbd\x69\x11\x49"
	"\xd6\xc5\xc6\x0e\xe9\x6d\x39\x3b\x92\xf6\xd0\x7b\x46\x9e\x38\x40"
	"\x0b\xf5\x86\x8d\x3d\x49\xa0\x1f\xd4\x6c\xe8\x94\x06\xc3\x38\xa9"
	"\xf9\x83\x30\x20\xf4\x4b\x1d\x13\x64\x73\xa0\x6c\x08\xdb\x31\x0f"
	"\x85\xaa\x04\x31\x60\x1e\xcb\x54\x7e\x8e\x85\x21\x66\x03\x20\xf5"
	"\xce\x6c\xe3\xd1\xc0\x0d\xac\x06\x13\x27\x8a\xad\xe5\xb2\xdd\x4d"
	"\xac\x83\xb6\x32\x41\x92\x1e\x56\x20\xb8\x0f\x26\xf6\xb1\xa7\x05"
	"\x5d\x41\x10\x5c\x49\xd8\x83\xca\x15\x33\x57\x03\xa4\xdd\x00\x2d"
	"\x10\x26\x59\x59\x01\xe5\x5c\x53\xff\x80\x01\x1b\x76\x27\xb6\xa5"
	"\x9d\x2d\x34\xcc\xfe\x3b\x40\x2f\x12\x80\x76\x36\x77\xb8\xde\xe8"
	"\x06\x3b\x95\xea\x24\xc1\xec\x26\x5d\x3e\x5b\xf8\x65\xc6\x93\xb1"
	"\xf3\x3c\x28\x2d\x90\x0b\x34\x41\xec\x94\x95\x93\x5f\xc0\x4e\xba"
	"\x93\xce\x0f\x4a\xa6\xc4\xd8\xa1\x4c\x80\xcb\x1d\x9f\x98\xe9\x66"
	"\x65\x00\xa7\x64\x86\x43\x94\x7a\x5a\x67\xac\x66\xe9\x61\x66\xb8"
	"\x68\x4b\x82\x46\x1a\xd9\x98\xd3\xc5\xde\x22\xf7\x5a\x4b\xca\x33"
	"\xd1\xfb\xe6\x8b\xbf\x16\x56\xc8\xbe\x8c\x05\x41\x57\xa1\x89\xd4"
	"\x56\x8a\xfc\x45\x93\x21\x15\x32\x3d\x24\x5c\x28\x44\x4b\x55\x44"
	"\x6e\xe5\xd3\x0b\x93\x11\x80\x2e\x8c\x6b\xf5\x6a\xa5\x5b\xad\x95"
	"\xc9\x3a\x22\x68\x7d\x6b\x41\x0b\xf1\x62\xa0\x40\x19\xaf\xfb\x41"
	"\x8c\x9d\x68\xd3\x73\x67\xa7\xd7\x8e\x89\xbe\x25\xb8\xd7\xd2\xd3"
	"\xd9\x78\x36\x0f\x07\xa7\xe9\x56\x03\xe1\xd2\xd6\x7a\xb2\xfe\x5c"
	"\x5e\x3b\x5d\x97\xf8\x74\x5d\x22\xd3\x75\x69\x9e\xae\x4b\xf3\x7c"
	"\xbc\x4c\xbd\x65\x47\x25\x69\xc8\xac\x9e\x91\x4b\x23\x4f\x97\xda"
	"\xbc\x91\x7a\x64\x29\x4f\x1d\xa4\xd7\x24\x0c\x29\xc3\xe5\x0d\x5e"
	"\x86\x00\x01\x8f\xd0\x52\xe0\xd4\xd1\x5f\xce\x26\xea\x2b\x04\x1a"
	"\x2b\x6c\xb8\xd0\xa2\xe2\x4d\x5f\x26\xd2\x18\x31\x67\x61\x8c\xd1"
	"\x51\x23\xe4\x73\xbf\x4a\xe9\x0e\xbc\x65\xcf\xc2\xb0\x1c\xba\x32"
	"\x2c\x95\xa9\xaa\x26\x8b\x69\xa3\xe7\xda\xcc\x1c\x1b\xd3\x13\xc4"
	"\xa2\xad\xd1\xfb\x07\x15\x71\xbb\x9a\x2b\x79\x62\xa3\x27\x08\xd8"
	"\x3a\x35\x41\x42\x72\x44\x8f\x5c\xb7\x62\x11\xa7\x9c\xc2\xa4\x4f"
	"\xaa\xa5\xe7\xcb\x0b\x16\xf6\xbb\xda\x9a\xde\xbc\x53\x79\x8f\x11"
	"\x8d\xeb\x5c\x72\x84\xeb\x98\x55\x19\x7c\xb3\x69\x8f\xa8\x6a\xfa"
	"\x36\x72\x92\xba\x87\xcd\x77\x2b\xc2\x83\x31\x57\x1e\x39\xfa\x1d"
	"\x0e\x4b\x32\x3d\xe9\x85\x2c\xef\x26\xb3\xa9\xe2\x26\xee\x92\x5a"
	"\xad\xb7\xb9\x99\x83\x12\x26\xc6\x30\x3e\x5b\x8f\x89\x31\xd0\x5a"
	"\xa4\xa8\x3a\xd9\xcf\x19\xd2\x85\x88\x87\x93\xc2\x89\xcc\x3a\x98"
	"\xfd\x6c\x81\xbc\x2d\xca\xcc\x6e\x14\xb3\x4d\x9a\x20\x02\xd6\x32"
	"\x4a\x77\x99\x83\xec\x28\x84\x10\x68\xfd\xe2\x06\xb1\x0a\x6a\x02"
	"\x8b\xf0\x75\xfe\xf1\xc7\xe9\xc7\xe9\xe5\xed\xf7\xff\xd4\x5e\x01"
	"\xc5\x23\x06\xa5\x7f\x28\x9c\x9b\xdd\x47\x3c\xb7\x6a\x53\xb8\x7a"
	"\xa7\xf2\xe4\xc0\x68\xd6\xd9\x90\xb3\x9c\xfb\xae\xef\x7c\xc6\x4f"
	"\x54\x8f\xa8\xd9\x0e\xe5\xb2\xba\x6f\xa5\xd3\xc0\xed\xa1\xdb\xf3"
	"\x2f\xc8\x63\x64\x07\xb8\x81\x95\xbe\xee\xab\xa1\x4f\x75\xc5\x67"
	"\x07\xc2\xfe\x92\xd8\x9e\x49\x9e\x5b\xe9\xf1\x23\xf0\xd8\x0a\xf1"
	"\x36\xe9\x03\xb1\x22\x1e\x7b\x78\xe5\xe9\x8f\x96\x3b\x88\xe0\x71"
	"\x10\xc8\x4a\xde\x6c\xec\x0c\xcf\x42\x62\x19\x6a\x97\x3b\xd6\xee"
	"\x87\x11\x62\x06\xdb\x32\xb9\xfb\x86\x5b\xcc\x90\x6f\xc7\xcf\xcf"
	"\x97\xdf\x5e\x9e\xba\x37\xbb\x4c\x30\xd4\x8c\xd6\x58\x02\xb8\xb8"
	"\x55\xed\x58\x1a\x42\xe1\x85\x89\x4f\xf6\x68\x2d\x00\xc3\x6f\xeb"
	"\xb1\x19\x0d\x80\x60\xd7\x2d\x51\x9c\xd8\xda\x67\xbf\x3c\x81\xbf"
	"\x54\xe9\xa6\x9a\x2e\xd7\x79\xb9\x74\x9b\xd9\x2b\xc6\x00\x4b\x5b"
	"\xbd\xa2\x74\x67\xca\x18\x0d\x8c\xd4\xb2\xab\xa3\x15\x6d\xf3\x23"
	"\xb9\xb5\x4a\x5c\x4c\x31\xc7\x3d\xe1\xc6\x7a\xb1\x1a\xe5\xf0\x92"
	"\x26\x1c\x43\x43\xe0\x4e\x25\xcf\x9a\xe8\xc5\x38\x27\x6a\x08\xd7"
	"\x92\x5a\x8b\xd5\x4f\xd1\x12\x25\x26\x85\xd3\x57\x00\xbc\x0b\xb4"
	"\xf0\xcc\xf1\x34\x5b\x67\x07\x6e\x8e\x41\x01\xa4\x5f\x1f\x70\x0a"
	"\xb8\xd4\x46\x72\x03\x72\x1c\xe6\xb9\x1a\x82\xaa\xa1\x50\x27\xce"
	"\x22\x62\xf9\x54\x7b\x25\xd0\x24\x63\x32\x55\x5b\x55\x62\xb9\x4e"
	"\x13\x25\x87\x96\x5e\xe0\x80\x07\xb7\x37\x13\x4f\xbb\x83\xeb\x00"
	"\x40\x84\xb0\x02\xd8\xe0\xb4\x97\x50\x2b\xad\xfb\xaa\x1a\xa7\xbe"
	"\x15\x12\x06\xc4\x4a\x17\x76\x37\x60\x4d\x6d\x19\x15\xa1\x6c\x31"
	"\xdf\xae\xb7\x61\xa0\xec\xbe\xbe\x67\xde\x32\xfd\x04\x1e\x94\xd3"
	"\x14\x82\xca\x9a\xe5\x61\x26\x80\x3a\xdc\x7d\xb1\x91\x9c\x66\x24"
	"\xd9\xd2\x5d\xc8\x46\xaf\x59\x5a\x13\x87\x41\x8a\x1a\x06\xc1\x3d"
	"\x3a\x6a\x1c\xcf\x86\x21\xfa\x65\x95\x20\xfe\xe9\x37\xd4\xb2\x6d"
	"\xf2\x9a\x6a\x36\x2c\x0a\x22\x9a\x83\xb2\x01\x34\x63\x36\x54\xe2"
	"\x51\x93\xf3\xfb\x87\x24\xdd\x33\x9a\xa4\x89\xcc\xe5\x78\x75\x79"
	"\xc0\x43\x3d\xca\xb6\x70\xfb\x8c\x1a\x82\x96\x71\xdb\x27\x6c\x6f"
	"\x97\x30\xb5\xc5\x39\x32\x38\x72\x08\x3e\x48\x0f\x95\x1a\xd0\xc8"
	"\x7d\x8c\xd4\x48\x45\xbf\xa8\xcf\x5f\x78\xf0\xa2\x22\x27\x4e\x6c"
	"\xf0\xb9\x2d\xdb\x57\x47\x10\xd3\xb5\xd6\xc0\xcb\xcf\x2a\x46\xe7"
	"\xd3\xe7\xd9\x20\x68\x66\x0f\x05\x16\x52\x93\x9f\x13\x20\xea\x43"
	"\x9c\x26\x61\x81\xf8\x28\xdd\x38\x71\xee\xf8\x18\x53\x90\x19\x8d"
	"\xb8\x05\x77\xd8\xd1\x71\x8f\x3a\xda\x0d\xaa\x07\xc4\xd5\x6a\x1f"
	"\x63\xe0\x51\x42\x5e\x2a\xba\x99\x5d\x08\x21\xac\xa9\x21\x45\x75"
	"\xa7\xb7\x23\xdc\x5e\x41\xd6\x13\xf2\x24\x35\x08\x65\x9d\x24\x7b"
	"\xb1\xf1\x82\x35\x1c\x08\x24\x8b\xfb\x24\xe2\x09\x3c\xda\x34\xd8"
	"\x50\x76\xb1\x30\xb8\x49\xc4\x26\x6f\x5e\xed\x9c\x3c\x61\x02\x94"
	"\x3a\x0c\x1b\x98\x47\xf2\xa2\x8d\x0b\x54\xa5\x49\x89\xc4\x0e\xbc"
	"\x64\x2b\x4c\x6f\x33\x93\xbd\x47\x8b\xe2\x8f\x54\x20\xc2\x42\x4e"
	"\xd6\xbe\x6b\xa8\x9d\x97\xfb\x8e\x14\x47\xbd\x5b\xce\x4e\xdb\x28"
	"\x2f\xc7\xad\xd0\xe5\x08\xcc\x4b\x6c\x87\xa8\x91\x40\x46\xe0\xb7"
	"\x6a\xdc\x21\x03\x84\x79\x93\x1f\xe4\xef\x42\x96\x6a\x3e\xd7\x07"
	"\x0f\x61\x84\x8b\xc0\x2b\xc4\x57\x8b\x13\x9a\x37\x1a\x8f\x64\x70"
	"\xbd\x85\x1c\x73\x02\xf3\xb8\x85\x57\x57\x28\xcd\x89\x69\x99\xe0"
	"\xdf\xb2\xf4\x2a\x4b\x16\x37\xb7\x28\x35\x20\x4e\x51\xe6\xa4\xa2"
	"\xc9\x74\x32\x29\xf1\x4c\x96\x66\xde\x13\x08\x00\x01\x7a\x19\x82"
	"\xd6\x1d\xfc\x3e\x20\xb3\xce\xc9\x1b\xc7\x3f\x11\x71\x1e\x70\xd0"
	"\xc3\x6c\x31\x71\x6c\xcc\x01\x65\xe2\x1a\xd9\xea\xb2\xae\xdc\xa3"
	"\xbe\x95\x41\x76\x6b\x93\x7d\x6c\xb3\xbd\xd2\x42\xf7\x30\xc9\x56"
	"\x6f\xd6\xbd\x5a\xfc\x36\xbe\x00\x92\x2d\xec\x86\xc6\xc1\x79\xe0"
	"\x8e\x2e\x6a\x84\x1e\x26\xc6\xb0\x88\x8b\x17\xb3\xdc\x00\x66\xad"
	"\xa9\x6c\x6a\x77\x75\x3f\x5f\x9e\xe4\xa7\xbf\xb2\xc7\x89\xd8\x75"
	"\x9a\x25\x7d\x7d\x7a\x3b\x7d\xbc\x3c\xd5\x40\xc9\x97\xc9\xe5\x75"
	"\x9b\x88\xbb\x26\xae\x98\x11\x65\xcc\xb6\x88\xb3\x80\x1a\x95\x53"
	"\x60\xa4\x16\x29\xf1\x7d\xb2\x5c\xe4\x18\x84\x79\x0c\x71\x2b\x85"
	"\x93\x0d\xc9\x5d\xca\xae\x6a\x7d\x4e\xb4\xab\x6e\x0d\x0d\x93\xfa"
	"\x6d\xad\x1c\x61\xb1\xc8\x9d\x16\x71\x3f\x3e\x7f\x7e\xaf\xde\xde"
	"\x7f\x1e\xcf\xa7\x3f\xff\xf3\x76\x9e\x2f\x17\xb3\x45\x75\x9c\xcc"
	"\xaa\xa7\xcf\xf7\xf3\xbf\x7f\x7d\x79\x1b\x9b\x3f\x04\xd7\x2f\xf7"
	"\xe3\xdf\x5e\x3e\x5e\xff\x3a\x7e\x9c\xc6\x9d\xca\x54\x92\xc7\x51"
	"\x43\x5d\x65\xb2\x1c\x3f\xa2\x75\xf2\x02\x9b\x29\x84\xcb\x90\x1e"
	"\xc5\x6a\x51\xf0\xc4\x6b\x73\x84\xc3\x1c\x40\xb6\x39\xa2\xad\x14"
	"\x00\xd8\x0e\xea\x6c\xd8\xca\x1b\x63\x3e\xf0\x39\xcc\x81\x27\xb3"
	"\x0d\x98\x07\x2c\x33\xcf\xaa\x03\xad\x36\x07\xd6\xa8\x6d\x48\x91"
	"\x6d\xbb\x8d\x44\x9e\x95\x75\xe8\x57\x6a\x71\xc7\xd4\x78\x70\xd7"
	"\xc2\xcc\xb3\x8d\x42\xb9\xde\x11\xbf\xab\x50\x0e\xe4\x5c\xa7\x51"
	"\x39\x0e\x59\x9d\x16\xc7\x72\x1c\x45\xf0\x4a\x4a\x37\xac\x53\xfd"
	"\xda\xdb\x8f\xc2\x6c\x46\x0c\x08\x78\x40\xe2\xd6\x49\x66\x76\x42"
	"\x24\x1c\x63\x98\xdc\xa6\x19\xc2\xfb\xe1\xc5\x9b\x62\xeb\x96\xf2"
	"\x99\x4f\xbc\xee\x63\x7b\x2f\xbc\x99\xe0\x3e\x62\x6b\xc8\xe2\xef"
	"\xbf\x7b\x20\x88\x10\x94\x7b\x31\x2d\xdc\x6a\x1d\x52\x97\x01\xcd"
	"\xbb\x0a\x1c\xbd\xc0\x27\x14\x78\x6b\x35\x8f\xa2\xc6\x6f\x74\x25"
	"\x7e\x9b\x37\x2e\x76\x32\xea\x84\x24\xbb\x8c\x85\x04\xf1\x3a\x1d"
	"\x17\x26\x21\xd6\x2f\xa4\xee\x4d\x15\x7d\x41\x1a\xc0\xbb\xda\xa2"
	"\x30\x5b\x08\x30\x2a\x3c\x59\x87\xf7\x12\x72\x06\xb5\xb3\x2f\x23"
	"\x09\x6c\xba\x14\x29\x8d\xa5\x85\xf9\xa3\xf2\x5b\x79\xb6\xca\x7e"
	"\xc7\xbe\x3c\xac\xd2\xa0\x71\xca\xe7\x57\xc2\x65\x9d\x5c\xdb\xda"
	"\x39\x10\x1a\xf2\xe0\xe2\x5d\x58\x44\xa3\xd3\x45\x9f\x3a\x09\x8f"
	"\xc7\x6b\x8a\xf2\x93\x94\x51\x04\x3f\x4c\xce\x88\x72\x47\x3a\xa6"
	"\xc0\xaf\x6a\x97\x87\x05\x51\x17\x26\x9e\x1e\xe5\xe5\x30\x5a\xfb"
	"\x60\x7d\x76\xd3\xad\x8b\xc7\x56\x38\xf1\xb0\xc0\x12\x53\x38\x52"
	"\x02\xd4\xc8\xa9\xdc\x2d\x5e\x1b\xb9\xbc\x9b\x3b\x04\xe7\x49\x23"
	"\x2d\xbc\x4c\x07\xe6\xe7\xae\x6f\x05\x24\xae\x6f\xa9\x9e\xc2\x33"
	"\x29\xb1\x13\x52\x5d\xa6\x71\x21\x52\xf5\xe5\xe7\xf9\xe0\x3e\x89"
	"\x1d\x88\x3c\x7f\xeb\x63\x17\x0d\x7c\xc8\x54\x04\x79\x98\xdc\x96"
	"\x80\x34\x28\xd9\xc6\xa4\xc2\x84\x3d\xa0\x89\xab\xb7\x6e\xa0\x8f"
	"\x97\xcf\x27\xd3\x2a\x45\x49\xc2\x56\x78\xf0\x49\x40\xe7\xd1\x76"
	"\x32\x43\xaa\xed\xb3\xfd\x74\x5f\xf9\x59\x6a\x16\xcf\xb9\xd3\x17"
	"\x98\x57\xe6\xbb\x0d\x8f\xae\xe6\x33\x7a\x33\x41\x44\xc8\xc4\x8b"
	"\x52\xca\x65\x50\xd8\x70\x3c\x64\xb3\x73\x32\x9f\xae\x98\x30\xef"
	"\x20\xba\x83\x90\x46\xb3\xd5\x64\x32\xb7\x10\x11\x2f\xc6\x0d\x0f"
	"\x0a\x06\x5a\x2c\xec\x18\x77\x33\xbd\xbd\xb5\x43\x78\x45\x57\x13"
	"\xf3\x81\x62\x13\x7b\xcb\xf9\xc2\x7c\x3b\xe5\xd3\xe9\xf2\x6e\x86"
	"\xdc\x23\x56\xbe\xe3\xdd\x2e\xa6\x66\x72\xc9\x36\x00\xa1\x03\xa9"
	"\x02\xea\xac\x6e\xee\x26\xc8\xa5\x55\x51\x30\xfe\x56\xc4\xcb\xe6"
	"\xb6\xd5\x9e\xb2\xf1\x6d\xee\x03\xe1\x9a\x8e\x91\xd9\x8c\x34\xed"
	"\xf7\x65\xe8\x73\xe1\x81\x3f\xde\x57\xbc\x25\xc8\x04\x8b\x1b\x8b"
	"\xfa\x38\xc0\x8d\xac\xb8\x71\x93\xf1\x21\x28\x9b\x1f\x61\x74\xb9"
	"\xf6\xbc\x4c\xc0\x99\xbe\x98\xf2\xb1\x4e\x08\x93\x3b\x62\x93\xef"
	"\x68\x41\x61\xd3\x72\x66\xb6\x35\xba\xd0\x17\x36\x7a\x44\xd6\x8e"
	"\x77\xb0\x21\xd8\x01\x73\x79\x77\x6b\xcd\x64\x35\xf7\xf6\x4b\x3b"
	"\x60\xbf\xbf\xb1\x22\x42\xbf\xa8\xee\x56\x9b\x8c\xd0\x7d\x37\xf4"
	"\xc9\xe9\xef\xe3\xe7\x28\x7c\xfb\x3c\x7f\xfc\x78\xe5\x31\x9b\x3f"
	"\xff\x60\x32\xef\xf3\xe8\xfc\x71\x7c\xfb\x04\xc6\x8c\xbe\xbd\xbc"
	"\x9d\x46\xcf\x6c\xa5\x78\xf9\x0e\xff\xca\x8c\x62\x03\x90\x16\xd6"
	"\x61\x0f\x2b\x08\x48\x69\xfd\x20\x26\xde\x75\x5d\x17\x81\xbd\xca"
	"\x71\xc4\x63\x87\x34\xe2\xf8\xe8\xf9\xfd\xaf\xb7\x6f\xef\xc7\xe6"
	"\xa1\x88\x22\x5d\xc1\xad\xb5\x03\xe3\x24\xeb\x7a\xed\x0e\xdf\xce"
	"\xa7\x6f\xa3\x38\xf4\xb8\x6c\x26\x0e\x39\x8d\xff\x1f\xea\xb1\xb3"
	"\x79\x37\x79\xcb\x76\x98\x6e\xea\x25\xa3\xcd\xfb\xe7\x19\x25\x7a"
	"\xc7\x8f\x67\x53\x31\x28\xfe\xfd\x7b\x1b\x11\x82\x9e\xd9\x99\x45"
	"\x76\x2c\xf9\x7f\x5e\x4a\xe3\xff\x97\xce\x70\x6d\xfd\xda\xec\x2e"
	"\xdd\xee\x6d\x10\xbd\xd9\x3e\xe2\xc1\x19\x51\xa2\x13\x94\xcd\x31"
	"\x40\x9b\xc9\x0a\x4c\xd3\x55\xb4\x93\x54\xc4\xec\xa9\x78\x2c\x78"
	"\xd5\xa7\x2e\x3b\xa1\xb6\x31\xca\xc6\xaf\x67\x08\xce\x33\x56\x45"
	"\xa2\x82\x3f\xf5\xe3\x96\x23\xe3\x3f\xe7\xab\xf3\xcf\x69\xf5\x2b"
	"\x3b\xbd\x9d\x5f\xce\xc7\xb7\xea\x8f\xe3\xeb\x27\x1b\x09\xd2\xb3"
	"\x6e\x18\x12\xb5\x84\x07\x93\x1b\x73\x46\x09\xd9\x3a\x6e\x05\xae"
	"\x7f\xca\xcc\x77\xcc\x56\x70\x75\x68\x6c\x07\x6e\xe6\xd2\xce\xc9"
	"\x3a\x12\x4f\x93\x4d\x0d\x66\x54\xee\xf4\x17\x22\xce\xf2\xf7\x40"
	"\xfa\xb7\x24\xa9\xdd\x46\x9a\xa7\x27\x3b\x74\x92\x18\x02\x3e\xee"
	"\x2a\x6c\x6d\xe5\x35\xf0\xb7\x86\xad\x9b\xfb\x1e\x6d\x07\xd6\xf9"
	"\xfd\x83\x0d\x95\xff\x8e\x48\x1c\x7b\x5f\x46\x09\x3b\x69\x7f\x19"
	"\x7d\x6f\x42\x15\x4a\xf1\xe3\x58\x76\xeb\x4c\xd8\x0d\xb0\x92\x2f"
	"\x5a\x37\x39\x97\x91\xfb\xed\xfd\xe9\xcf\x51\x71\x54\xb4\xba\xf0"
	"\x69\x98\x0a\x87\xac\x68\x55\x33\xb6\xa0\xc7\x4e\xf7\xc9\x05\x77"
	"\xf7\xf4\x65\x94\xb1\x71\xfe\x65\xe4\x1e\xcf\xac\x33\xff\x19\xfd"
	"\x6b\x14\xbd\xff\x55\x7b\x82\xfa\x38\x7d\x63\x23\xfe\x19\x9c\x59"
	"\xfe\xf6\xf2\xfb\xa7\x5a\x63\xf8\xac\xf5\x09\xa6\x8d\x2a\x20\x75"
	"\x9f\xb0\x5e\x48\x1b\xf0\x64\x52\xb0\xdd\x75\x8e\x57\x5a\x05\x2e"
	"\x86\x02\x97\xc8\x98\xd0\x60\xb7\x3d\x15\xbb\x1b\x5a\xde\x6a\x30"
	"\x30\x1b\x88\x5c\x4d\x06\x02\xe7\x38\x53\xd8\x28\x76\x4b\x63\x08"
	"\x5e\x3e\xf9\xca\xbd\xe3\x7b\xa0\x04\x0e\x3a\x93\x63\x5f\x2b\x86"
	"\xbd\x0d\x48\xa7\x79\x05\x36\xe9\x6c\x1b\x87\x48\xd0\xe6\xd2\x02"
	"\x9f\x57\xe6\x16\x3f\x3b\x37\x90\xa5\x05\xd2\x90\x11\x7f\x13\x35"
	"\x3d\xf2\x53\x5b\xf7\xee\x72\x27\x63\x27\xb8\xc8\xd4\xb7\x28\xab"
	"\x6a\x61\x2c\x4c\xb2\xb2\x80\xe0\x33\xf0\xc7\x2b\x73\x88\xb1\xdb"
	"\x4c\x45\xf4\xdb\xf6\x1e\xa1\xe1\x56\xdf\x07\xb5\x1f\xaf\x7d\x61"
	"\x60\xa9\xbc\x80\x81\x2f\x69\x8e\xd5\x9b\xe2\x64\x25\x97\xcd\x7a"
	"\xca\xa9\x61\x79\x31\x14\x19\xfb\x91\x33\x14\xbb\xcd\xca\x3e\x08"
	"\xe1\x1a\x9e\x9e\xec\x1a\x6f\x97\x38\xb7\x8a\x0c\xb9\xbe\x6d\xa9"
	"\x6c\xe1\x2c\xad\x05\xc4\x94\x6e\xad\x80\x87\x34\xc7\x06\x15\x7f"
	"\x1d\xe0\xb5\x1d\x21\x51\xca\x24\x0c\x0e\xe6\x1e\xa2\x91\x6b\x19"
	"\x6c\x8c\x58\xc5\x31\xb5\xed\x2c\x1e\xdb\xdb\xd6\xb9\x65\xbc\x66"
	"\xf8\xb7\x8f\x29\x15\x4e\xb8\xc1\x27\x83\x15\xb5\x9d\xda\xc9\x33"
	"\xd3\xf5\x51\x49\x0b\x26\xba\xd6\xce\x13\x37\x7e\x1c\xde\x8f\xc7"
	"\xea\xb7\x90\xd8\xdb\xf1\x1c\x34\xf7\x4d\x38\x09\x55\x6c\x48\x1e"
	"\xb3\x95\x28\x73\xaa\x6d\xe8\x30\xc1\xde\x8b\x7d\xb5\x17\x1a\x44"
	"\x10\xee\x21\x68\x83\xfa\x84\x93\xf3\x2a\x8b\x8b\x9d\x6d\x13\x07"
	"\x3f\x7d\xee\xda\xa0\x15\xb9\x84\xdc\x8c\x4f\xcf\x2f\xc7\x2f\x23"
	"\xff\xe5\xf3\xfb\xb7\xe3\x3f\x5f\x98\x04\xf9\xca\xc4\x5f\xc9\x4f"
	"\xa9\xc2\x94\x30\x5e\x0b\x01\xfa\x7e\xfc\xfb\xd3\x62\x32\x5f\x54"
	"\xaf\x2f\xdf\x5f\xaa\x8f\xe3\x5f\xa3\x97\xd7\xbf\x67\x8b\xbb\xcb"
	"\xef\xdf\x9f\x26\xb3\xd7\x69\xfb\x7b\x6c\xce\xd0\x03\xdd\x06\x6b"
	"\xa3\x9f\x6f\xef\xc7\x6e\xee\xb9\x93\xf9\x6c\xbd\xfb\x5a\xcd\x47"
	"\x6b\x76\x12\x7a\x9a\xcf\x8e\xa3\xa7\xe3\x99\xfd\x37\x5d\x6a\x5d"
	"\x01\xf7\x2d\xdb\xd0\x27\x29\x44\xde\xd8\xf4\xcf\x46\x36\x6a\x98"
	"\x98\x1e\xd2\x0c\xe9\x8f\xba\x26\x6a\x70\x2d\xfe\x8d\xe6\xc1\xa8"
	"\x43\x84\xb3\x44\x01\x43\x45\x19\xe5\xfe\x63\xb5\x9d\xab\x1d\x0a"
	"\x89\x7a\x1f\x72\x60\xe1\xb8\x96\xf9\xc2\x00\xb1\x9b\xee\x2b\xb3"
	"\xed\x0e\x97\x91\xda\x6e\x91\x1d\x54\x42\xb4\x80\xe0\x70\x21\x9a"
	"\x8c\x9f\x1b\x5a\xd3\x2d\xa2\x55\x06\x26\x38\x4e\xc1\xda\x33\x45"
	"\x6e\x19\x25\x08\x12\x56\xb7\xc5\x94\x80\xe9\xcd\xe6\x66\x8a\xb3"
	"\x9c\xe7\x31\x99\x19\x2b\xc9\x28\x33\x6b\xee\xe0\x8a\xbe\xa7\x02"
	"\x1c\x32\x9b\xe1\x15\x68\xee\x3a\x79\xbc\x95\x2a\x61\x89\xf7\xe3"
	"\xe3\xf1\x47\xf5\x73\x32\x1b\xeb\x50\xce\xdd\xc9\xfd\x58\x9b\x1e"
	"\x66\xdc\xb4\x33\xad\xcc\xb8\x19\xe0\x90\xe9\x25\xe3\xe6\xd2\xa8"
	"\x54\x08\x37\x18\x61\x81\x11\x26\xd5\x0c\x23\x4d\x71\xd2\x0c\x27"
	"\xcd\x71\xd2\x0d\x4e\x5a\x08\x52\xa7\xe3\x7d\x27\xe3\x71\x2d\xe2"
	"\x30\x0b\xad\xe3\x9c\x6d\xdf\xb2\x6b\x17\x98\x3d\xbf\x64\x64\xad"
	"\xa6\x50\xb6\x80\x2b\xb6\x13\x7c\x35\x95\xcd\x6e\xd4\x55\x0c\x48"
	"\xe3\xcf\xd7\xa7\xe7\xcf\xe7\xea\xfb\xf1\xed\xf4\x4d\x5b\xab\x18"
	"\xbd\xbe\x9a\xaa\xe0\x5e\xc0\xb2\x33\xd0\xd8\xf3\x29\x44\x12\xd0"
	"\x7c\x43\xd5\xe9\x91\xe7\x5b\x54\x56\x35\xc8\xcf\xca\xd0\x46\x8f"
	"\xfd\x24\x24\xd6\x0c\xd2\xaf\x56\x3a\x5c\x15\x6f\x44\x5c\x8f\x3e"
	"\x18\x0f\x3a\xc6\xa4\x18\x07\x09\x38\xda\x54\xc9\xa1\x8c\x4b\xce"
	"\x01\xb9\x7f\x6c\xea\x75\x60\x73\x8d\x49\x2c\x7a\x27\xeb\x38\xce"
	"\xbd\xca\x41\x66\xb9\x06\x9a\x0e\x00\xdd\x0c\x03\xb1\x91\x94\x0c"
	"\x00\x4e\xa6\x70\x09\xdb\x0f\x8c\x07\x35\x60\x36\x00\x14\x0f\x01"
	"\x39\x93\xb9\x5e\x2f\x33\x6c\xa6\xce\x8b\xc0\xd5\xf7\x34\xbe\x2d"
	"\xef\x91\xbd\x0a\xe6\x02\x3c\x18\x0e\x61\xdb\xcf\xd3\x42\xb8\x5c"
	"\x1b\x4f\x0c\x53\xa6\x03\xab\x36\x3b\x74\x9f\x14\xc1\x5f\x58\x0b"
	"\x12\xf3\x41\xa5\xd1\x3c\x7b\x10\x15\x12\x2e\xc3\xee\xc7\x10\xb4"
	"\x62\x2c\x13\x76\xa1\x5f\x6c\xee\xc7\xb7\xb3\x89\x2e\xae\x00\x75"
	"\xcf\x6b\xd9\x4d\x3f\xc8\xe9\x82\x23\x4d\x05\x2a\x87\x52\xb0\x70"
	"\x62\x55\xe7\xa3\xbb\x73\xde\x61\x8d\xeb\x93\x5c\x52\xdf\x0a\xa1"
	"\x21\x3c\x5c\xaa\x3b\x47\x1c\xf0\xf0\xac\xea\x00\x22\x24\x59\x43"
	"\x74\x8c\x5e\x99\x29\x4d\x68\x19\xc3\xfd\xbc\xc3\xda\xc0\xaa\x2a"
	"\xf4\x59\x3d\x82\x6d\x06\xe6\xfa\x11\x5b\x6a\xb9\x65\xd8\xd8\x67"
	"\x22\x97\xd6\xb7\x7e\x4e\xe6\x93\xde\xd2\xd9\xb9\x73\x35\xa9\x36"
	"\x5f\x91\x62\xb6\xdc\x80\x20\xcb\xc3\x44\x5b\xa7\xfd\x12\xe4\x49"
	"\x56\x2a\xb4\xb4\xd1\x36\x4d\x64\x44\x1c\x67\x79\xca\x43\x0f\x19"
	"\x4c\xc0\x5a\x22\x2e\xdf\x87\x4c\x22\xf7\x69\xd6\xdb\x82\x66\xbd"
	"\x0a\x32\xe9\xd8\x32\x44\x52\x6d\x1f\x98\x0d\x02\xaf\x09\x5b\xcf"
	"\x79\x60\xad\x5e\xb4\x57\x76\x4e\x01\xf4\xf4\xf6\xf9\xae\x7a\xe7"
	"\x17\xe2\xb5\xd8\x2e\xad\x5d\x5d\x83\x40\x45\x16\xc2\x79\xbf\x04"
	"\x03\x98\xe9\xbf\x27\x88\xb0\xcf\x4d\x53\x49\x9e\xc6\xa4\x30\x4c"
	"\x05\x20\x6e\x4a\x5c\x10\x76\xe3\x90\x4d\x58\x5d\x67\xaf\x2e\x1a"
	"\x21\x9d\xfb\xf0\xf2\x65\x87\x54\x38\xf6\xe6\x37\xd3\x49\x6d\xd6"
	"\xa1\x7c\x0a\x94\x39\xae\xaf\x8b\xb3\x72\x39\x59\x4c\xd6\xbd\xc7"
	"\x46\x27\xa2\xaa\xc5\xad\xd0\x48\x81\xfb\x2d\xae\x12\x11\x00\x5c"
	"\xc1\x00\x54\x8d\x0b\xca\x61\x60\xbe\x5c\x2c\xee\x3a\xfa\xe2\x22"
	"\x9f\x4f\xf0\xca\x33\xf2\x62\xb1\xea\xad\xfa\xfa\x90\xa7\xd4\x4b"
	"\xb3\xce\x39\x13\x08\xfd\x3d\xb3\x3e\xe8\x7d\x23\x9f\x50\x8a\xf5"
	"\x74\x32\x9d\x74\xb8\x5e\xb3\xf5\x80\x33\x44\x62\x5d\xec\xac\x13"
	"\x52\x88\xe1\xd3\xdb\x1a\x19\xdc\x29\xd6\x59\xdb\xda\xe3\x3c\xc4"
	"\x93\xd5\x6a\xba\xb0\x0c\xa4\x1a\x72\xa7\x2e\x3d\x9b\x5d\x2c\x5f"
	"\x41\xa8\x15\x72\x1d\x64\xe4\x03\x01\xef\x72\x37\xce\x66\x77\x13"
	"\xa8\x8a\x72\xe0\xd1\x26\x16\x13\x7e\xf9\x72\xd1\x39\xe8\x69\x73"
	"\x4c\xe0\xb0\xc6\xab\xb9\xd6\xb3\x3b\x28\xa9\xe6\xc8\x1f\xc1\xaf"
	"\xf3\xad\xad\x02\x1a\x38\xbe\x06\x7d\x0d\x16\x02\x3f\x31\x71\x13"
	"\x96\x93\x2b\xaa\x03\xd1\xc6\xec\x0c\x54\x3f\x48\x73\x88\x54\xd0"
	"\x89\x71\x80\xa0\xcb\x84\x89\x31\x21\xac\x71\xc3\x4b\xa8\xbf\x81"
	"\xc9\x77\xf5\x47\x6c\x80\xf7\x8d\x85\x0b\xd2\x36\x15\xa4\x4a\xd8"
	"\x60\x6b\x38\x86\xa5\xc5\x96\x78\x36\x14\x17\xe3\x7a\x30\x6b\x56"
	"\xa1\xfe\x9c\xea\xee\xb2\x41\xda\x61\x60\x03\x89\x5e\x1c\xc0\x00"
	"\x4b\x3e\xda\xa4\x29\x48\x26\xac\x75\xc8\x90\xfe\xa2\xe1\x3a\xe1"
	"\xf6\xef\xec\x94\x14\xa7\xe8\x68\x12\xea\x5a\x92\x01\x7c\x60\x3d"
	"\xc2\xa2\x74\x7a\xf2\x73\xac\x2d\x0f\x93\xec\xc1\x46\x87\x40\x21"
	"\xd6\x3e\x8a\xec\x8b\x6c\x42\xe1\xb2\x00\x82\x5d\x57\x36\x5c\x16"
	"\x7a\x0f\x65\x66\x43\xd4\x27\x6b\x69\x46\x5a\x33\x14\x6c\x6e\xf6"
	"\x14\x1b\xb2\x08\xa3\x42\xc0\x6c\x28\x1e\x76\xd6\x06\xa0\x4e\x5e"
	"\x5d\xb3\xe2\x0e\xc3\xba\x21\xec\x26\x60\x0b\xda\x33\xd1\xe1\x72"
	"\xe9\x0e\x57\x87\x6f\x82\x2a\xa2\xf1\xd2\xa7\x5c\xea\x4c\x13\x5f"
	"\x0b\xfd\xac\x83\xb9\xf5\xae\xa7\xdd\xe8\x0b\x7d\xf2\xfb\xf3\xe9"
	"\x75\xf4\x2f\xf0\xf5\xf1\x76\x7a\x3a\xbf\xfc\x7c\x39\xff\xa3\x5e"
	"\xaa\x7a\x69\xec\xa6\x1d\x0d\x28\x24\xb6\xd7\x7e\xcb\xd9\xc4\x72"
	"\x1e\x51\x91\x77\xc3\x90\xb7\xcb\xe5\x70\xe4\x7c\x68\xe9\xf3\xc1"
	"\xf5\x44\x8e\xf1\x1a\x12\x0e\x5b\x07\x5a\x2d\x6f\x17\xb7\x57\xc1"
	"\x87\xd5\xf8\x92\xfb\xdd\x75\xf0\xd5\x75\x95\x59\x5c\x07\x9f\x5e"
	"\x01\xbf\x9b\x2e\x6f\xaf\x83\x5f\xd3\xd4\xf9\x6a\x79\x1d\xdf\x6f"
	"\xa7\x98\x8c\x6e\x00\xcf\x57\x96\x51\x7f\x61\xc7\x75\x7d\x73\x77"
	"\x15\xb3\xef\x16\x57\x0d\x94\xbb\xdb\xeb\xe0\x57\x56\x66\x35\xef"
	"\xe5\xde\xfd\x58\x62\xdf\xb8\x8b\x01\xe3\x1e\x7e\xf7\xd3\xb9\xa5"
	"\xab\xf3\x48\xe3\xd8\x5a\x88\x5b\x98\x3b\x85\xed\xc5\xd6\xef\xd6"
	"\x99\xa6\x40\x16\xc9\x3b\xb6\x8f\x77\xae\xe6\x1d\x4a\x85\x0a\x34"
	"\x9f\xf6\xdf\x9e\x5f\xc0\xb3\x9e\x83\x37\x94\xc5\x8e\xac\x9e\xa4"
	"\xc0\x90\x37\xc4\x8d\x97\x6d\x97\x5e\x53\x23\x55\xa3\x93\xb0\xe3"
	"\x20\xa9\x42\xdf\x33\x29\x3f\xd6\x46\x5b\x4a\x61\xc1\x43\x8d\xda"
	"\x92\x9a\x94\x93\x75\xc8\x1f\xb5\x52\x52\x58\x2d\xa3\x00\x4c\xe2"
	"\x10\x29\x25\x10\x2f\x30\x35\x05\x63\x5c\x8f\x07\xbe\xe8\x2f\xd8"
	"\x6f\xad\xbf\x19\x60\x31\x79\xd8\x7c\xed\xe5\x30\x13\x52\xc1\x1b"
	"\x4d\x13\xc2\x6a\x88\x02\x2c\x61\xff\xcc\xe7\xf3\x5b\x31\x7e\x87"
	"\x7c\x00\x43\xd6\x27\x7e\x28\x62\x02\x83\x6f\x29\x3d\xf8\x93\xa2"
	"\x91\xf1\xc2\xe6\xd5\x8a\xda\xea\xd8\x6f\x47\xcc\xfd\x4a\x25\xcc"
	"\xcd\x6a\x2d\xfe\x60\xd7\x8b\x13\xad\xcf\x89\x28\x83\x9b\xd8\x99"
	"\x28\x5e\xe4\xab\x71\xd8\x25\x92\x17\x06\x48\xc5\x6b\xc0\xac\x63"
	"\x7f\x46\xc3\xb8\xe2\x61\xef\x85\x31\x08\x93\xb4\xb8\xf9\x3e\x77"
	"\x53\x87\x9b\x84\xc4\x10\xc2\xcc\xc4\x06\x0a\xf6\xb5\xc6\x51\x2e"
	"\x3a\x47\xbb\x33\x77\x8b\xb0\x63\xf4\x13\xfb\x7e\x7f\xcf\xc1\xd3"
	"\x3d\x2f\x7a\x70\xcb\xa0\x22\x89\x1e\x3e\xa7\x56\x94\x3d\xfd\xf8"
	"\x50\x44\x9a\x82\x90\x75\x1e\x52\xf8\x8b\xcd\x0d\x20\xad\xed\xa5"
	"\x17\x39\xc8\x75\x09\x13\xe4\x0a\xd2\x33\x24\x43\x8f\x31\x11\xe0"
	"\xbd\x50\x8e\xaa\x25\xc5\x82\x90\x5e\x3d\x1e\xbc\x9b\x04\x93\x67"
	"\x33\xab\x79\x6e\xe2\xd5\x09\xb7\x89\x2e\x5d\x61\xbf\xd8\xbe\xe2"
	"\xfb\x3a\x7a\xf8\x38\x9d\x74\x1d\xa2\x60\xe4\x45\x3f\x89\x2f\x0a"
	"\x5f\xab\x87\x9c\x74\x59\xce\xf2\x2d\x3e\x7e\x7c\x72\x9e\x5f\xd6"
	"\xa8\xaf\x30\xa9\x90\xbc\x80\xca\x6b\x7b\x10\xf7\x64\x01\xae\x6a"
	"\xe3\x6c\x71\x12\xcc\x8d\x57\xdb\xb9\x65\x68\xe3\x1a\x57\x1a\xec"
	"\xb0\xee\xe7\xa1\xd8\x53\x9f\xf1\x35\xd9\xc2\x53\x0d\xb6\xb5\xc0"
	"\x84\xd3\x78\x21\x9f\x8a\xb6\xee\x6c\x82\xe5\x16\xb2\x83\x4d\x0a"
	"\xb7\x6a\x48\x8f\x72\x2e\xa5\xe7\x3f\x4e\x1f\xa3\xec\xf4\xf1\xf2"
	"\x9d\xfd\x73\xfc\xa6\xd9\x35\xb2\x83\xac\xaf\x86\x1f\x14\x29\x15"
	"\x09\x8d\xdb\x9e\x44\x55\x9f\x2b\xd5\x84\xe6\xa2\x03\x00\x13\x43"
	"\xb6\x32\x7d\x8a\x99\xf2\xcb\x40\x37\xec\x54\xe5\xf2\x66\x81\x38"
	"\x3e\xe5\x7e\xbd\x43\x1e\x01\xd0\xf3\x7d\x2b\xae\xc9\x33\x80\xab"
	"\xe1\x2c\xc5\x82\xba\x8a\x0a\x64\x8c\xbd\x74\xe7\x64\x7d\x98\x9c"
	"\x9d\x92\xd8\xa1\xfd\x2b\x16\xdf\x32\x48\xcb\x9c\xd7\xae\xae\x85"
	"\xd2\x8b\x29\xdb\x25\x4b\xfe\x90\xb4\xc7\x76\xad\x01\x82\x31\x9d"
	"\x7d\xed\x02\x51\x14\x82\xb3\xb0\x89\x99\x79\x6e\x15\x9a\x59\x52"
	"\xd0\xb9\x33\x9b\x2d\x48\xdd\x12\x64\xf8\xf9\x6c\x90\x76\x54\xe3"
	"\x3c\x91\x1d\xf7\xf1\x03\xb8\xbb\x2e\x52\xdc\xfe\x33\x9a\xf3\x07"
	"\x67\xf8\xda\x8b\xcb\x03\x8c\x52\xb9\xbb\x48\xdb\xb6\x58\x62\x9c"
	"\x95\x6a\xe2\x9a\xad\x9f\x9d\x2b\x7b\x48\xdc\xce\xbb\xe9\xb0\x45"
	"\x7b\xca\x68\x0e\x1c\x38\xd5\xb2\x24\x31\x3b\xd9\xa1\xbe\xa4\x9a"
	"\xd9\xaf\x30\x2b\x55\x86\xb8\x30\x34\x85\xa0\x1b\xed\x6e\x67\x1e"
	"\x3d\x35\x30\xe5\x9e\x5d\x8a\x3c\x8d\x20\x4a\x6a\xb8\x87\x07\xa2"
	"\x0e\xc5\xd6\x82\xf8\xa6\xec\xac\x00\x1e\xe9\xde\xff\xcb\x75\x2c"
	"\x82\xfa\x01\xba\x66\xbb\x40\x92\xce\xa5\x04\xa4\xf1\x3b\x7a\xb6"
	"\x40\x95\x96\xeb\x2e\x8e\xe3\xef\xaa\xf8\x7f\x7d\x1b\x29\x07\xb9"
	"\xe5\x72\x3e\x5d\x2e\x9c\xe0\x1a\xf8\x6a\x28\xdc\xf1\x17\x77\xb3"
	"\xc9\x55\xe8\xf9\x35\xd8\xc1\x39\x3f\xdc\xce\x6f\x16\xd7\xa0\x6f"
	"\xa7\x57\xb0\xe4\x66\x76\x73\x15\x7a\x75\x0d\xfa\xf6\x66\xb1\xde"
	"\x7d\x1d\xfa\x85\xbf\x5b\xdd\x4d\x26\xbb\x2b\xe0\xb7\xd3\xbb\xeb"
	"\xd0\xf4\x2a\xf8\xcd\x95\xe8\xe1\xcd\xbc\x2a\xeb\xbb\x19\x74\x3f"
	"\xd8\x00\xc6\x5e\x69\xfd\x4a\x32\x17\x8c\xbd\xd2\x9e\x71\xe4\xdd"
	"\xb1\x7a\xcc\x66\x43\x2b\xc2\xf1\xb3\xe9\xd5\xf8\xbd\x7f\xe5\x17"
	"\x83\x59\x13\xc4\x8b\xc1\xf3\x33\xc8\x16\x8b\xff\x51\x76\x2d\xcb"
	"\x8d\xe3\xc8\x76\x3f\x5f\xa1\x98\x55\x77\xc4\xcc\x34\x49\xbd\xe8"
	"\x45\x2f\x20\x92\x92\xd0\x22\x48\x98\x80\x24\xda\x1b\x86\xdb\xa5"
	"\xe9\x72\xb4\xdb\xae\x6b\xbb\x62\xaa\xff\xfe\x22\x01\x4a\xe2\x03"
	"\x09\xd2\x8b\x7a\x88\x79\x08\x80\x78\x26\x80\xcc\x93\xbe\x97\x8c"
	"\x2e\x3d\x93\x37\xdc\xf3\x97\x63\xe1\xf9\x21\x34\xad\x34\x0a\x6d"
	"\xce\x52\xf5\x66\x69\xdc\x0b\x1b\xb2\xf6\xbc\xd1\xa3\x5a\xa3\x83"
	"\x4f\xa1\x47\x0f\xa3\xe3\x61\xee\xfb\xc4\x8e\x6e\x1f\x57\x43\x48"
	"\x07\x30\x80\xe9\x9a\xed\xcc\xd2\xa0\x21\x76\x1d\x78\xd7\x10\x88"
	"\x94\xe3\xdf\xf8\xa3\x90\x6c\xaa\xa6\xa8\xd1\xc8\xe9\x68\xe4\x6c"
	"\xf0\x3b\xab\x42\xce\xe6\xde\xbc\xfb\xb9\x0d\x80\x76\x37\xc1\x5c"
	"\x6b\x44\xc0\xf6\x9e\x37\x77\x54\x1c\x20\x7c\x6f\xf1\xc9\xba\xd3"
	"\x4b\xea\x68\xa0\xda\x45\x22\xcc\x54\x5d\xb4\x43\x3d\x68\xc0\x78"
	"\x47\x25\x6a\x89\x74\x48\x80\x08\x47\xc4\x69\x9b\x9f\x0f\x54\xec"
	"\xe1\x6f\x97\x34\xbb\xd3\xde\x1d\x11\x1f\xe8\xa3\xaa\x5b\x35\x8e"
	"\x01\x74\xaa\x19\xf8\xa1\x30\xc2\x81\x41\xb8\xb6\x86\x0f\xe6\xf3"
	"\x26\x8d\x5c\xb4\x33\x85\x3b\x2b\xfd\x29\x0f\xe7\xc8\x59\xba\x05"
	"\xac\xba\xd2\x8d\x1d\x0c\x85\x31\x6a\x6e\xc7\x78\xbc\xc9\x49\xa1"
	"\x75\xba\x15\xec\xb5\x19\x57\xf3\xbc\xc4\x68\x88\xb4\x12\x57\xc8"
	"\xb2\xe2\x47\x36\x64\x47\x75\x64\x3d\xad\x55\x13\xa2\x2b\x3d\xf3"
	"\xd0\xb1\xc1\x5b\x19\x27\xc2\xce\x13\x88\x5a\x21\xba\x3e\x91\xfa"
	"\x28\xad\xde\xb7\xab\xdf\x13\xed\xd6\xfa\xfb\xc3\xf3\xc3\xcb\xe3"
	"\x69\xf2\xf0\xf2\x65\xf2\x6e\x98\x7c\x4f\x93\xd3\xcb\x57\x78\x08"
	"\xbe\xa0\xed\x3d\x24\x04\xd2\x52\x75\x98\x42\x44\x4b\xb5\xc9\xdf"
	"\xc2\xbf\xed\x20\x40\xba\xb8\xc0\x13\x6c\x0e\xdb\x72\xde\x1b\x32"
	"\x5a\xd8\x63\x40\xb9\x94\x2a\x79\x39\xbd\xfd\xf1\xf7\x84\x68\xef"
	"\xdb\x9a\x5b\x18\xb6\xb5\xcf\xdf\x3b\xfb\x59\x93\x90\xfa\xce\x5a"
	"\x03\xc7\x36\xe2\x1a\xa6\xa9\x81\xab\x4d\x42\x0a\x61\xcd\x75\x7b"
	"\xfa\x38\xbd\xbd\xfe\x71\x7a\x79\xfd\xfe\x6e\xdc\x23\xf8\xd5\x3d"
	"\xf6\x5c\x88\x6b\xfe\x26\xd1\x6d\x33\x3c\xee\xe5\x91\xa6\xd7\xeb"
	"\xb1\x96\x5b\xc5\xd0\x9d\x7f\x9d\x37\x3d\xf3\xb9\x76\x1c\xda\x27"
	"\x59\x74\xa7\x2a\xf0\x40\x0a\x0a\xf7\xc3\x10\xd8\xd9\x6a\x9e\x79"
	"\x4d\x54\xed\x5a\xec\x5f\xde\x73\xa1\xbc\x7c\xf3\xdb\xf7\x97\xff"
	"\x03\x12\xe7\xc9\xfb\xc7\xc3\xc7\xd3\xfb\xc7\xd3\xe3\xe4\xf1\xe1"
	"\xf9\xf1\xfb\xf3\x43\xdf\x8d\xd3\xa4\x55\xdc\x92\xc3\xa6\xda\x09"
	"\x5b\x73\x1b\xd9\xde\x2a\x8b\xf8\x1e\xc8\x8a\xec\x05\x54\x9d\x7b"
	"\x8b\x6d\xfb\xb5\xed\x80\xda\xf5\x6f\x8b\x5c\xca\x14\x36\x2c\xf6"
	"\x6d\x96\xae\x53\x4d\x11\xa2\x6b\xc3\xed\x36\x4a\xf6\x05\x85\xd9"
	"\x48\xd3\x64\x9b\x6b\xe8\x41\x07\xb1\x7d\x4c\x73\xc4\xf0\xaf\x75"
	"\xe8\xa3\xda\xab\xb3\x67\x35\xcf\xf4\xfd\x47\x9e\xf6\x1d\x79\x8c"
	"\xd4\x9c\x14\x75\x29\x67\xda\xe6\x08\x62\xb5\x16\xb6\xc3\x64\x20"
	"\x5e\x30\xce\x47\xcd\x90\x9b\x7a\x1b\x09\xa2\x5b\xb6\xb7\x1f\xed"
	"\x5d\xa4\x1c\x4e\x1b\xee\x53\x8e\x8d\x20\x0d\x8c\x8b\x43\x35\x5d"
	"\xac\xa8\x74\x94\x20\x97\x9b\xee\xbb\x7b\xb5\xfb\x6f\x50\x43\xe0"
	"\xe7\xf3\x80\x89\x48\xd1\x34\xdd\x74\x83\xc5\xb1\x32\x0e\x8e\x5d"
	"\x7f\xe9\x3e\x14\x12\xf3\xc0\xf1\xd9\x4c\x14\x0e\x07\x6b\x43\xb8"
	"\x72\x6e\xa9\x66\x07\x48\x92\x33\x4d\x5d\x5f\x40\x92\xb8\xff\x90"
	"\x72\x92\xd1\xde\x89\x0a\x48\xd4\xac\xb9\x71\xbb\x49\x02\x8a\x15"
	"\x5d\xb2\x2e\xf5\x29\x14\xa2\x63\x30\x9e\x52\x98\x78\x51\x1a\x0e"
	"\xb6\x9f\xc6\x95\x52\x1a\x70\x3b\xfd\x0b\x4a\x35\xeb\x00\xe0\xe0"
	"\xb0\xd3\xa5\x2b\xa4\x6d\x7b\xa9\xd4\xe4\x8d\xfb\xa0\xaa\x59\x23"
	"\xad\x45\xe9\xf7\xb0\x6b\x7e\xfb\x29\x58\x85\x63\xed\x26\x7b\x35"
	"\x5d\xe2\x3a\x53\x1c\x95\x36\xcf\xc8\x42\x5e\xc9\xc0\xba\x43\x4f"
	"\xbb\x0b\x47\xae\xc1\x69\x10\x55\xcc\x55\x51\xcb\x11\x40\xf5\x3d"
	"\x18\x50\x46\x3c\x32\x04\xac\x28\xdf\xe0\x96\x46\xd1\x9e\xbb\x0c"
	"\x63\x98\xc3\x7f\xd4\x88\xbb\xa7\x6f\xed\x2b\xc9\xa4\x58\xb3\x4d"
	"\x51\xc9\x7c\x0f\x81\x06\x9d\x13\x2a\xcc\xed\x55\xad\xa0\x38\x13"
	"\xac\xf2\x95\x66\xb1\xc2\x51\x45\x22\xee\x70\xb7\xc6\x35\x17\x9b"
	"\xbc\x13\x8c\xa2\x5b\xbd\xc1\x6f\x12\x4c\xe0\x9c\xf3\x74\x74\x6b"
	"\x2e\xbe\x0c\x5b\xc0\xe9\xed\xbf\xaf\x6f\x7f\x81\xc2\xf3\xaf\x33"
	"\x75\x00\x68\x43\xf2\xeb\x49\x3d\x7d\xee\x5e\x6d\xe8\xef\xb0\x7c"
	"\x6c\xab\x3e\x8e\x70\xa1\xb2\xa5\x59\xff\x56\x08\xdc\x5d\xd4\x2c"
	"\xb2\xca\x11\x8e\x05\x3b\x27\x81\x10\xac\x73\xae\x47\x18\xbb\x04"
	"\xb5\xd5\xc4\x4a\x96\xf7\xc0\x9c\x1d\x51\x87\x1c\x64\xb8\xfa\x96"
	"\xf9\x16\xdd\x4d\x90\x2c\x2e\x72\x7a\x1d\xd2\xf5\xb5\x6f\xa7\x74"
	"\x28\xa8\xb3\x2f\x00\x1f\x03\xa2\xba\xb2\xaa\xcf\xbb\x0a\xa1\x5c"
	"\xbb\x22\x75\xe4\xec\xbb\xac\xb3\xcc\x81\x11\x7a\x6d\x77\xd7\x44"
	"\x74\xb8\x24\x32\xc3\x96\x09\x21\x73\x94\x9e\x70\xef\xb6\x90\x33"
	"\x50\x7d\x14\x5c\xad\xd4\x82\x84\xdd\x85\x1a\xf6\xc3\xb4\xa6\x85"
	"\x6f\xf7\x13\x30\x52\x00\x7f\x68\xd8\x20\x6d\x06\x72\xe2\x44\x5f"
	"\x27\x69\x5a\x0f\x7c\x98\x05\x11\x0a\x6c\xc2\x88\x90\xab\xbd\xb8"
	"\x5e\x76\xf7\x4e\xf5\x0d\x65\x23\x68\xe0\x78\x0f\x88\x59\xa5\xc6"
	"\x29\xe4\x95\xaf\xd7\x0e\x87\x88\xcd\xd6\x38\x38\xe8\xa0\x7a\xf8"
	"\x35\x5f\x94\x1f\x6a\xf3\x35\xac\x81\x23\xdf\xb3\xaf\xb0\xa0\x10"
	"\x57\xdb\x9c\x73\x6b\x07\xaa\x37\x96\x82\xb3\x41\xb5\xa1\x05\xe6"
	"\xa9\x1c\x61\x34\x20\xf5\xcd\x28\x70\x68\x46\xa8\x75\x04\xa2\x5e"
	"\x81\x40\xd5\xa0\xd0\x3e\x4e\x6f\x7f\xfc\x98\x3c\x7c\x7f\xfc\xf3"
	"\x19\x26\x16\xff\x3f\x61\x12\xff\xb3\x8b\x35\xae\xda\x6a\xbd\x5d"
	"\x3b\xcc\x2d\xf6\x55\x31\xe7\x9e\xc3\xc4\x62\x0f\xae\xe1\xad\x44"
	"\xdc\xe0\xe3\x88\x7a\x3b\xd0\x95\x6a\x5c\xc7\x6c\x11\xaf\xe3\x2b"
	"\xf1\x32\x68\x2d\xd6\xed\xc6\xd8\xed\xe6\xc8\x9d\xe0\xa7\xb7\x6e"
	"\xe3\xf7\x3d\x1d\x0d\x3d\xa5\xd9\xbe\xd4\x3a\x59\x4d\x68\x8d\x69"
	"\xff\xbd\x99\x49\xbb\xc3\x41\x04\x93\xe8\x6a\x85\xd1\xae\x5a\xbe"
	"\x1f\xf6\x25\x4a\x0e\x04\xa1\x13\x37\x22\x17\xf5\x57\x8d\xd0\xac"
	"\x47\x08\x33\x42\x0b\x12\xb8\x20\x0c\x08\x4f\x71\x27\xd4\x1a\xa5"
	"\xfa\xd4\x70\x97\xca\x8f\xa3\x30\xda\xa3\x0b\x1c\xa9\xc6\x80\x83"
	"\x24\xd8\x8d\x02\x12\x46\xee\xd5\x50\x1b\x03\xdd\x1c\xc8\x80\x2e"
	"\x01\x28\x20\xf4\xe6\xf1\xae\xca\xf6\x6c\xa5\x1a\xd9\xeb\x5e\xac"
	"\x6a\x5b\x20\x21\xf3\xee\xd4\xd6\x96\x69\xa2\xd0\x5f\xbd\x1f\x9e"
	"\xe7\x7b\xc9\x8d\xe7\x48\xa5\x66\x0f\xff\xe1\x5f\x41\xda\x1d\x0e"
	"\x4c\x7e\x81\xe5\x78\x4d\xcb\x0e\x71\x91\x91\xea\xdd\x58\x6f\x7f"
	"\x03\xc9\xca\x3c\x57\xea\xa8\xea\x01\x75\x17\x47\xa4\xb5\xe9\xb4"
	"\xe1\xa4\xf4\x7e\x44\xa1\x0b\xb5\x51\x9a\xb4\xff\x8f\xeb\x49\x19"
	"\xe4\x6a\x0c\x84\x62\xb5\xde\x37\x4c\xb1\x3b\xfb\xd2\x4e\x00\xd7"
	"\xeb\x2a\x59\x9f\xb6\x0d\x4e\xf0\x4c\xa9\xc6\xe3\x97\x03\x83\x1e"
	"\xb3\x1e\x00\x39\x0a\x4d\x6a\x3f\xec\xeb\xfa\x6a\xe9\x18\xf2\xbe"
	"\x43\x9b\xaa\x1f\x54\x4a\xf7\xe3\xeb\x4c\x54\x8b\x99\x7d\x23\x6d"
	"\x50\x70\x33\xab\x39\x77\xd5\xba\xa3\xc9\xbe\xf2\x0c\x68\xab\x5b"
	"\x1c\x67\x06\x49\x8f\xb4\xd2\x94\xd6\xbf\x06\xc1\xac\x2f\x32\x3b"
	"\xd0\x20\x98\xb7\x45\xe2\x18\x1b\x51\x45\x45\x15\xa9\x35\x9e\x46"
	"\xcd\x43\x0b\x79\xdf\x69\x00\xfd\x40\x87\x7a\xb0\xcf\x7d\xb5\x5c"
	"\x15\x54\x15\x24\xfc\x47\xf7\x8b\xf5\xd1\x5b\x3b\xfa\x80\xbc\xa7"
	"\x85\x68\x67\x61\x37\xb6\x31\x89\x70\xb2\x01\xff\xfe\x8d\xe9\x34"
	"\xfd\x6a\xdd\xe6\xb2\x1b\x8c\xe9\x22\x37\xc7\xa1\xe6\x8b\xfa\x0f"
	"\xcf\xa5\xf6\xbb\x49\xde\x46\x35\xef\x2b\x58\x05\x44\x3b\x38\x80"
	"\xce\x54\x29\xe0\xac\xd3\xbe\x65\xd3\x6f\xe1\x73\xa3\xca\x33\x3b"
	"\x22\x26\x49\x4a\x26\x3a\x9c\xcf\xbd\x74\x79\x9a\x2b\xfd\xf8\x9e"
	"\xd8\xb6\x1c\x67\x7b\xa5\xb3\xb6\x31\xeb\xbe\xbe\x93\xdb\x02\x2c"
	"\x52\xc0\x0c\x01\x7a\x70\x81\xd6\xf4\x05\x29\x18\x6f\x9f\x2c\x1b"
	"\x79\xc4\xf7\x5a\x1d\x53\xca\x63\x26\x68\xb7\x35\xce\xec\x18\x9d"
	"\xb6\xac\xc9\x08\x05\xad\xc9\x5f\x1b\x24\x98\x97\x73\x4c\x41\xe1"
	"\x60\xa0\x75\xb3\x40\xd4\xfe\x01\xd8\x94\xad\xec\xee\xea\x85\xe6"
	"\xd9\xaa\x7a\xbd\x63\xca\xa8\x9f\xd5\x51\x60\xec\xbb\x68\x9d\xe7"
	"\xad\x2d\x4a\x57\x13\x01\x31\x32\xaa\xf5\x65\xab\xa5\x3f\xa3\x2e"
	"\xff\xe4\xe3\xef\x6f\xa7\xc9\x4f\x5f\x9e\xde\xff\xfc\xd7\xe4\xe3"
	"\xe1\x9b\xda\x3e\x46\xf1\xbf\x8b\x9c\xfd\x7c\xfd\xb2\x33\x97\xae"
	"\x68\x7d\x5b\xb4\x2d\xcc\x53\xe4\xc6\xb8\x16\xe7\x02\x01\x5c\x52"
	"\x2d\x9c\xef\x8b\x8d\x5b\x8c\x9c\xc7\xe9\xef\x86\xf9\x5a\x92\x0c"
	"\x09\xaf\xa3\x21\x96\x08\x00\x4d\xb1\x88\x20\xb8\x4f\xad\x14\x5d"
	"\x2b\x4f\x9e\xa9\x3e\xdb\x1c\xc0\xfa\x0d\x4e\xfb\x2d\xde\x86\xac"
	"\xa3\x21\x04\xd5\x7f\x0f\x80\x04\x11\x63\x20\x29\x5d\xa9\x7f\x1c"
	"\x98\x82\x0f\x25\x93\xe6\xc7\x14\x02\xa2\xe0\x88\xd8\xd1\x0a\xb9"
	"\x00\xcd\x5a\x0d\x34\x54\xff\x26\xd2\x46\x16\xcf\x62\x1b\x67\x37"
	"\x43\x08\xaa\xf5\xea\xea\xe0\xa6\x8e\x99\xe6\x95\x54\x0b\x66\x9f"
	"\xa2\x3a\x66\x6d\x8a\x7b\x64\x48\x35\x11\xd8\xc9\x82\xce\x66\xdd"
	"\x0e\xed\x78\x86\xab\xfc\x40\x71\x30\xb3\x70\xa1\xb5\x08\x7b\xd7"
	"\x53\x2f\xe8\x89\xbb\xab\x41\x6c\x8f\xd5\xda\x7a\xec\xab\x5e\x10"
	"\x19\xe1\x62\xdb\x26\xe3\x54\x8f\xe5\x96\x66\x30\xfe\x0f\x14\xa6"
	"\x55\xcc\xb4\x1d\x32\xec\xd6\x5f\x53\x98\x20\xfc\x27\x50\x55\xb4"
	"\x28\x90\x66\x55\x52\x98\x00\x31\xd9\x7d\x52\xe4\x68\xaa\xb0\xde"
	"\x76\x0d\xcf\xdb\x15\x6a\x67\x8b\x57\x22\x13\x72\xa3\x53\x0f\xeb"
	"\x94\xd8\xc3\x84\x5d\xce\x08\x9a\x01\x10\xce\xc7\x06\xeb\x24\x6a"
	"\x3d\x3e\x1f\x09\xd5\x62\x08\x6f\x9e\x0b\x59\xe5\x99\x36\x6c\x33"
	"\xc7\x44\xc6\x6c\x38\xee\xe4\xef\xb8\x3a\x88\x8d\x52\xac\xed\xcc"
	"\x05\x86\x00\x45\x6d\x83\x06\xed\xbd\x96\x98\x1c\x56\x18\xa2\x5d"
	"\x78\xa4\xef\xb6\xc3\x15\x9e\x23\x7d\xdb\x89\x55\xd4\xca\xd4\x37"
	"\x7a\xa7\xb4\x13\x89\xd1\x28\x4d\xd7\x81\x9a\x67\x31\xd2\xeb\xc1"
	"\x50\xa0\x09\x4d\x6e\xd5\xce\x49\x6d\x12\xac\xd4\x5f\xeb\x5e\xd0"
	"\x55\x99\x60\x64\x72\x24\x42\x43\xda\x1d\x4a\x4c\x02\xb1\x2a\x90"
	"\x10\x20\x1b\x24\x7a\xb1\xca\x48\x20\x07\xec\xaa\x80\xf5\xee\x01"
	"\x13\x83\x6e\x8a\xc6\xd6\x01\xe1\x79\xeb\x90\xda\x75\x9f\x7d\x5b"
	"\xa9\xdc\x67\xd5\x41\xd7\x7f\xa1\x56\xe0\xca\x7a\xf3\x7a\x48\x64"
	"\xeb\xc4\x2f\x4b\x6d\x3c\x7b\x3a\x08\xd3\x95\xdb\xfa\x4b\x9b\x4f"
	"\x39\x7e\x7a\xff\x78\x7b\xfa\xfd\x3b\x30\xd1\x8a\xff\x3d\x7d\x3c"
	"\x7e\x9d\x90\xb7\xc7\xaf\x4f\x1f\xa7\xc7\x8f\xef\x40\x3d\x7d\x81"
	"\x5f\x9b\x15\x98\x01\xed\xf1\x87\x21\x62\x44\xed\x48\xd1\xe8\x52"
	"\xf0\x70\xd5\xb9\x1a\xd6\xcf\x22\x06\xdb\x19\x55\xeb\xf6\xd6\xd0"
	"\x18\x2a\x57\x04\x73\xe8\xa9\x13\x86\x3b\x0c\x87\x81\x4a\x13\x05"
	"\x91\x52\x8a\xc4\x91\xdc\x96\xc2\x02\x9f\x74\xca\x74\x89\x69\x7c"
	"\xa7\x56\xe3\x86\xce\x77\x54\x4f\x5a\x01\x97\xb5\x55\x01\x05\x0b"
	"\xd8\xee\x45\x91\x39\xf9\xa1\x74\x02\xcf\x6b\x1d\xd4\x52\xb9\x84"
	"\xc5\xdd\x37\xaf\x32\x35\x9e\xd4\x16\x8c\xe0\x00\x19\x7a\xd3\x12"
	"\x15\xab\xfa\x5e\x96\xa5\x53\x1e\x2e\x5d\xf2\x22\x27\x71\x94\x33"
	"\x14\x10\xa9\x4d\x5c\x8c\x17\x2f\xd2\xb4\xd5\xb8\x3c\x26\xaa\xe3"
	"\x38\x92\x8f\x79\x38\x0d\x67\xa1\x5b\xbe\x58\x22\x57\x74\x6b\x6d"
	"\xf0\xdc\x69\x30\x1a\x81\xd1\x02\x9a\x22\xcc\xda\x69\x55\x1e\xc9"
	"\x1d\x0a\x49\x55\x7f\x49\xa4\xef\xf9\x7e\x84\x63\x20\xa8\x1d\x22"
	"\x63\xa4\x50\x9a\x59\x3a\x28\xf7\xbd\x0d\x8e\xa1\x51\x91\xa4\x4e"
	"\x71\xae\x1d\xc8\x9c\x08\x01\x96\xed\x18\x22\xd3\xdb\x5e\x82\x67"
	"\x72\xeb\x7c\x5d\x6d\xe8\x52\x20\x4a\x47\xe5\x4a\x97\x72\x96\x50"
	"\x30\x81\xd7\xaf\x90\x89\xef\x95\x1c\x71\xa4\x51\xdb\xc4\x44\x6d"
	"\xfe\xf1\x56\x3e\xc0\xc2\x0d\x6c\x71\x88\xbc\xa4\x6a\x03\xa7\x66"
	"\x18\x35\x7a\x83\x02\xfe\x76\x35\xc2\x4e\x84\x37\x37\x73\x6b\xf4"
	"\x24\xce\x1b\xa6\x3a\xea\x47\xb5\x12\x30\x9c\x3a\x0f\x95\x1e\x92"
	"\x12\x99\xb4\x1f\x76\x2d\x79\xe0\x19\xe3\xbc\x83\xd2\x5a\x57\x3b"
	"\x84\x9a\x7a\x9c\xb7\x50\xb2\x9d\x5d\x9e\x06\x9d\x27\x97\xed\x52"
	"\xe3\x91\x26\xbb\x92\xb2\x35\x74\x44\x4a\x6d\x64\xa6\x22\xdd\x36"
	"\x5e\x86\xab\x66\x13\xfd\x12\x4e\x9e\x45\xf7\xce\x3d\x22\x32\x42"
	"\xaf\xfe\x77\xe4\x88\x45\x87\xd1\x06\x15\xc9\x86\x88\xbd\x40\x6e"
	"\xfc\x0b\x99\x86\xfe\xdc\x6b\x97\xc4\x3c\x0c\xba\xa5\x50\x1a\xc4"
	"\x32\x2c\x4b\x24\x25\xf5\xa7\x15\x18\xe9\xfc\x49\xa4\x0c\x43\x7f"
	"\x59\x62\x82\x9b\xca\x5f\x86\xa4\x2f\x8d\xe2\x48\x2f\xa0\x56\x49"
	"\x95\x24\xcc\x2e\x30\x51\x57\x5b\xc5\x06\xd1\x76\xaf\x2a\x89\x9e"
	"\x11\xc8\x17\x9c\xd3\x60\x2b\x6a\x4d\x24\x66\x37\x0b\x24\x26\xcd"
	"\x19\x22\x8a\x9b\xa5\xe7\x0d\x41\xc2\x36\xa4\x0b\x50\x43\x78\x39"
	"\x2f\x2d\x35\x06\x92\x1b\x23\xe9\x25\xbb\x49\x17\x81\x47\x1c\xc9"
	"\x66\x30\xfb\x86\x9e\xed\x5d\x98\xdb\x57\xce\x42\xb3\x48\x2c\xc3"
	"\xa9\xfb\xc3\x0a\xa5\xf0\x8a\x6a\x9b\x0b\x39\x50\xbf\xe0\x98\x98"
	"\x9c\x37\x10\xf6\x66\x34\x90\x6e\x59\x35\x13\xce\x1c\x63\x6a\xd0"
	"\x88\x2c\x58\x06\x58\xe5\xae\x92\x74\xd7\xdc\x16\xeb\x17\x0a\xa6"
	"\xaf\x8c\xba\x59\x25\x5c\xe4\x59\x10\x86\x21\x3e\xec\xa2\xc0\xbf"
	"\x71\xb5\xe3\x3d\xd9\x17\x7b\x61\xab\xef\xa8\x0c\x83\xa9\xef\x55"
	"\xae\x61\x0b\xb8\x1d\x49\x19\x25\x4e\xc8\xad\x5a\x4c\x8e\x47\x44"
	"\xb5\x3f\x83\xd4\xf2\x3c\xf7\x4b\xbc\xe7\x52\xbe\x75\x15\x45\xd0"
	"\xa4\x28\x48\xd5\x51\x65\x5b\x90\x43\xba\x18\xe8\xf6\xd1\xf6\x26"
	"\xb0\x76\xfb\xa3\x9a\x56\x9a\x95\x74\xa1\xb3\x3f\xc6\x02\x81\x2b"
	"\x8d\x3e\x8b\x81\xd1\x2e\x66\x6a\xb1\x6c\x44\xc5\x6d\xca\xda\x3a"
	"\x3f\x90\x4f\xe3\x27\xbe\x4a\xba\xd8\xa5\x43\xb9\x49\xd6\x8c\x28"
	"\xd9\x14\x9d\x35\xbe\xd6\x06\xb0\x88\xd8\xda\xae\x1f\x37\x5f\x8d"
	"\xa8\x88\x72\x7b\xaa\x5a\xab\xc2\x45\x85\xa0\x2d\xf2\x59\x18\x79"
	"\x84\x0f\x64\x57\xab\x49\x2d\x65\x9c\xae\x92\x42\x22\x47\x67\x0c"
	"\xd8\x09\x92\x72\x28\xd5\x3a\xc0\x8b\xbd\xb0\x05\x69\xaf\xb5\x2d"
	"\x99\x51\x78\x10\x61\xf3\xe0\xb8\x29\x10\xd2\xfe\x5c\x22\xf8\xfb"
	"\xbb\x98\xf4\x46\xe2\x7d\xec\x07\x9e\x3f\xf0\x65\x7a\x2b\x91\x64"
	"\x19\xb1\x8d\x63\x33\xe3\x1d\xd1\x3d\x37\x2d\xa4\x66\x77\xe8\x07"
	"\x98\x7a\x79\xf8\xfd\xf9\x34\x39\x3e\x41\x1c\xe1\x9f\xea\x80\xd9"
	"\x4f\x2f\x7f\x4c\x5e\x4d\x64\xd5\x9f\x27\x1f\xaf\x0a\x7d\x9a\x7c"
	"\x7c\x3d\xa3\x2c\x7b\x20\x6c\xd8\x53\x11\x67\x58\xc0\x37\x4b\xec"
	"\xa3\x6f\xdf\x3f\xd0\xc3\x7e\x1d\x90\xe2\x5a\xa7\x26\x3e\x45\xdb"
	"\xee\xdf\x3c\x5b\xaf\xc1\xfa\xa2\x0e\x70\xdd\xd8\x17\x80\x0c\x36"
	"\xf5\x58\x14\x75\x83\x10\x3a\x92\xf6\x8e\x21\x6e\xbd\x06\xc4\x88"
	"\xda\x32\x96\x3b\x5b\x10\x99\xfd\xfb\xe9\x4d\x9b\x6b\x3c\xbd\x7c"
	"\x9c\xde\xfe\xfb\xd0\x09\x5a\x57\xbf\x0f\x4e\xd9\xee\x72\xfc\x96"
	"\xdf\x75\x00\x2d\x71\x72\xe8\xdc\x14\x9e\x1f\x63\xf3\x8a\x91\xef"
	"\x92\x3b\x88\x08\x29\xdd\x10\x4d\x4f\xe2\x80\x68\xe3\x3e\xa1\x74"
	"\xe7\x24\xab\x64\x94\x32\x6b\x70\x04\x30\x37\xac\x4d\x86\x04\xaf"
	"\x6f\xd2\x1a\xcd\x8c\xc5\xfb\xbd\x14\x62\x95\x93\xa2\x75\xa4\x77"
	"\x7e\xa6\xe6\x5a\xbb\x06\xda\x00\xf0\xf9\x1c\x59\x2f\x3b\x20\x1b"
	"\xc9\xe5\x15\x22\x77\x2b\x7b\x11\x6e\x95\x02\x83\xc4\xd2\x6b\x60"
	"\x02\x7f\x31\x80\x89\x61\x3a\x82\x48\xbe\x0b\x84\x0e\xe7\x82\x4c"
	"\x77\x3b\x24\xae\xe2\x05\x82\x9e\xa7\xb4\x10\x7a\x0c\x24\x03\x49"
	"\xc9\x88\x2c\x66\xfe\x62\x10\x14\xce\xfc\x81\x6a\x36\x43\x65\xe0"
	"\xdb\x58\x38\x0d\xa6\xc3\x98\xe9\x74\x28\xaf\x72\x89\x45\x20\xba"
	"\x82\x22\x31\x00\xe0\x85\x1f\xf8\x6e\x4c\x96\x1c\x25\x62\x07\x78"
	"\xc1\xe4\x3c\xc9\xe0\x28\x76\x20\xbb\xfa\xf6\x73\x00\x24\xf3\x23"
	"\x39\x92\xbb\x01\xd4\x3e\x1b\xec\x24\xb9\x9a\xb4\x66\x03\xed\xca"
	"\x02\x33\xc4\x3b\xc7\xf7\x7d\x64\x29\x07\xf3\x8b\x08\xf7\xfd\x72"
	"\xa0\x03\xac\xac\x1b\xa1\x6b\x8b\xc8\x16\x69\x4c\x9e\x25\xc0\x96"
	"\x50\x24\xfa\x3a\x3e\xcb\x75\xcc\x13\xc4\x3a\x5f\x1e\x73\x3b\x16"
	"\x4f\x30\x87\xbd\xde\xb8\xf4\xae\xd0\xeb\x22\xb4\xe3\xb1\x89\xbe"
	"\x94\xf2\x02\x78\x57\xe2\xab\x5d\x8f\x16\x1d\x0b\x48\x40\x53\xdd"
	"\xb3\xbe\xa1\xbf\x31\xdf\xaf\xb0\x9a\x4f\xf3\x4c\xc7\x23\x07\xd7"
	"\x36\x95\xab\xda\xb8\x0c\xf4\x65\x57\xb4\xa7\xc6\x5a\x84\xae\x33"
	"\x6a\x19\x12\x92\xb6\x83\xc6\x9d\x9f\xa9\x2d\x0e\xc1\x88\x55\xae"
	"\x98\x69\x3c\x00\x88\xa9\x1b\x10\xe5\x2b\xe4\x2e\xec\x02\xd9\xac"
	"\x83\xdd\x00\xa2\xa0\x7c\x18\x51\xb1\x21\xd0\x9e\xaa\xc9\x93\x21"
	"\xb1\x64\x2f\x30\xad\x13\x93\x68\x00\x25\x68\x9c\x1c\x69\x16\x23"
	"\xe6\xb4\x17\x9c\x64\xc8\x82\x77\xcd\x6f\x9d\x17\x88\x63\xc7\x05"
	"\x73\x24\x45\x41\xf3\x81\xac\x18\xd9\x28\x95\x1c\x51\xe6\xae\x05"
	"\xe7\x24\x4a\x72\x24\x6a\x77\x1b\xb5\x22\xc8\x15\xcb\x15\x06\x16"
	"\xde\x83\x55\x70\xa4\xb1\xfa\xe1\x06\xdd\x6f\x93\x6c\xbb\x1f\xe8"
	"\x2a\x44\xcc\x3d\xdf\x77\x63\x40\xf7\xea\x98\xa3\x76\x21\x25\x27"
	"\x0d\xe7\x9d\xd6\x63\xa5\x80\x62\x92\x5a\x5d\xed\xe7\xc8\x85\x96"
	"\x0b\x7b\x2c\x12\xa3\x74\xc1\x11\x45\xd3\xb2\x46\xff\x36\x27\x07"
	"\x51\x12\x35\x8b\xd3\x14\x51\xde\xda\xd3\x34\x44\x1b\xd9\xdc\xed"
	"\x35\x04\x5b\x92\x29\x7d\x7e\x63\x95\xed\x56\xea\x47\xfb\xbe\xf2"
	"\x22\xb3\x1c\xef\x75\x61\xb5\xdf\xda\x91\x28\x15\x73\x86\x7f\xea"
	"\x55\xbf\x6c\x65\xd5\x50\x3b\xc1\x20\xd7\x9a\x4f\x03\xd3\x8f\x06"
	"\x71\xa4\x6a\xef\x9d\x46\x6c\xf0\x55\x6d\x97\x9b\xa7\x39\xe6\x38"
	"\xd8\xc5\xae\xf3\x08\x36\x8f\xd1\xb6\x42\x2c\x5f\xba\x2f\x6c\xa4"
	"\xef\xcf\xfd\x71\x50\x91\x96\x0b\x24\x2c\x72\x17\x9b\xc9\xe9\xe2"
	"\xc7\x8f\x1f\x23\x8b\x70\x53\x96\x4a\xaf\x1a\x04\xaf\xe5\xbc\x0c"
	"\x16\x23\x61\xd5\x71\x5f\x6e\xc8\xc8\x02\xcc\x17\x88\x96\xde\x84"
	"\x6e\x29\xd8\xc9\x62\x2c\xfe\x96\xaf\xf2\xfd\x4f\xb6\xd9\x7a\x1b"
	"\x8f\x4e\xbb\xed\x20\x6e\xeb\x75\x85\x52\xfc\x0a\x49\x13\x81\xf5"
	"\x5d\x12\x8b\x65\x38\x1b\xae\x50\x12\x2f\xc3\xe5\x72\x1c\xec\x66"
	"\x18\x56\xf8\x5e\xe0\x8f\xaa\x47\x7d\xbc\x54\xb1\x52\x0e\x23\xf7"
	"\x6a\x3f\x41\xcb\x88\x16\x83\xd0\xd5\x3e\xf0\x3d\x7f\x3a\x88\x83"
	"\x3b\x25\x70\xb0\xa5\x51\x16\x4e\xfd\xe1\xee\x11\xdd\x85\x91\x64"
	"\x1b\xdf\xf7\x46\x40\x25\xec\x45\xd1\x60\x3a\x7d\xec\x6c\x1c\x18"
	"\xe2\x76\x70\xc4\xb4\xa6\xd5\x95\x09\xe3\x62\x4b\x47\xa4\x98\x24"
	"\x92\x0e\x83\x36\x24\x25\xe5\x48\x58\x3d\xf7\x0e\x0f\xe3\xfd\x6f"
	"\x54\x8a\xfd\x20\x6e\x93\xe7\x31\x1d\xce\x9c\xa6\x54\xb5\xfb\x30"
	"\x6e\xb3\xcf\xee\x47\x54\xcb\x4e\xae\x03\x3f\x18\x1e\x14\x09\xa6"
	"\xc4\xb4\x41\xc3\x4d\xa6\x97\xaa\xea\x18\x7a\x9e\x3f\x12\x3b\x6a"
	"\xa6\x22\xa5\xef\x87\x23\x92\x54\xbb\xd5\xb9\xe7\x8d\x98\xfc\x99"
	"\xf0\xfd\xd9\x30\x2c\x49\xd7\x44\x40\x3c\xac\x11\x58\xfd\x63\xb8"
	"\x81\x59\xb9\xd8\xa7\x6a\xdd\x1b\xfe\x6a\x9a\x25\x25\x1d\xae\x72"
	"\xb6\x5b\xfa\xc1\xf0\xea\x9e\x64\x0c\xfc\x09\x86\x5b\x39\x96\x7a"
	"\x6d\xf2\x86\x67\x5c\xfd\xff\x02\xe5\x24\xe9\x41\x95\xf6\x3e\x5c"
	"\xce\x71\xd3\xe3\x31\x96\xda\x92\x63\x4c\xef\xd1\xf7\xb0\x39\xe3"
	"\xb9\xa0\x32\x19\x57\x52\x2a\x83\x11\x73\xaf\x6a\x44\x3d\x4d\xe4"
	"\x63\x90\x81\xe7\xcd\x46\xe2\xe6\x23\x71\xc3\xe3\xba\x60\x63\x34"
	"\x2c\x41\xd3\x84\xc4\x23\x60\x62\x54\x7d\x0b\xe9\x07\xd3\x60\x04"
	"\x8c\xad\xc7\x14\x6e\x5f\xcc\xbc\x31\x28\x70\x12\x99\x76\xf7\x04"
	"\x76\x70\x19\x2e\xe6\x23\x1a\x83\x8b\xc5\xdc\x5b\x0e\x4f\xc6\xf7"
	"\x89\x5c\x04\xc1\x70\x7f\xb9\xc7\xf7\x9d\xad\x46\xcb\xb7\xcc\xac"
	"\xff\x23\xd2\x04\x15\xb6\xb4\x5e\xed\x77\xd5\x31\xfd\xbb\xc5\xe5"
	"\x6d\x9b\xea\x98\x98\x8d\x58\x2f\x1a\xe8\x69\xf8\x39\xb4\xf8\x0c"
	"\x7c\x76\xf3\x39\xf4\xa7\x12\x9f\x7f\xa6\xe4\xf3\x31\xab\xca\x05"
	"\xbd\xf8\x04\x3a\x12\xa1\x37\xf3\xd2\xd1\xf8\xb5\xf0\xc7\x27\x9e"
	"\xab\x82\x8f\x06\x13\xe9\x7f\xa2\xdc\x42\x7c\x06\x4d\xe5\xec\x93"
	"\x68\xff\x33\xe8\x11\x55\x22\x40\xeb\xd4\x66\x52\xd2\x7a\x7e\xda"
	"\x51\xc3\xc0\x98\x4b\xfd\x73\x13\x86\x7e\xc3\xa0\xc3\x01\x82\xa9"
	"\x07\xdb\xc3\xd4\x1b\x4d\x7d\xd3\x1b\xa7\xa3\x26\x29\x2a\x54\x1d"
	"\x8c\x68\xbc\x7b\xed\xb9\x50\x56\xf7\x12\x4c\x4f\xd0\x43\x02\x46"
	"\x45\xd4\xbf\x00\x53\x9b\x21\x7f\x56\x3a\x8e\x3b\xcd\xde\x26\x52"
	"\x15\x87\x6a\x37\x06\xb8\x62\xc4\x47\x4a\x5b\xdf\xb5\x4d\x4b\x4f"
	"\xcd\x6a\x12\xbb\x08\xa8\x8b\xc9\x48\x38\x73\xa6\xb3\xe1\x01\x71"
	"\x8a\xc1\x18\x36\x49\x38\x72\x46\xd6\x40\x41\xf8\x19\xd7\xf5\x4e"
	"\x03\x1a\x27\xe0\x5f\x5c\x38\x2b\x8a\x56\x05\x1c\x75\x26\x81\xfb"
	"\xb6\x50\x70\x92\xd5\x48\x17\xb0\x94\xbf\xdd\x38\xe4\x9a\x63\x87"
	"\x11\x67\x1a\x77\x09\x41\xfd\xb2\x0c\x22\x62\xbe\xe7\xca\xa5\x48"
	"\x36\xfb\x14\x9c\x62\xd4\x56\x0c\x86\x0e\xda\xbb\xf6\xe7\xeb\x66"
	"\x4b\xe5\xb9\xbe\x22\x5a\x87\xf3\xe5\x6c\xa8\xf6\xe1\x40\xaa\x80"
	"\xa8\x9a\x83\x8d\x10\x97\xe9\xd4\xd9\x9f\x29\x13\x2a\xd7\xbd\xb3"
	"\x4e\xc8\x14\xdb\x42\x18\x44\x5c\x1c\x82\x85\x57\xd6\x75\x22\x86"
	"\x90\x8b\xf9\x68\xe4\xd2\x86\xd4\xb7\xc0\xeb\xa7\x97\x3f\x4e\x6f"
	"\xdf\xde\x9e\x5e\x3e\x1a\x77\xfd\x6d\xda\x16\x7d\x30\xac\x7d\x90"
	"\x87\x28\x2a\x9b\xc8\x24\x05\xdf\xe0\x7f\x66\xa4\xa1\x18\x14\x8c"
	"\xf6\xb7\xf2\x3a\xbf\xed\xc3\xdb\x17\xcd\x14\x40\x7f\xc9\x27\x67"
	"\xff\xb2\xcb\x15\x76\xd1\x0c\x2d\xa1\x7f\xc2\xdf\x5d\x92\x05\x23"
	"\x20\x6c\x45\x76\x56\x62\x6a\x23\x4f\xe9\x8a\x8b\xa0\xff\x5e\x41"
	"\x8e\x08\x5f\x8f\x4e\x15\xac\x48\x49\xa5\xde\x74\x80\x38\x10\x4a"
	"\x22\x9e\x53\x75\x32\x45\x34\x90\x06\xe1\x2b\x37\xc0\x5c\x1e\x0b"
	"\xcc\xe2\x0d\xdd\x36\x40\xa8\x37\x2b\xf1\x7c\xf4\xf5\xe1\xed\xe1"
	"\xf1\xe3\xf4\x56\xdb\x7c\x34\x6a\xbe\x63\xb8\x7a\xb0\xda\xf1\x65"
	"\xb4\xbc\x09\x2b\x2e\xef\x9a\xd4\x8f\x9a\xd3\x00\x7d\x58\xbb\xa0"
	"\xfb\x8b\xf6\xc7\x91\xb4\xca\x8c\xe3\x62\x4c\x0a\xfb\xdc\x99\x55"
	"\x1b\x81\x1c\x95\x16\x3a\x32\x48\x67\x62\x3a\x67\x1d\xab\x65\x4a"
	"\xc7\xa4\xec\x32\xd9\x01\x99\x52\xc2\x30\x46\x84\x5d\x47\x56\x07"
	"\x94\x78\x7b\x7a\x78\xb6\xd9\xdf\xd4\x1f\x11\x06\xed\x95\x46\x43"
	"\xb2\xd7\x97\x7f\x6b\xc1\xbb\x79\x5d\xfb\x94\x58\x86\x5c\x9d\x06"
	"\x74\xe3\x8a\xa7\x1e\xa2\x80\x74\x51\xbe\x0b\x95\x90\x22\xbd\x53"
	"\x8f\xb4\x5f\x3a\x58\x9b\x6f\x31\x3e\xa8\x33\xa1\x1d\x29\xa7\x98"
	"\x12\xd6\x82\x94\x2e\x08\xf0\x15\xa4\x9d\xad\x71\x1b\xd1\xf6\x2b"
	"\x6f\x3c\xb4\x11\xee\xd5\x62\x11\x45\x19\x62\xb1\x7e\x41\xf8\x0b"
	"\x2a\x96\xa5\xb3\x70\xab\x88\x2d\xa6\x6e\x48\x3d\xe6\x81\x91\x6a"
	"\x8f\xd1\xe0\xb7\xa1\x43\x30\xba\x2e\x17\xe5\xc2\x59\xaf\xb5\xc9"
	"\x3c\x17\x83\x89\xa9\xb9\xc4\x25\x5e\x8b\xb4\x4a\xf9\x50\x22\xea"
	"\x57\x52\x02\x49\x65\x4c\x37\x54\x87\x7f\x76\xd6\x2c\x04\xc6\x76"
	"\xe6\x0a\x4e\xa5\x2b\xec\xf2\x49\x0d\x7c\x43\x65\x61\x0f\xfe\x70"
	"\x88\xaa\x38\x42\xee\xc8\x39\xa3\x70\x21\x16\xdb\x5d\xc0\xb6\x47"
	"\x35\x7d\x67\x71\xdb\xdc\xf2\xf2\xd0\xd0\x4f\x41\xd8\x3d\xe6\x7a"
	"\x57\x87\x64\x68\x9b\x52\xab\x35\xa1\x36\xc0\x47\x98\xde\xd4\x1f"
	"\xce\x30\xd7\x87\xf4\x6e\x65\xb5\xb2\x2f\x38\x6b\xdd\xdd\xc1\x6f"
	"\xb8\xab\x5e\x57\x98\x2d\x9a\x46\x08\x6a\xb1\xd5\x0b\x22\x8b\x89"
	"\x5e\xd0\xf0\x23\x50\x3f\x2a\x6d\x84\x40\xb3\x75\xde\x7e\x0c\x67"
	"\x57\xa4\xad\x5c\xc1\xd3\xad\x02\xdb\x4d\xde\x94\x94\x69\xc3\x68"
	"\xe3\x92\x05\x64\x3d\xdf\x9e\x4f\x3f\xd4\xca\x01\xe5\x88\xbe\x3e"
	"\x7d\xb3\x4d\x68\xf0\x1a\x29\x56\x66\xe1\x52\xa9\x2b\xbd\x58\xa9"
	"\x09\xf6\x66\x36\x39\x38\xd4\xbb\x0b\x00\x63\xdf\x3b\x23\x52\x19"
	"\xcd\xa6\xc8\x59\xe3\x19\xc3\x23\x72\x33\x9f\xf9\x23\x30\x3f\xdc"
	"\x18\x9a\x45\xb2\x48\x9d\x18\xcc\x77\x0e\xe4\x71\x32\x36\x15\x96"
	"\x96\x11\x4f\x63\xa4\x71\xb6\x49\xca\x81\x91\x4d\x2d\x73\xed\x96"
	"\x26\xe9\x26\x5f\x51\x79\x31\xfd\x53\xad\x75\x51\xb8\x56\xdf\xdf"
	"\x1b\xad\x76\xed\x55\x7f\xbf\x7f\x9c\xfe\x9a\xfc\xae\xa4\xf5\x42"
	"\x37\xf9\xe9\xaf\xd7\xf7\x8f\xe7\xbf\x27\xa7\xbf\x7e\x3f\x7d\xf9"
	"\x72\xfa\x32\xf9\xa5\x46\xfd\x5b\x2d\x6d\x8f\xaa\xf5\x7f\xee\x36"
	"\x7b\x04\xde\x83\xce\xc6\x8c\x13\x08\x8d\x7a\x24\x6a\xca\x07\xca"
	"\xb5\x75\x5e\x30\x14\x9b\xb0\xc4\x6a\xe2\x08\x32\xc8\xa4\xfd\xcd"
	"\x1d\x6b\x25\x78\x94\xe5\x8c\xc4\x74\x87\x66\x90\xe3\x76\x62\x20"
	"\x56\x5d\x61\xb8\x90\xbc\x54\xa0\x88\xa2\xf2\x62\x37\xc5\x3b\xae"
	"\x1a\xe2\x12\x71\xa3\x05\xb1\x59\x1b\xfa\xb6\xc3\x3f\x94\xf2\xf6"
	"\xa2\x54\x0a\x85\xf9\x45\x30\x68\xd0\x87\x2f\x0f\xdf\xb4\x46\xd7"
	"\xd7\x51\x74\xad\xd3\x1c\x2c\x9a\xf7\x01\x9e\x17\x27\x85\x21\xd8"
	"\x46\x8f\xe1\xf5\xd7\xe4\xab\x5c\xae\xf7\xf7\xf7\x55\x2e\xe8\x1a"
	"\x85\x49\x92\x8b\x2a\x39\xe0\xb5\x06\x6c\x3e\x55\xc7\xe5\xa4\x11"
	"\x15\xe9\xfa\x61\x8d\xfe\xd8\xfd\x28\x21\x91\xf8\xab\x5a\x98\x92"
	"\x43\xe2\xe8\x85\x60\x20\x8b\xde\x31\x5e\x21\x30\x90\x06\x20\xf6"
	"\x39\xbf\x73\x86\x03\x5c\x19\x18\x91\x02\xc8\x18\x11\xc6\x6b\xcd"
	"\x28\x9c\x9c\x4e\xd8\xc3\x3b\x34\x68\xf4\xfa\xf2\xf1\xf6\xfa\x0c"
	"\x4c\x6a\xb1\x45\xff\x04\x0a\x0e\xad\x8a\xd8\xd7\x68\x10\x97\x86"
	"\xa9\x43\xcd\xc1\x14\x89\xec\x05\x62\x97\xf7\x30\xc8\x23\x12\x27"
	"\x18\x89\xad\xf9\xb8\xf3\xb8\x46\x21\xe8\xbc\x00\x42\xd0\x5e\xec"
	"\x66\x38\xba\x7a\xe4\xa2\xe3\xf4\x04\x4f\x73\xd3\x8f\xd0\x34\x95"
	"\x9e\x1c\x04\xb8\xb4\x24\x01\xb8\xf0\x22\x63\x17\x20\x67\x5f\x4b"
	"\x14\xa0\x34\xcf\x90\x8a\x85\x87\xe7\x52\x76\xa3\x5b\xb6\xa5\xbd"
	"\x01\xde\x12\xdf\xdf\x65\xb7\x8c\x57\x9b\xdb\x4e\xcd\x5c\x3a\x09"
	"\x7f\x7b\xfd\x78\x7d\x7c\x7d\xae\x7b\x4b\xaf\x6f\xa8\x3f\x98\x8a"
	"\x01\xe2\x34\xcf\x39\x50\xec\xe3\x54\xd6\x80\x92\x69\xb2\x08\x4a"
	"\x0f\xaf\x04\x74\xa8\x09\x8e\x50\xd6\x6e\x85\xfd\x39\xe7\xfd\x13"
	"\x0b\x2e\xf9\xe4\xf1\xf9\xf5\xf1\x4f\x9b\xae\xa1\x84\x95\x3f\x0f"
	"\x43\xc3\xfb\x84\x79\x59\x18\x6f\x74\xcd\x62\x98\x25\xf2\x98\x17"
	"\xda\xbd\xd6\xb0\x8f\x4a\xc2\x80\xaa\xb2\xe9\x6e\xf1\xf0\xe5\xcb"
	"\x13\x38\x61\xa8\x19\x56\x67\xfc\xfe\x9f\xab\xae\x55\x2f\xda\x17"
	"\x36\xda\xa7\x17\xa0\x72\xad\x87\xe8\x7b\x0b\x67\x54\xa7\xc6\x7b"
	"\xea\x7f\xd7\x07\x40\xba\x00\x41\xa1\xaf\x82\xc6\x3e\x14\xe6\x15"
	"\x97\x7a\x50\xcb\xc0\x07\xde\x29\x67\x11\x0f\xa6\xc2\x0b\x9d\x20"
	"\xb5\x85\xde\x20\x64\x0d\x17\x48\xe9\xcf\x91\xbd\xdf\x25\x2b\x69"
	"\xdb\x87\x37\xa4\xad\x58\x08\x3a\x4c\x9d\x59\xb1\x2d\x48\xa0\x4d"
	"\x6d\x99\xf1\x34\x85\x2c\xb7\x73\x74\x5c\x31\x75\x18\xdf\xb3\x67"
	"\x17\x30\x25\x6e\x55\x17\x3d\xc7\xe5\xd6\x7a\x69\x23\x66\x18\xfc"
	"\x6e\x91\x15\xe4\xeb\xb3\x7a\xd1\x69\x12\x74\x06\xd3\x49\x8a\x3b"
	"\xb1\x16\x18\x4f\xf0\x5f\x0f\xdf\xbe\x29\x0d\x4a\xa7\x60\x59\xcf"
	"\x74\x02\xcb\x59\x69\x78\x17\xf0\x3c\x1c\x93\xbd\x39\x5f\x3e\x12"
	"\xbe\xc2\xc5\x6b\x09\xff\x60\x67\x0c\x1a\x72\xe9\x97\x2e\xc5\xc7"
	"\x20\x0b\x77\x7d\xb0\x1c\x02\xc2\x3b\xe4\x3c\x0a\x4b\x64\x47\x6e"
	"\x0e\xbd\x52\x0f\x09\x3c\x7d\xae\xef\x08\xb9\x03\xd0\x72\xc7\xe4"
	"\xaa\xe5\xf7\xc9\xc1\x55\x7c\xa5\xfd\xa5\xe0\x8c\x41\xac\x9b\x30"
	"\xfd\xe9\xa7\x1f\xdf\xd4\x9c\x62\x6b\x4a\x97\x2b\x4c\x0d\xc8\x5c"
	"\x55\x03\x1e\x15\x9e\x37\x00\x08\x4a\x67\xe9\x6f\xe6\x53\x27\x00"
	"\x8e\xcc\x1d\x00\xc7\x98\x37\xb7\x1e\x9c\x46\x41\xe8\xf7\x0f\xbe"
	"\xd8\x3a\x76\x54\xcf\x56\x2a\xc5\xbe\xdb\x71\x2e\x0b\xda\x40\xb5"
	"\xaa\x11\xe2\x2f\x66\x43\xf5\xe6\xe8\x33\x2c\x9a\x4e\xc3\xd0\x51"
	"\xb1\x9c\x8a\x1c\xe1\x69\x33\x9d\xaa\x20\xfe\xcc\x9b\xa2\x4c\xef"
	"\x66\x14\x1e\xfa\xf3\x00\x28\xbb\xbd\xaf\x3b\x33\x42\x80\xfd\x92"
	"\x71\xdc\xd2\x04\x9b\x7f\x35\x3c\xfc\xec\x1f\x63\x42\x23\x90\x83"
	"\x70\x48\x7b\x1e\x67\x2d\x29\x9c\xec\xa7\xad\xd3\xde\xe6\x73\x87"
	"\xa7\x2c\x07\xde\x12\x80\xa2\x5c\x42\x30\x7d\x40\x18\xc5\x15\x91"
	"\x6a\xb6\xc2\xa2\xb6\x0a\xe9\x48\xa6\x7e\xb5\x8a\x45\xb0\xfc\x7f"
	"\xca\xce\xa4\xb9\x71\x5c\x49\xc0\x7f\xc5\xf1\x4e\xaf\x23\xfa\x45"
	"\x93\xe0\x3e\x11\x7d\x80\x40\x52\x62\x99\x5b\x11\xd0\xe2\xba\x28"
	"\xdc\x2e\x55\xb7\x63\x5c\x56\x85\xed\x9a\xe9\xfe\xf7\x03\x80\xa4"
	"\x44\x52\x4c\x24\xe7\x50\x8b\x90\x1f\x41\xec\x1b\x13\x99\x40\x75"
	"\x8d\x10\x1b\x47\x88\x11\xc9\x93\x75\x25\x77\x2c\x8e\x11\xe2\x2b"
	"\x0e\x98\xe8\x53\xd6\xa3\x1a\x50\xde\x3f\xbf\xfa\x4c\x02\x68\xc4"
	"\xeb\x19\xa5\xa2\x16\x58\xae\xb5\x04\x22\xc6\xd4\x64\xbc\x56\x90"
	"\x91\x91\x11\x85\x11\xd0\x9c\x7b\x26\xaf\xc3\x00\x50\xe5\xe8\x11"
	"\x70\x22\xb8\xbe\x47\x5b\x82\x33\xbf\x47\x30\xc7\x07\x94\xb3\x7b"
	"\xa6\xed\x20\xfa\x16\xf3\xc1\x76\x7d\xcf\x37\xd2\xb2\xbc\x5d\xdb"
	"\x3b\xe0\x4c\x64\xa1\x0c\xf1\x02\x94\x09\x1c\x0f\x63\xbc\x10\x79"
	"\x97\xdc\xf6\x3a\x6e\x60\xac\xfd\x35\xdd\xae\x13\x55\x5c\x24\x72"
	"\xcd\xc5\xd5\x88\xc8\xf5\x80\x34\xb5\x8b\xa1\x3e\xce\xe4\xd0\x19"
	"\x04\x97\x8f\x96\x25\x60\x00\xb1\xbf\xe4\x7d\xed\x10\x55\xbe\x35"
	"\x5a\xe6\xe7\x85\xb2\x61\x3c\x33\x10\x0c\x2d\x9b\xeb\xec\xf4\xe6"
	"\x50\xad\x89\x39\xed\x8c\xb7\xbe\xa9\x15\x04\x3b\xfc\x89\xe3\xac"
	"\xb3\xba\xd3\x27\x4d\x4c\x7d\x83\x8f\x2d\x14\xb7\x05\x64\x18\x3d"
	"\x93\x03\x6c\x59\xb8\x6d\x33\x3e\x6a\x81\x58\xb7\x1b\x84\x6b\x84"
	"\x56\x5d\x97\x29\x5a\x83\x87\x0d\xc3\xf6\x03\xd9\x1f\xa1\x29\x9b"
	"\xcb\xd5\xe5\xd0\xbb\x18\x1b\x7f\xd5\x01\xca\xe2\xf9\xfc\xfe\x4c"
	"\x4b\xbb\x53\x92\xc9\x06\xb8\xfd\xb8\xf5\xf8\x21\xd7\xb0\xf3\x9f"
	"\xc4\x94\x63\x46\xe5\xa1\x35\x70\x00\xcd\xd8\x01\xe2\x2e\x41\x42"
	"\x04\x29\x94\x86\xfd\x02\xc6\x5b\xc0\xf8\x0b\x98\x08\x67\x1c\x34"
	"\x3d\x11\x71\x2d\x84\x11\xb2\x04\x71\xc6\x5d\xc4\xd8\x38\xe3\x13"
	"\x9c\x09\x16\xbc\x2b\x40\xca\x99\xb3\xc0\xc7\xea\x8b\xd7\x09\xa0"
	"\x4c\x73\x41\xc4\xa1\x36\x47\x12\x73\x9f\x58\x08\x61\x63\x29\x49"
	"\x03\x3b\xb4\xbc\x14\x65\x42\x92\xae\x11\xc8\x73\x02\x8f\x9b\x19"
	"\xc1\x45\xb2\x15\x14\xb2\x8e\xd9\x73\xeb\xdc\xb3\x43\xe0\xb3\xf8"
	"\x80\x21\x16\xc6\x04\xbe\x45\x31\xc2\xdc\x2a\xda\x6d\x25\xa0\xf4"
	"\xdf\x43\x9b\x6c\xe3\xdb\x8e\xb9\x2e\x32\xb5\x29\xdf\x43\x17\xbf"
	"\x2e\x94\x08\x03\x23\xf0\x89\xb9\xe6\x04\xcb\xd1\xbd\xb1\x09\xd2"
	"\x30\xe4\xc6\x31\xa1\xc0\x7c\x73\x61\xf4\xfc\xeb\xe1\x4c\x64\x61"
	"\x8c\x0b\xdd\x49\x1b\x32\xc4\xf6\x70\x86\x10\x9c\x71\x17\xc4\xe3"
	"\x5b\x0b\x18\x73\x9a\xf5\x5d\x0b\x1b\x67\x7c\xcb\xf7\x70\xc8\x8e"
	"\x70\xc6\x0f\x51\x26\x0a\x30\xc4\xb1\x03\xa4\x10\x25\xe4\xfb\x4e"
	"\x84\x33\xee\x82\x78\x3c\x0b\x67\x16\x25\x1a\x69\x65\x05\xab\x1d"
	"\x6c\x96\x14\x0c\xd2\x66\xbf\x8e\xef\x0c\x54\xa1\xe8\x5a\x46\xe1"
	"\x3b\x08\x80\xcc\x21\x12\x40\x63\xf0\x30\x20\xc0\x80\x10\x01\x42"
	"\x2c\x91\x21\x96\xc8\x10\x4b\x64\x88\x25\x12\x1b\x38\xe4\x1a\x02"
	"\x03\xb0\x44\x46\x1e\x71\x5c\x9c\x71\xed\x05\x8c\x39\xbf\x35\x0b"
	"\x03\x07\x19\x56\x14\x03\xdd\x1a\xe8\x99\x52\xb0\xa3\x32\xff\x50"
	"\x64\x5c\x80\xca\x2b\x1d\xca\x84\x1c\x13\x1c\x94\x09\x90\xf6\x24"
	"\x99\x20\xb4\x08\xca\x44\x96\x8b\x64\x2f\x0d\x3d\xc0\x0b\x77\x5d"
	"\x40\x5a\x34\xfd\xd3\x7c\x23\x90\x19\x40\x12\x48\x0f\x97\x84\xf3"
	"\x37\x46\x30\x64\x59\x55\x24\x76\xe0\x98\x2b\x29\x29\x98\xe1\x94"
	"\xec\xc2\x10\x1b\x67\xfc\x3d\xb1\x90\x4c\x15\x9c\xb9\x41\xb1\x0c"
	"\x42\xba\x4c\x8b\xad\x1c\x64\xc8\xe5\x6c\xe3\xf9\x87\x43\xe7\x05"
	"\x0c\x47\xc9\x82\xe8\x1c\xf3\xd6\x83\x0b\xc1\x03\x0f\xcb\x64\xe1"
	"\xfb\xd8\x2e\x87\xd9\x24\x8c\x43\x74\x53\xc5\x6d\xcb\xc6\xa2\xe2"
	"\x41\x48\x42\x9c\x09\x90\xc5\xbe\xac\xe4\x10\x69\xb8\x59\x49\x89"
	"\x15\xa1\x08\x32\x39\x49\xc4\x21\xe8\x24\x18\x98\x7b\xb1\xd8\x14"
	"\x0c\x99\xb5\x45\x51\xdb\xc8\x78\xa1\x11\x07\x47\x42\x0c\x71\x91"
	"\xde\xa1\x10\x24\xcb\x3b\x61\x13\x64\xa1\xb6\x0f\x9d\x20\xb4\x63"
	"\x94\x89\x96\x30\x64\x01\xe3\xe0\x88\x87\x21\x79\x10\x7a\x82\x2f"
	"\xa0\xfc\x72\x8d\x51\xb2\x0b\x6f\xd2\x05\x50\xb2\x99\x73\x3e\xa9"
	"\x27\xac\x91\xd7\xa6\x36\x40\xa9\x38\x35\x6b\xed\x3e\x5c\x9f\x3a"
	"\x55\x69\xda\xfa\x7b\x38\x16\xfc\x6a\xbf\xa8\x87\xfb\x43\x9c\x49"
	"\xf0\xd8\x6b\x68\x1f\xaa\x9c\x2c\xe8\x93\x33\xd1\x64\x35\x87\xd3"
	"\x74\xf1\xe6\xb0\xae\x76\x47\xa5\x0c\xb0\xd7\xe6\xa3\xb4\xaa\x60"
	"\xb6\x1a\x6b\xe4\xce\x3d\x22\x77\xac\xf5\x71\x9f\x71\xe0\x3a\xe2"
	"\xcc\x13\x29\xcd\x1a\x39\xcf\x40\xaa\x22\x73\x8f\x28\x35\xf7\xd6"
	"\xb0\xcd\xe2\x47\xba\x2f\x24\xca\x17\xe4\xd4\x1b\xcb\xe4\xa9\x85"
	"\x99\xfe\x7f\x24\x7d\x79\xb9\xb4\x85\x5e\xae\x8f\xa0\xf2\xcd\x90"
	"\x5c\x58\x0c\x48\xf6\xaf\xc7\x8a\xf5\xb6\x7f\xc6\x18\x5f\x52\xa8"
	"\xcb\x3b\xd0\x31\xef\xe7\xaa\xc9\x3e\xcf\xc5\xa3\x4f\x05\x29\xab"
	"\xb3\xbb\xac\x14\x8e\x6b\x1d\x94\x72\x85\xf2\xd1\x3b\xfb\x01\x7c"
	"\xf0\xdd\xc8\x94\x26\xf5\x95\xac\x4f\xd7\xc4\x08\x96\x8e\x4e\xbc"
	"\xfd\x7c\xff\xf8\x67\x18\xb3\x68\xb6\x1c\x70\x26\x52\x88\x4e\xda"
	"\x1e\x75\xa6\xb3\xd6\x66\x95\xb7\xd8\x78\xe8\x90\xac\x0f\xb9\x71"
	"\xf8\x71\x11\x94\xd5\x9e\x3e\x54\x5b\x61\x88\xae\x53\x6e\x6e\x5d"
	"\x9b\xcd\x38\x52\xb9\x70\xf3\x5a\x05\xfb\xc7\x8f\xa7\xbf\xbe\x9e"
	"\xff\x04\xed\x39\xf2\x2a\x15\xc3\xb4\x8f\xbf\x62\xf6\x02\x93\x11"
	"\x77\x23\xf3\x25\xcb\x1a\xa5\x52\x61\x84\xf4\xed\x83\x3a\xb4\x3c"
	"\x33\xd6\xa9\x96\x99\xa1\x78\x6f\x96\xab\x8d\xb2\x73\x40\x52\x5d"
	"\x28\xd3\x29\xc4\x56\x97\xfe\xe7\xbe\xcf\xfe\xe7\x8f\xc7\xf7\xd3"
	"\xd7\x6b\xd9\xb2\xc7\xb7\xaf\xa3\x46\x2a\x99\x9a\xcd\xbd\x61\x5c"
	"\x27\xf5\xdb\xe9\xe3\xf9\xfb\xe9\xfc\xf3\xe3\x6e\x7d\x96\xd5\xf2"
	"\x7a\x9e\x5a\x6d\xed\xea\xb6\x6e\x12\xa5\x83\x54\x6d\xf5\x90\x05"
	"\x7c\x1e\xb9\x6d\x80\xc3\xd0\x6e\x09\x3a\xb5\x67\x37\x11\x4f\x9c"
	"\x89\x9a\x40\x32\x79\x4f\x7c\xbc\xcf\x94\xf3\xec\xc1\xb5\x0d\x65"
	"\x73\xaa\xe2\xbc\x1b\x28\xdb\x6f\xf7\xe7\xd7\xe7\xa7\xf7\x3b\xfe"
	"\xfc\xf2\xfc\x74\x7e\xbd\x5b\x3d\x3e\xfd\xf7\x8f\x97\xc7\xd7\xd3"
	"\xe8\xcb\xc0\x58\xdd\xf3\xea\x4a\x83\x0e\xa3\x1b\xfa\xd8\xb8\x55"
	"\xbd\xd0\x3a\xe8\xdf\x7e\xbe\x3e\x29\xfd\xac\x5b\xe7\x20\x7d\xc2"
	"\xd3\xf8\xa6\x73\xaa\x30\xca\x44\x18\xb9\xde\xfc\x91\xa7\x06\xb8"
	"\x13\x00\x2b\xa1\x5e\x0c\x1c\x0e\x69\xd3\x83\x5a\xeb\x03\x38\x5a"
	"\xd4\xcf\x53\x41\xc2\xc0\x82\x15\x4f\x35\xa4\x6f\xca\xa6\x79\xa2"
	"\x54\x07\x11\x6a\x93\x33\xc0\x46\x9d\x62\x64\x09\x7a\x91\x05\xac"
	"\x89\x35\x10\x47\x5e\x60\x17\xfb\x1d\xfc\x9a\x43\x4d\x2c\xd8\x3a"
	"\x86\x2e\xe8\x46\xe9\xfa\x32\x43\xa1\x65\xcc\x81\xcb\x2c\xa6\x91"
	"\xe5\xc0\x49\x54\x62\x8f\x80\x17\x9d\x07\x88\x29\x8d\x1a\xf1\x8c"
	"\x62\xe0\x9c\xfb\x22\x76\x4c\x62\xe8\xc6\xb2\x16\xe7\x25\x1c\xb5"
	"\xdc\x27\x3b\xca\xd1\x8c\x29\x7f\x3d\x63\xca\xe0\x26\xf3\xe5\x2a"
	"\x1f\xb6\x39\xa9\xb4\x6e\x6a\xb8\x26\x94\x58\x46\x3f\xb9\x69\x30"
	"\x7a\xc3\x7d\x52\x98\xc4\x61\x58\x17\xa1\x65\x21\x72\xcf\x2c\xf7"
	"\x2d\xb8\x21\xe8\x0f\xfe\x1e\x70\xb0\xd7\x01\x41\xe0\x1b\x7a\x5f"
	"\x0b\x84\x3e\x02\x44\x8e\x19\x08\x5d\x23\x10\x46\x56\x60\x96\x13"
	"\xcf\x2c\x8f\x90\xe7\xa3\x70\x6e\x2c\x57\x52\xe1\x3b\x5e\x38\x9e"
	"\x0a\x54\x88\xbe\xb3\x0f\xc7\x29\x19\xd3\x2b\x93\x32\x25\xf6\xaa"
	"\x98\x8f\x20\xf9\xa2\x6f\xcc\xd4\xf0\xe8\x60\x94\xee\xb2\x3a\x69"
	"\xf4\x6d\x25\x10\x91\x53\xe4\x16\x14\xd6\x2c\xf5\x64\xd7\x84\x2b"
	"\x44\x36\xaa\x83\x61\x00\x6c\x84\x67\x19\x9e\x6e\x04\x3f\x1c\x21"
	"\xc7\x18\x1a\x60\x9e\xf0\x42\x43\x04\xf7\x21\xb0\x83\xd7\xd2\xd2"
	"\x13\xbe\x0d\xcb\xd5\x5a\xd7\x38\x55\xf0\xcc\x0d\xfc\x03\xc2\x14"
	"\x9e\x05\xcf\x68\xfc\xfe\x21\x94\xdd\x8a\x18\x1e\x07\x9a\x0e\x5d"
	"\x1d\x3c\xcb\x82\x1c\xe6\xe9\x47\x49\xb1\xb5\x2c\x6f\x3a\x09\x73"
	"\x51\xd4\xe0\x23\x5a\xa5\x73\xfa\x84\xc8\x8e\xb4\x70\x1c\xef\xa0"
	"\xcc\x15\x51\xc3\x84\x97\xd7\x4e\x64\xe8\x9d\x4a\x91\x29\x84\x8b"
	"\x5b\xbe\x26\x2f\x0c\x6d\x8d\xe6\x05\xe0\x22\x41\x19\xf8\xb1\x2d"
	"\x40\xd1\xa8\xb5\xfe\x03\xd9\x15\x31\x99\x06\xd2\x89\xd2\x80\x61"
	"\xd0\x6a\x81\xc8\x32\x03\xc4\x0e\x8c\xf9\x96\x25\x63\x98\x84\x3b"
	"\xc2\xf3\x3d\xec\x2d\xa1\x19\x08\x7d\x24\xa7\x91\x6d\x61\x80\x79"
	"\xa6\xbf\x40\xa6\x19\x55\x42\x72\xae\x02\x74\x34\xc4\x3e\x77\x2d"
	"\xc7\xb0\x48\x93\x80\x6f\xb9\xc8\x2a\x6e\x9f\xdb\x24\x70\xcc\x4c"
	"\x5e\x38\x9e\x61\xf4\x11\x4c\x8e\xdd\x91\xa1\xc0\x20\x4d\x71\x2d"
	"\x0c\x72\xdf\x3f\xac\x0c\x91\xfb\x4e\x18\x20\x40\xe4\x18\x00\xda"
	"\x64\x5f\xaa\x92\x1a\x6b\xa3\x67\x4c\x95\xb1\x2f\x42\xd7\xb0\x70"
	"\x90\x62\xc7\x36\x2f\x7e\x3a\x04\x79\x89\xe3\x59\x58\x2c\x51\x34"
	"\x67\x1c\xf7\x62\xbc\x64\x74\x87\xf7\x62\xd1\x04\xba\xd6\x75\x25"
	"\x5a\x7f\x7a\xbb\x2a\x17\x74\x9d\xcc\x47\xa2\x1c\x85\x6c\xdb\xeb"
	"\xd9\x7c\x5b\x00\x8a\x69\x57\x5c\x1d\x04\xe9\x73\xa0\xa5\x0f\xa8"
	"\x9d\x4f\x08\x74\xdf\x01\x15\x7b\x4e\x14\x62\x50\x29\xff\xa9\x11"
	"\x48\xae\x89\x09\xd0\x95\x27\x90\x8d\x40\x29\x2d\x3d\xc7\xf3\xb0"
	"\xa4\x83\x1a\xa8\x57\x24\xe3\x79\xe4\x58\x1e\x4e\xf9\x24\xb0\x29"
	"\x82\xa9\xa9\x26\xb0\x97\x40\x04\x85\xc2\x00\xd0\xe4\x1f\x43\x68"
	"\x19\xe4\xed\x88\xb1\x80\xf2\x03\x1f\xa1\xd4\x72\xdb\x0b\x17\x50"
	"\xa1\xef\x46\x4b\x28\xdf\x5a\x40\x45\x1e\x59\x42\x01\x0a\x02\x03"
	"\x4a\xae\x69\xd1\x96\xd5\x2e\x8e\x97\x40\xd1\x22\xa8\x5e\x40\x85"
	"\x58\x29\xd4\xe9\xf6\x4b\x02\x99\xe2\x18\x60\xbb\x30\xb4\xfc\x45"
	"\x54\xb8\x88\x8a\x30\x4a\xce\x99\x9e\x0d\x39\x5e\x1b\x61\x3e\x71"
	"\xfc\x05\xb1\xc9\x55\x0b\x71\x16\x61\xc1\x61\x09\x66\x2f\x4a\x9b"
	"\x47\x5c\x2c\xb6\xdd\xf4\xda\x5d\x4f\xb0\x89\xfd\x12\x19\x50\xd0"
	"\x7a\xf4\xbb\xb3\xef\xc5\xc7\xde\xb5\x9a\x59\x83\x57\xcd\xb1\x4c"
	"\x2e\x4f\x0c\xee\xb2\x37\x6a\x5b\x01\x84\xfb\xb3\xe1\x9f\x76\xf3"
	"\xf1\xf0\xaa\x7c\x98\x17\xd0\xf2\xa1\x9a\x97\x6c\x68\x53\xcf\x4a"
	"\x0a\x39\xdb\xdc\xaf\xe2\x59\xd9\xa1\x18\x3e\x73\x2d\x53\xd6\xb9"
	"\x38\x9e\x3b\x58\xd7\xca\xe4\xbd\x6a\xf4\xc8\xc6\xc4\xf7\xd3\xd7"
	"\xe7\xc7\xbb\xa7\xf3\xdb\x8c\x3b\xaa\xf6\x29\x46\x0b\x65\x7e\xe5"
	"\xfa\xf0\x58\x45\xbd\xf3\x90\x71\x14\x3b\xb3\x8a\xb6\x66\x95\x21"
	"\x14\x21\xa7\xde\x45\x70\x43\x95\xeb\x63\x9c\xe3\x71\xb3\x80\x62"
	"\x09\x5b\x42\x99\x9c\x61\xef\xb2\x38\xd1\x8e\xa4\xaf\xf5\xd1\x06"
	"\xed\xdc\x7c\x64\xf4\xaa\x0d\xa5\xf1\xce\x70\xb5\xa7\x65\xda\xe5"
	"\x4a\x91\x95\xda\x71\x5b\xb9\x9e\xad\x3d\x8d\xae\xb6\x29\x99\xf4"
	"\x89\x6b\x78\x91\x14\x55\xcd\xe7\x24\xbb\x42\x7f\x97\x1a\x7d\x64"
	"\x13\x35\xcb\x8e\x49\x52\x37\x55\x31\x73\x85\x52\xb5\x87\xdb\x53"
	"\x5e\x5d\x3a\xda\x3d\xe1\xb8\x11\xed\x4f\x7f\x3c\x3d\x7e\xbf\xb5"
	"\x6e\xa5\xdd\x14\xea\x2c\xb2\x9c\x72\x3e\x76\x03\x39\x10\x4c\x7c"
	"\x7d\x0d\xa0\x35\xaf\x19\x1d\x5e\xcf\x52\x81\x85\x07\x5d\x00\xd7"
	"\x69\x13\x3b\xcb\x07\x8e\x20\x74\x94\x79\xe8\xc3\x7e\x13\xf5\x0b"
	"\x8f\xab\xa4\xfc\x8c\x20\xda\xae\x0f\xc6\xd4\x19\xb5\x11\x26\x16"
	"\x8c\x43\x47\x22\x57\x2a\x11\x55\xc1\x11\x26\xcd\xca\xa4\xce\xb0"
	"\x34\x7d\x4a\xd4\xd7\xa6\x4f\x18\x95\x2b\x6b\xc6\x2b\x16\x23\xdc"
	"\xbd\x7c\x27\x13\x18\x54\x95\x19\xa3\x08\x54\xd0\x06\xcb\x60\xd1"
	"\x44\x4a\x41\x1f\x8b\xa9\xdc\x87\x16\x56\x0a\xd5\xce\x03\x14\x5c"
	"\x47\x0c\xa0\xaa\x37\x61\x8e\x58\x4c\x72\xe3\x40\x80\x43\xca\x11"
	"\x14\x38\x86\x76\x3d\xa0\x6c\xac\x51\xf1\xc4\xb5\x50\xa6\x8c\x64"
	"\xaa\x48\xb8\x08\xc3\xca\x53\x4e\x7c\xd9\x61\xb5\x04\xc2\x5a\x9e"
	"\xfa\xcb\xb3\xac\x45\x94\xbd\x88\xf2\x16\x51\xfe\x22\x2a\x5c\x42"
	"\xf9\x4b\xd2\x65\x7b\x78\xd1\x7f\x8e\xf0\xc4\x2b\x86\xe1\x90\x83"
	"\x57\xa1\xb8\xb7\x6c\x17\x87\x6c\xdb\x41\x13\xa5\x86\xe0\x10\xad"
	"\xc3\x6d\xa9\xbc\x20\x23\x94\xf0\x6d\x6c\x70\x94\xbb\x63\xc0\x27"
	"\xc5\x90\xd9\x2a\x07\x41\x18\xb5\x0b\x3d\x07\xeb\x82\x3b\x66\x41"
	"\x37\xc1\x07\x90\x1c\xf1\x0a\x84\x39\x64\x8d\x76\x8b\xc8\x32\x6c"
	"\x04\xfd\xc2\x1c\xc3\x8c\x56\xef\x99\x61\x75\xa1\x26\x21\x38\x4b"
	"\x5f\x1a\xc7\x77\x0d\x71\xcb\x0a\xdf\x27\x2b\x53\x5e\x38\x21\xc0"
	"\x46\xb9\x7d\xbf\x64\xc4\xee\xf6\xdb\xbd\x5e\x32\xfc\x7a\x27\x45"
	"\xff\x7e\x7c\x7d\x7c\x39\xff\xf9\xdb\xd7\xe7\x3f\x9f\x3f\x1e\x5f"
	"\x7e\xd1\x37\xb7\xaf\x6b\x89\x49\x74\x49\x41\x42\x20\xbd\x72\x05"
	"\x76\xb1\xa2\xd0\xbb\x75\x07\x41\xb9\x5a\x22\xf2\x0f\xca\xe9\x7b"
	"\xd3\x33\x50\xfb\x15\xbe\x5d\x2d\x9f\xbe\xde\x15\x05\xfb\x8d\xcb"
	"\xa5\x6a\x6f\x18\x6a\x94\x72\xf6\xd0\xba\xb2\x4b\xb3\xa6\x98\x5a"
	"\xec\x19\x2c\xb8\x1e\x5f\x9f\x9e\x5f\x5e\x1e\xdf\xfe\xb9\x1a\x04"
	"\xfb\xf8\xf9\x2a\xff\xfd\x55\x92\xaf\xef\x67\xf5\x9f\x67\xf2\x24"
	"\x7f\xfd\x78\xfe\xf5\xee\xdb\xdb\xf9\xf5\xe3\xf4\xfa\xf5\xfd\x97"
	"\xe9\x0a\x8d\x6f\x57\x71\xb3\xd3\x56\xca\x3a\x23\xb1\x93\xa5\xaa"
	"\xdc\x40\xb4\x26\xec\x5a\x8d\xa1\x9f\x5f\x9f\xcf\xb2\xc0\x9f\xce"
	"\x5f\xf5\xbb\x7e\xbc\x9d\x65\xc9\xab\xd7\x69\x03\x2e\xdf\x9f\xff"
	"\x6e\xb3\xa3\xe1\x26\xe6\x17\xb4\x0f\xdb\x3d\x7f\x3d\x9d\x81\x50"
	"\x15\xc3\xe3\xe8\x05\x63\xf9\xe9\x75\x1c\xca\x1e\xbf\x9f\xde\x1e"
	"\xbb\xfc\x0e\x5a\x41\x6b\x4b\xf7\xe5\xf1\xfd\xaf\x69\x60\x1b\xcf"
	"\xf3\x77\x99\xec\xff\x39\x7d\x3f\xbd\x7e\xdc\x29\x4b\x69\x17\xb1"
	"\xce\xdd\x6f\x2d\xf4\x74\x96\x94\xcc\x9a\x52\x65\x18\x41\x72\xf7"
	"\x70\xa7\x8b\x7a\x1c\x5c\x3c\xbf\x3f\x9d\x5e\x94\x5a\xc5\xf9\xe7"
	"\xfb\xdd\x5f\xa7\x97\x1f\x53\x82\xb7\xf5\x72\xf7\x53\xe9\xb1\xc8"
	"\x58\xdf\xcf\x4f\xc7\xa7\x36\x0b\x6d\x1d\xf6\xa0\x38\x9f\x5f\xde"
	"\x95\xcd\x1b\x99\xfa\xd3\xcb\xf9\xc7\xdd\xeb\xe9\x7f\xaf\x55\xd8"
	"\x53\xeb\xb7\xc7\x1f\x7f\x29\xbd\x8e\x39\x2b\x7f\xc5\xe1\x98\xd5"
	"\xdb\x9d\x03\x7d\x02\x8a\x9b\x91\x75\xc6\x58\x75\x82\x5a\xb6\x82"
	"\xc3\x9c\xc5\xc1\x31\xa6\xef\x9d\x02\x66\x93\x86\x80\x32\x3a\x9c"
	"\x4e\x6d\x17\x0d\xb8\xfb\x82\x77\x36\xf2\xae\x4d\xae\x0f\x4f\x57"
	"\xb3\xa2\x74\xa5\x2c\x5a\x5e\x34\xde\xe6\x84\x95\xec\x7b\xed\x06"
	"\xc6\xb6\xac\x71\xc2\x94\xb1\xd9\xa3\x6c\xf4\x31\xdc\xb7\xd4\x11"
	"\x74\xd7\xca\xee\x64\x93\x9a\xd4\xe2\x28\xb6\xd6\x3a\x63\x60\x01"
	"\x8b\x81\x1e\xe1\x59\x0e\x19\xc5\xe8\x91\xf2\x50\x1f\x45\x4c\xa3"
	"\x28\x3c\x80\xdc\x26\xce\x81\xf5\xb5\x92\xca\x2d\x5b\xa6\x2e\x63"
	"\xcb\x01\xed\x61\x4e\xc9\xef\xee\xdf\x6d\xbf\x65\xe7\xba\xef\xaf"
	"\xbf\x28\xe3\x65\xdf\x9e\xff\xfc\xf9\xf6\xa8\xb4\x75\xa6\xb9\xdb"
	"\xad\x13\xb8\x86\x93\xc3\x43\x59\x71\x50\xbc\x8d\x73\x50\x46\x9b"
	"\x82\xc6\x14\x14\x37\x8c\x36\x4a\x9b\x6c\x13\x03\xb6\xa9\x14\x54"
	"\x41\x7e\xa8\x95\x50\x64\xa0\xd6\x8d\x6e\x24\x3c\x3f\xc6\x80\x65"
	"\x70\x25\xe7\xa2\x00\x9a\x6b\x4d\xcb\xe4\x62\x59\x2a\x7e\x7e\xff"
	"\xf1\xf2\xf8\xcf\x5d\x2d\xbb\xfb\xcb\x4d\xd3\xd0\xe8\x31\xdf\xc5"
	"\x70\x19\xb5\x08\xcf\x8a\x1a\xb8\x07\x3f\x80\x5a\x5f\xb8\xc7\x3c"
	"\x8e\x20\xcb\x13\x83\x97\x4a\x6e\xed\x7a\xc0\x19\xec\x6d\xa4\xdc"
	"\x4f\x42\x4a\x2d\x34\x9d\xa2\x51\xeb\x71\x59\x3c\x41\x10\x46\x3b"
	"\xa0\x88\x56\x4d\x16\xaf\x93\x71\xaf\x6c\x23\xb8\x48\x46\xa5\x97"
	"\xf5\xde\xc0\xef\x56\x6f\xcf\x5f\xff\x3c\xdd\x14\x64\x7b\x52\x24"
	"\xdf\x4b\xcb\x43\x00\xcd\xe4\x7a\xcc\xd9\x16\x2b\xd9\x66\xe5\x0e"
	"\x99\xc2\x75\xaf\x2a\xc4\x68\x5e\x5e\x77\x25\x65\x16\x7b\x93\xd5"
	"\xea\x4e\x47\x5c\x1f\x94\x6a\xcf\x3a\x39\xae\x42\xcf\x92\x83\x69"
	"\xba\x07\x9f\x53\x9d\xb8\x16\xa5\xe3\xfa\xa6\xc2\x6c\x68\x9c\x1c"
	"\x6b\x1e\xfa\x80\xa2\x9a\x6e\x82\x99\x2a\xf0\x2c\x84\xb4\x65\x5a"
	"\x26\x8b\x2c\x02\x97\x87\x9c\xcc\x37\xd9\x8a\xb6\x5f\x29\x03\x3f"
	"\x30\x74\x97\xa3\x48\x6b\xe8\x96\x7a\x3f\x42\xd1\x78\x17\x78\xc0"
	"\x46\xb2\xed\x35\x99\xa1\xc7\xb3\x7a\xbd\x35\x94\x77\x6b\xb5\x02"
	"\x06\x06\x76\x26\x68\x92\x1c\xe5\x10\x67\xaa\xbe\x03\x4f\x57\x86"
	"\xdc\x96\x0f\x71\x03\x0f\x6c\x75\x6e\x1b\x72\xd9\x5a\x4c\x87\xc5"
	"\xd9\xaa\xb3\x5d\x7c\x6b\xd7\xff\x4d\x4e\xf3\x77\x7f\xfc\xfc\xf6"
	"\x4d\x59\x8a\x9c\x9e\x7c\xa5\x23\xfb\xc3\xfd\xdc\xa4\x67\xaa\x99"
	"\x8e\x26\xa7\x46\x56\x28\x17\xe9\x83\x8e\x26\xc3\xca\x4a\x64\xe9"
	"\xc8\x62\x90\x0c\x8c\x81\x91\x50\x8a\xb4\x6a\xf3\x2e\xe1\xd4\xe0"
	"\x45\x40\xbd\x4a\xfe\x49\xb3\x3c\x6f\x46\x2b\xc3\x4e\xc0\xaa\xfa"
	"\x41\xa6\x94\xde\x08\x32\xe5\x32\x77\x95\x67\x62\x92\x1e\x25\x6b"
	"\xe4\x24\x5d\x67\x87\x24\x57\x27\x79\xc7\xd5\xc3\xac\x45\x72\xc9"
	"\xf1\x07\x3e\xff\x66\x25\x98\x7d\xb3\x12\x40\x6f\x96\x9b\x3e\xb5"
	"\x9c\x95\x7d\x59\xa8\x9f\xdb\x52\xce\x21\x75\xa2\xbe\x81\x27\x14"
	"\x2a\x22\xb9\x35\x48\xb2\x75\x29\x87\x0c\xd9\x44\x4b\x43\x2a\x47"
	"\x27\xa9\xaa\xd8\x93\x34\x69\x1a\x19\xfb\xd8\x4c\x9d\xc2\xe5\x18"
	"\xa5\x8c\x1d\x02\x6f\x2c\x28\x53\x1e\xac\x39\x58\x69\x94\xdd\xdf"
	"\x98\x80\x1d\x3c\xae\xbc\x5f\xb7\xeb\xa6\x71\x82\xe4\xa4\xa8\x0b"
	"\x45\x79\x15\xee\x07\xe1\x51\x9b\xfc\xab\xb7\x3f\x3c\xa3\xfc\x2f"
	"\x9f\x97\xb3\x36\x83\xd6\x1f\x52\x6c\x76\xea\xae\xb2\x6d\xc7\x5a"
	"\x4b\x12\x94\x17\x9c\x6d\x53\x50\x0c\x2d\x28\x54\x4b\x5b\x15\xc7"
	"\xf5\x41\xb8\xd0\x29\x50\xba\xea\xbf\xde\x83\x65\x9e\xa8\xb9\xad"
	"\x2a\x12\xb0\xd0\x1b\xb9\x6e\xe4\x9b\x24\x11\x10\xa1\x1c\x7e\xde"
	"\xdb\x91\x05\xe7\x0f\x9e\xe7\x95\x94\xcb\xd2\xb1\xe6\x5c\xa8\x5e"
	"\xea\xfb\x28\x4b\x7f\x70\x90\xde\x7f\xbb\x92\x81\xed\x99\x78\xfb"
	"\x21\x67\xf4\x5d\x4b\xca\x72\x37\xb5\x2c\xe2\x12\x01\xdc\x65\xd3"
	"\x4c\xc1\x49\xe8\xac\x53\xe0\xf0\x48\x23\x62\xe7\x78\xd6\xe7\x1d"
	"\x08\x28\xdf\x48\x04\x98\x8d\x7a\xb9\x03\xcc\x66\x4a\x2e\xe2\x8a"
	"\xb8\x05\x28\xde\xad\xd7\xc4\x75\x08\x75\x41\xc2\x68\x0e\x51\x17"
	"\x9d\x9f\xf8\x4e\x01\xa7\xc0\xb0\xb6\x52\x62\xb9\x58\x72\xfc\x28"
	"\x5d\x03\x6b\xfd\xae\x1c\x3d\xcb\xbe\x4f\x0d\x45\xbd\x39\x84\x8e"
	"\x67\xae\x66\xa8\x36\xaf\x44\x77\x15\x07\x30\x41\xd5\x53\x75\x11"
	"\x46\xae\x7d\xdc\x43\x4e\x8f\xae\x24\x8d\xeb\x10\xfa\xc6\x31\xa1"
	"\x02\x8c\xca\x0b\x07\x32\xbd\x30\xc8\x00\xa4\x0b\x32\x88\x67\xe7"
	"\x11\x2b\xc8\x6b\x04\x5b\xc5\xbe\x6d\x05\x58\xca\x1b\x76\x60\xe5"
	"\xfc\xe5\x28\x39\x18\x73\x41\x67\x27\x20\xb5\x01\x19\x75\xa7\x6a"
	"\x6c\xfd\xe9\x72\x91\x67\x5b\x8e\x6e\x06\xe9\x80\x63\xc5\x39\xb4"
	"\xf1\xe6\xe5\xc0\x27\xb9\xfc\xd1\xba\x43\x18\x07\xd5\xac\x18\x07"
	"\x6c\xf6\x71\x52\x8f\x83\x78\xf2\xf9\xda\x4e\x06\xe1\x0d\xdd\x17"
	"\x59\x9c\x8d\x03\x3f\xc9\xe2\xb8\x0d\xe9\x9d\x12\xe9\xef\x68\xd7"
	"\x1c\xb4\xe9\x57\x9b\xec\xf9\xe4\xab\xe4\xcd\xa5\x7a\xd3\xcc\x04"
	"\x2a\x27\xc0\xea\x22\x81\xfe\x60\xc9\xc7\x32\xe5\xc1\x5a\xee\xf7"
	"\x62\xfe\xbb\x43\x46\x59\x6b\xc7\xb9\x63\x95\xcb\x9e\x57\x4f\xb2"
	"\x22\x27\x72\x26\x77\x71\xe3\xc0\x9d\xd2\x53\xe6\x89\x16\xa6\x7c"
	"\x9a\x9b\xab\x14\xf4\x76\xa1\x93\x0a\x59\x00\x6f\x4b\x7b\xab\xae"
	"\x41\x35\x33\x95\xb0\x2d\x8a\x87\xdb\xe0\xae\x34\xfa\x5b\x8f\xb7"
	"\x80\xaa\xa5\x63\xb2\x4b\x4a\x40\x76\x53\x27\x75\xee\xe8\x35\xa6"
	"\x04\xc0\x3c\x48\xc8\x9d\x83\x86\xd9\x6c\x8f\x27\xa7\xd1\xeb\x6c"
	"\x80\xf1\x52\x65\x8c\x1a\x94\xca\x19\x56\xa5\x18\x94\x17\xa2\xa6"
	"\x3b\x50\xda\xfb\xa7\xb1\x7d\x0f\xba\xb9\xad\xe2\xa8\xb7\x93\xcf"
	"\x54\xad\xa7\xaa\xf8\x3f\xfa\x68\x63\x70\xb7\x4e\x35\x45\x65\x05"
	"\x53\xae\xec\xd4\x39\x90\x9c\x7c\xbf\x24\xbf\xfb\xee\x50\x4e\xc7"
	"\xa7\x5f\x5d\x10\xa5\x2c\x83\xea\x7f\xda\x0c\xb7\x7c\x75\x13\x20"
	"\xd7\x01\xf1\x78\xc5\xd7\x0b\xb6\xd4\x86\x2e\x82\x77\x04\xa3\x19"
	"\xfd\x6c\x24\xfc\x14\x72\x91\xdd\x13\x9b\x2c\x85\x2e\x9f\x2a\x64"
	"\xc5\x62\x02\xb9\x3c\x53\x9b\xac\x2d\x65\xbd\x95\x51\xba\xcb\xa0"
	"\x4b\xd7\xdd\xbb\xea\x2a\xc6\xe4\x1b\x33\x21\xaa\x32\x01\x75\x2b"
	"\x7a\x68\x47\x65\xdb\x38\x40\x95\x32\xd6\x52\xe8\x82\x94\xd9\xed"
	"\xa3\x3a\xf3\x02\xdb\xb2\xbe\x9c\x25\x49\xc3\x48\x70\x71\x83\x91"
	"\x91\x99\x83\xfc\x33\xeb\xce\xc1\xbf\x9d\xdf\xe4\x3a\xfa\x74\x7a"
	"\x7f\x7a\x7c\x39\xdd\xb1\x7a\x7b\x3d\x9a\x3e\x7f\xff\x7e\x7e\x1d"
	"\xa0\xe7\x1f\xea\x98\xed\x7d\xe6\x91\xff\x1a\x5d\xc3\xeb\x32\xa1"
	"\xce\xa9\x28\x6f\xe0\x34\xf6\x10\xa7\x19\xce\xf0\x05\x4c\x1d\x03"
	"\x2e\x23\x86\x54\x82\xbd\x4e\x1d\x3c\xcb\x6e\x00\xf9\x83\x51\x98"
	"\x2c\x52\x75\x23\x8a\xd8\xd6\xb4\x74\x67\x62\x5b\x1b\xe5\xca\x9a"
	"\x38\x64\x57\x6a\x84\x98\xd4\x09\x87\x24\x64\x16\x68\x84\x98\xd4"
	"\x0e\x07\x64\xe8\x39\x0b\x90\xa5\x91\x05\xce\x02\x64\x69\x64\x78"
	"\x36\xc3\xe5\xd9\x8c\x9c\x05\xc8\x4c\x64\x43\x43\xa4\x1d\xab\x8e"
	"\xe6\xd8\xef\xff\xfa\xfe\x21\xd9\xe0\x5f\x13\x63\xa5\x75\x42\xef"
	"\x67\xb5\xac\xae\x6f\xba\x3f\xae\x04\xdb\xf1\x78\x6e\x58\xd0\x71"
	"\xb0\xba\x35\x7a\x5a\x53\x24\x25\x65\xb2\xd7\xb6\xe9\xa7\x57\x77"
	"\x77\xd5\x5e\x2e\x2e\x9b\x75\xa2\x0e\x2f\xe0\x93\x93\x3e\x9a\xfe"
	"\x98\xb5\x9f\x19\xda\xf1\x43\x14\xcf\x4f\x6f\xe7\xd3\xcb\xe9\xe9"
	"\xe3\xad\xbb\x9a\x2b\x0a\x87\xdc\xa9\x31\xa9\xfd\xfe\x35\xe7\x89"
	"\xae\x8b\xf2\x20\xd2\x7a\x4d\xc1\xae\xf3\xe5\x20\xb7\x53\x85\x21"
	"\x49\xfa\x3c\xef\x32\xa5\x75\x6f\x90\xc5\x3e\x6b\x2e\xb4\x1f\x52"
	"\x59\x14\xb4\x95\x63\xac\x6a\x1a\xd3\xad\x1d\x18\x66\xba\x2b\xe4"
	"\xdb\xa0\xba\xff\x0d\x08\x5d\x1d\x18\x82\x81\x05\x99\x74\xe9\xa1"
	"\x7b\xd7\x86\x2c\x40\x5d\x11\xcf\x43\x11\x48\xc5\x60\x88\xb8\x58"
	"\x5a\x3c\x07\xd0\xde\xbe\x20\x39\xf3\x7c\x62\x7e\xd3\x4a\xc8\x06"
	"\x5d\x19\x11\xc6\x1d\x2f\x77\xc8\x02\xc6\x59\xc0\xb8\x0b\x18\x0f"
	"\x61\x5c\x92\xbb\x04\x67\x3c\xbc\x7d\xb4\xdc\x92\xb8\x7c\x9c\x09"
	"\x1c\x94\xf1\xf1\xac\x05\x16\x8e\x2c\xcb\x58\x80\x37\x7b\x85\x1d"
	"\x0e\xe1\x92\xe8\x1c\xd0\xbe\xe7\x80\x71\x23\x04\xf1\x9c\x1c\x89"
	"\x46\x0e\x72\xc4\x26\xe6\x72\x4a\x78\x60\x23\x2d\x29\xe1\xa1\x63"
	"\xfb\x28\x42\xf0\xbc\x77\x18\x56\x94\x6b\x51\xf8\xc8\xb0\x95\x95"
	"\x65\xa5\xdc\x85\x59\x8e\x39\x61\x72\x53\x1b\x85\x1e\x32\xd2\x68"
	"\x28\x82\xec\x8e\x0d\x21\xdf\x5c\xe0\x05\x2f\xc2\xc8\xf6\x8f\x7b"
	"\x16\xf7\xaa\xd2\x46\x5e\x6e\xdd\x6d\x3f\xb4\x51\x26\x88\x0e\x68"
	"\xd9\xf6\x1c\x56\xb8\x92\x93\xb5\x19\xd2\x25\x11\xb6\xe0\x82\x18"
	"\x3d\x9b\xfc\xbd\x24\x42\xcd\x61\xf1\x35\xc2\xf3\x91\xf6\xa6\x10"
	"\xc7\x46\x91\x20\x40\x5f\xc6\xd7\x22\xf7\xa0\x7d\xd8\x05\xca\x9a"
	"\xb4\x5d\x34\x2c\x98\x76\xf1\xa5\x3b\xe7\x05\xf1\x2d\x82\xa7\xad"
	"\xe3\xb0\x82\x95\x9c\xeb\xf9\xe6\xe6\xcb\x05\x85\x34\xdf\x86\x88"
	"\x87\x14\x84\xc8\xe4\x22\xca\xbc\x4b\x10\x94\x13\x0f\x99\x08\x34"
	"\xe3\x1f\x30\x06\xbc\xcc\x3b\x64\x02\x1b\x8f\x27\x20\x16\xce\x84"
	"\xa4\x30\x43\x29\x8d\xc2\xc0\x3c\x2c\x8b\x7c\xe7\x10\x8b\x66\x8c"
	"\x38\x68\xb5\x0d\x59\xac\x29\x5c\x58\xc7\x3e\x1c\x16\x92\x08\xc7"
	"\x1d\x4a\x48\x90\x18\xa1\x7d\x11\x7a\xb6\x85\x22\xc8\xca\x48\x23"
	"\x2e\x8a\x84\xe8\x8b\x20\x7b\x33\x43\x84\x84\x28\xe2\xe0\xb1\x38"
	"\x01\x8a\xb8\x78\x2c\x1e\x9e\x23\x0f\x2d\xba\x20\xc0\x63\x09\x7c"
	"\x0c\x09\x2d\x17\x6d\x90\x1d\x86\xb5\x45\x75\xf9\xd7\x42\x93\x1d"
	"\xf9\x16\x8e\x10\x14\x09\x5c\x1c\x41\x6b\x3c\x42\x76\xd8\x5f\xf4"
	"\x29\x49\xe4\xd7\x84\x60\x9b\x67\xdf\x90\xad\x26\x63\x1b\xe5\xf1"
	"\x83\xd7\xa6\x1d\x1f\xdd\x87\x32\xe7\x73\x7b\x62\xb9\x17\x96\x2b"
	"\x43\x73\xc9\xb6\x8c\xbd\x80\xf1\x16\x0c\x66\xc8\xf6\x6a\x2f\x3b"
	"\x82\x63\x1e\xf0\x4a\xba\x0d\x3d\xd7\x42\x99\xd0\x5e\xc0\x20\x83"
	"\x84\xa8\xa9\x32\x8d\x4f\x09\x36\xf1\x7b\x96\x21\xd1\xfa\xe3\xaf"
	"\xfe\xd2\x81\x31\x9c\x6d\xcd\x5c\xbb\x24\x58\x37\xb4\xde\x2c\x07"
	"\xe7\x62\x6d\x0f\xcf\xb3\xf8\xf6\x0e\x9f\x0c\x1c\xb9\x22\xc9\xe2"
	"\xab\x43\x19\xd1\x24\xe5\x5a\x6c\xe6\xbe\x97\x65\x71\x43\xf7\x83"
	"\xfb\x58\x6d\x34\x83\x48\xba\x0f\x97\x97\x43\x90\x1f\xa7\xa7\xe7"
	"\xc7\x17\x9d\x86\x9b\xcb\x63\x8a\xa7\xae\x48\xc6\xe7\x2f\x3a\x94"
	"\xb1\xad\xa8\xb6\x0c\x48\x83\x94\x37\x43\xc7\x8e\x97\xa0\x63\x9a"
	"\x4e\x42\xeb\x7a\x6c\xd1\xec\x12\x98\xcd\x6b\x17\x69\x39\x07\xae"
	"\x20\x68\xe1\x56\x7d\x71\x00\xd2\xb5\x4a\xf2\xfb\xac\xbc\x29\xd8"
	"\x44\x54\xb5\x4c\x1a\xf0\x10\xdb\x24\x4d\xf3\x30\x4e\x37\xdb\x64"
	"\xf2\xd7\xc3\x34\x26\x56\x35\x9c\x66\x0d\x10\x51\xdd\x54\x71\x76"
	"\x9f\x3c\xf0\x9b\xc7\xb4\xfa\x15\x98\x25\x56\x13\xdb\x26\x50\xea"
	"\x5a\x45\xf5\x71\xf2\x64\x2b\x58\x57\x65\x93\xf1\x91\x1a\x60\x1f"
	"\x76\x53\x0b\x89\xd2\xf5\x9d\x86\xe5\x09\x9b\xf8\x8e\xd7\xa1\x15"
	"\x90\x8e\xe4\x8b\xcc\xd9\x14\x5f\x27\xc5\x2a\x03\xfa\x87\x96\xa7"
	"\x4d\x01\xc4\xb7\xa9\x72\x39\xa6\x8e\x22\xd4\x21\x93\x7a\x1a\x47"
	"\x27\xfc\xd0\x81\x4a\x5f\x26\x4f\x37\xd9\x71\x36\xef\x1f\x92\x71"
	"\xc0\x96\x29\x5d\x47\x36\x0e\xdc\xd3\x5c\x36\x91\x49\x4f\x7a\x68"
	"\x7a\xf5\xe7\x51\x22\x32\x65\xab\x11\x4c\x62\x36\xff\x9d\x5b\x4a"
	"\xc4\x3e\x2b\x37\xb4\x9c\x24\x2f\x29\x95\xeb\x51\x51\x4d\xc2\x73"
	"\xa6\xbf\x11\x4d\xdf\x0d\x29\x1a\xb4\xb2\xb2\xda\x41\xb5\xa7\xf2"
	"\xdc\x75\xf4\x99\xd0\x63\xfc\x09\x10\xc8\x1f\xf5\xa0\x5c\x2e\xe1"
	"\xc3\xd6\xa4\x02\x9b\x6d\xb1\xca\x93\x9a\xc6\xe4\x46\xb4\x8e\x5c"
	"\xeb\x26\x70\xbf\x49\x94\x6a\xda\xb4\x51\x16\x54\x56\x4d\x51\x6d"
	"\xf9\xcd\x98\x51\xd0\x87\x34\xa7\x1c\x1a\x90\x8a\x4c\x99\xe0\xab"
	"\x52\x31\x89\xaf\x2a\xe5\x90\x9a\x4c\x3a\x77\xb1\xcd\x45\x36\xd3"
	"\x56\xca\x4c\xd2\x65\x5c\x4d\xdf\x5d\x8a\x0c\x78\x6d\x29\x9a\x6c"
	"\x3d\x8e\xa4\x6a\xda\x66\x3d\x1c\x17\x68\xa9\xcc\xb5\xe6\x55\x33"
	"\x18\xac\x07\x81\x6d\x31\x8c\x5e\x59\x27\xa5\x2c\x86\x52\x40\x23"
	"\x4d\x22\x68\xfe\x50\x4e\x86\xe0\x5a\x8e\x59\x39\xbb\x99\x57\xba"
	"\xe0\x23\xa0\xb1\x39\x44\x66\x35\xdf\x66\x49\x48\x4f\x6d\xc4\x24"
	"\x31\x47\x21\x06\x0f\xa7\x39\x2d\xb5\x42\x34\x9b\x8c\x7e\x75\x93"
	"\x15\xf4\x30\xcd\x66\xa3\x34\xcc\x62\xa8\xf7\x35\x15\x63\x74\xd2"
	"\x3a\xe4\x50\xfe\x7f\xa4\x5d\x5b\x73\xa3\xba\x96\xfe\x2b\xae\xfd"
	"\xb4\x77\xd5\xe9\x39\xdc\xc1\x33\x35\x0f\x18\xb0\x61\x07\x8c\x82"
	"\xc0\x71\xfa\xc5\x95\x4e\xe8\x6e\xd7\x4e\xe2\x8c\xe3\x9c\xdd\x39"
	"\xbf\x7e\xb4\x04\xd8\x5c\xb4\x24\x4f\xcd\x53\x1c\xad\x0f\x21\x74"
	"\x5d\x5a\xd7\xc9\x58\xb5\xaa\x84\x51\x61\x73\x14\x9c\x8d\x4f\xd6"
	"\xf7\x93\x99\xcb\x93\x35\x81\xeb\xd8\xb8\x59\xb4\x8c\x10\x4f\xad"
	"\x96\xca\xd6\x01\x3b\xb1\x85\x0e\xe6\x1c\xd1\xb8\xe4\x4d\xbe\x36"
	"\xc3\xe6\xe4\xaa\x88\xa2\xb5\x4f\x93\x9e\xd5\xe6\xb9\x68\xda\x6c"
	"\x50\xd3\xfc\x99\xdf\xb7\xaf\xe8\xbe\xb0\x57\x3a\x79\xa4\x4c\x36"
	"\xf9\xa8\x24\x27\x34\x8a\x26\xf3\xae\x8c\xd9\xce\x86\x6d\xff\x65"
	"\x0c\x41\x87\xcf\x29\xdf\x7b\xf1\x96\x2f\xe5\xb2\xa3\xa0\x02\x46"
	"\x68\x47\xa8\x89\xd4\x7f\xe7\x37\xa7\x5b\xbf\x28\x49\xb2\xbc\x9c"
	"\xec\x2c\xdb\x84\x2d\x35\xa4\x96\xaf\x51\x91\x8f\x7b\xbf\x2b\xc3"
	"\x19\x8a\xaf\xf7\x21\xe3\x86\xa6\x27\x47\x13\x25\x7d\x17\x57\xf8"
	"\x42\xf4\x53\x22\x4e\x9b\x2a\x64\x22\x1b\x73\x04\xc1\x82\x17\x59"
	"\x34\xb7\xe0\xc6\x0e\xe9\xec\x86\x33\xac\xf7\xe2\xd9\x64\x04\x00"
	"\x46\xaa\xc9\xe3\x20\xd9\x81\xa1\x2b\x63\xa6\x1b\xb3\xdd\x61\x88"
	"\x80\x89\x09\x25\xb7\xbd\xe8\x82\xf4\xf6\xca\xda\xbc\xd4\x74\x17"
	"\x07\xe1\x80\x32\x82\xad\xd7\x6c\x33\x0c\x22\xae\x2f\x6c\xa3\x69"
	"\x9c\xa3\x65\x0c\x1c\xc2\xa0\xab\x5a\x1b\x80\x61\x37\x75\x61\xd1"
	"\xc1\x68\x37\xa1\x03\xbb\x65\x4e\x1e\x18\x50\xa1\x8e\x95\x79\xb9"
	"\x92\xd1\x76\x77\x31\xdb\x51\xd2\x84\x96\x52\xd4\x22\xe5\xdb\x2c"
	"\x2d\xd1\xa9\x00\x48\xd8\x3d\x21\x70\xfd\x0a\xb2\x1e\x42\xd4\x65"
	"\xcc\x8a\x83\xc7\x5f\x40\x02\x93\x03\xed\x8e\xf7\xfe\xc2\x5f\x8a"
	"\x27\xd6\xe1\xfd\x04\x4e\x4a\x6d\xfa\xf6\x5e\x14\xed\x41\x25\x81"
	"\xe3\x6e\x35\x0d\xc6\x09\x7d\xcf\x16\x66\x85\x0c\x10\xa9\x00\xf9"
	"\xb6\x32\x74\x2d\x26\x52\x10\xa4\x74\xd5\x9d\xad\x12\x63\x3a\x86"
	"\x14\xb3\x64\x43\x01\xd6\x11\x32\x0c\xa4\x95\x82\x98\xb2\xd2\x46"
	"\xab\xbe\x8a\xa6\x9e\x2e\xaf\xa2\xf0\x7c\xc7\xb1\xe7\xae\x14\x14"
	"\x83\x09\x2f\x78\xbe\x66\xa3\x53\xee\x3c\x94\x6d\x1c\xf4\xe0\xf9"
	"\xe1\xfd\x7d\x7a\xdb\xe3\x0b\xa9\x6f\xf2\xc8\x0d\x88\xc0\x58\xaf"
	"\x6f\x6f\xc7\x27\x4c\x98\x8d\xd7\x47\x39\x8c\x7d\xda\xe4\xbf\x64"
	"\x9b\xe9\x7f\xce\x1a\x8f\xe4\xbc\x80\x54\x71\x4f\xf5\x1b\xb8\x4e"
	"\x82\xd7\x25\x0d\x68\x32\xfb\xf6\x71\x9a\x2d\xd2\x1b\x58\xb2\x3b"
	"\x1a\xce\x5e\x1e\x3e\x3b\xc3\x9d\x87\xe7\xf7\xc3\xec\x5b\x3d\x7b"
	"\xad\xeb\xa7\xfa\xe9\xbf\x58\xa5\xf5\xa0\xa6\xb8\x7e\x7e\xe3\x46"
	"\x3c\x2f\x10\x01\x67\xff\xfa\xfd\x30\xfc\x90\x16\x37\x6e\x66\x5b"
	"\x2c\x09\xef\xd2\x47\xc1\x45\x72\xe4\x13\x23\xaa\xcb\x2f\xfd\xa5"
	"\x3f\xda\x91\x3a\xe2\x92\x9d\xac\x83\x83\xa6\x4f\x4c\x28\x98\x82"
	"\x89\x69\xec\xb7\x5f\x8a\x49\x34\x0c\x0b\x6d\x8e\xd3\x6c\x5b\x4c"
	"\xfb\xb3\xca\x08\x8d\x73\xa4\x56\x3f\xf5\xab\xd0\x17\xd3\xf2\x75"
	"\x34\x62\x87\xfb\xd4\x1b\x30\xda\x13\x93\x3a\x2f\x6a\xd6\x45\xc1"
	"\x02\x1b\x8c\x68\xcd\x3e\x77\xe1\x18\x36\x1e\x7d\xa0\xf2\xc5\xa7"
	"\x5e\xf2\xf2\xf0\x63\xff\xfa\x43\xe4\x7a\xce\x97\x67\x18\x78\x92"
	"\xb8\x14\xfc\x52\x20\x89\x30\x90\x10\x3c\x36\x25\x7f\xbe\xac\xf0"
	"\x38\x07\x19\x5f\x93\x61\x11\x08\x1b\xbe\x3e\x9c\xf6\xdf\x3f\x67"
	"\xdf\xeb\x87\xd3\xc7\x71\x1c\x7f\x27\xce\xd9\x2a\x3e\x7b\x12\xf5"
	"\x08\x4d\x59\xe3\x7b\x25\xa0\x24\xe3\xd2\xc6\x07\x38\x64\x97\x81"
	"\x84\x9d\x16\x70\xb1\x12\x0f\x53\x9b\x52\x7d\x34\x3e\x71\x56\x9e"
	"\x2d\x67\xb8\x8d\x32\xbe\x71\x77\x89\x91\x9b\x06\x22\x0b\xa6\x6d"
	"\x3d\x37\x1d\x4e\x87\x09\x17\xce\x5f\xdd\xbd\x6f\x19\xf9\x65\x25"
	"\xb4\xdc\xe6\xd0\x3b\xee\xc4\x37\xd9\x85\xf8\x5e\x05\xd6\x97\xbb"
	"\x94\x80\x27\x98\xe4\x9c\x0d\x02\x76\x9a\x77\xbd\xc6\x4a\x18\x2b"
	"\xba\xbb\xc5\x83\x72\x34\x82\xbc\x08\x2e\xe8\x41\x14\xb6\x1d\xc6"
	"\xcd\xaf\xd1\x47\xc2\x7c\xbd\x4a\x25\xe4\xbb\xc0\x94\x11\xf1\xf8"
	"\x0f\xe0\x17\x99\x84\x91\x2f\x3d\xdd\xdc\xa1\xbc\xfa\x3c\xf1\x80"
	"\x91\x13\xef\xfd\x8d\x01\xf0\x64\x91\x36\x66\xc1\x10\x42\x33\x97"
	"\x7c\x4d\x0b\x93\xb9\x45\xf4\x60\x12\x47\x9c\x1e\xca\x4f\x8a\x00"
	"\x4d\x50\xdd\xc7\x15\x37\xa6\xae\x3b\x2a\x58\x23\xfb\x53\xa1\x82"
	"\xd8\xb4\x74\x15\x88\xb3\x71\x31\x9b\xa2\x2a\x20\x18\x03\x80\xb0"
	"\x34\x4a\x23\x29\x7b\xd6\xbd\x9c\x30\x86\x63\xab\x44\xb5\x9b\x6a"
	"\xe6\xa9\x90\x51\x46\xa2\x95\x0a\xb4\x2c\xc3\x84\x8d\x48\xae\xc2"
	"\x6d\x12\x8a\xe4\xc8\xe9\x81\x12\xe2\xdf\x2a\x31\xca\x5a\xa2\x70"
	"\x75\x55\x7f\x75\xb8\x1d\xe2\xf8\xda\xff\x4a\x4f\x37\x24\x61\x62"
	"\x2e\x28\xdb\x54\x0e\xc0\x8a\x1d\x78\xea\x99\x94\x90\x3b\x25\xa4"
	"\xaa\x54\x10\x10\x17\x13\x7f\xbd\x23\xa1\x7f\x25\x54\x09\x4b\xa9"
	"\xb2\xb7\x6e\xf2\x05\xb8\x3f\x07\xca\x11\xc8\xd8\x2e\x58\x5d\xd1"
	"\xb1\xdc\xbd\x4f\x09\xca\xa9\x8b\x69\xec\x47\x30\xcf\x52\xc3\xb6"
	"\xd5\x35\x73\x68\xed\x6f\x32\x75\xa7\x91\xd4\xc0\x34\x74\x3d\x14"
	"\x3b\x4e\x1c\xcf\x56\x2e\xcb\xdb\xc0\xaf\x94\x93\xec\xb6\xf2\x53"
	"\xb8\x12\x2b\xf7\x52\x12\x10\x6f\x6b\x2b\x61\xfe\x32\x52\x6f\xcb"
	"\x51\x51\xf8\x77\x49\xc1\xb6\x2b\x4a\x95\xe8\xfb\x6c\x91\xa7\x2a"
	"\x94\x7a\x65\x06\xf7\x8b\xa8\x00\x47\x28\x15\x70\xcb\xce\x83\x5c"
	"\xd9\x1f\x39\x41\xb3\x70\xf5\x51\xd9\x3a\x59\x47\xe5\x35\x95\x05"
	"\xea\xda\xb6\x20\xb9\x61\xec\xa0\xf2\xdc\x48\x68\xbc\x60\xcc\xb4"
	"\xb2\x6b\x69\xa5\x6b\xca\x09\x7e\x5b\x2a\x97\x5d\x45\x42\xd7\x5b"
	"\x6a\xae\xa9\xac\x6c\x72\x23\x3a\x73\x0c\x43\x01\xca\x93\xf8\xfa"
	"\x1f\x65\x89\x83\xb7\x86\x51\x0d\xfc\x7c\xf6\xc3\xaa\x94\xae\x87"
	"\x0d\x95\x9c\x62\x69\xb4\xca\x4b\xd0\x85\xe0\x08\xc9\xa5\xb9\x3b"
	"\x4b\x83\x7b\x37\x70\x4c\x09\x8c\xe7\x53\xc3\x39\xae\x90\x2b\x25"
	"\x70\x59\x02\x9c\xb1\x51\x2a\xd9\x67\xb8\xce\x53\x10\x3b\x66\xf8"
	"\x25\x98\xc0\xad\x2c\x80\x2f\xdd\x24\x8b\x62\x1c\x83\x9d\xb7\x2e"
	"\xbf\xf3\x8b\x22\x91\x9c\xde\xe3\xf8\x40\x23\xb1\x0c\x8d\xca\x46"
	"\xb4\xb0\x4c\xb6\x63\xb6\x7c\xc4\x79\x82\x72\x60\x89\x1f\x7c\xf7"
	"\xec\x69\x7c\xa8\xa3\xaf\xbc\xb3\xb6\xf8\x4c\x8a\xab\x05\xfc\x35"
	"\x6c\x5d\x12\xba\x30\xa6\x8c\xb7\x67\x3f\x4c\x5b\xb2\x65\x77\x20"
	"\xcb\xd1\xf0\x08\x7a\x3c\xd6\x1b\xbf\x6e\xc9\xbb\x28\x88\xfd\x9c"
	"\xb2\xf3\x57\xb8\x80\xc8\xcf\xcf\xf7\xfd\xe3\xc3\xf3\x2c\x7d\xf8"
	"\xac\x8f\x62\xe6\x9b\xc4\xf7\xe3\x51\xe3\xf2\x42\xff\x26\x4a\xf3"
	"\x40\x24\x82\x58\xe7\xa4\x91\xaa\x05\x51\x32\xf0\x1c\x6d\xd3\x80"
	"\xb0\x1a\xd1\xb4\x2c\x3c\x4a\x1d\xe4\xb8\xdb\x2c\x24\xc1\xfc\xb8"
	"\x90\x4c\x12\xb0\xb1\x4a\x11\x83\xa1\x10\xa2\xf4\x17\xec\xba\xd0"
	"\x5d\xca\x96\xc8\xb4\x5d\xf9\x8c\x81\x9b\xdc\x3b\x9b\x52\x85\x8c"
	"\xa6\x0f\x82\x00\x15\x42\xfd\x48\x0f\x08\x5f\xba\xe3\xc6\x11\xb6"
	"\xa6\x09\xe8\xdd\x55\x78\x5d\x65\xbb\x45\xb5\x5c\x82\x6f\xa6\xd1"
	"\x7b\xa5\xe4\x22\x74\x19\xe8\xfa\xb8\x7f\xfb\x59\x1f\xd9\x50\x5f"
	"\x04\xa6\xe3\x9d\x72\x09\x13\x53\xb2\xb9\x77\x62\xc7\x2a\x94\x84"
	"\x88\x2c\xa4\xe4\x4e\x5c\x88\x47\x1f\xdc\xfa\x86\x8b\x2f\xc3\x6c"
	"\x23\xad\x1e\xc8\xa6\x44\x9c\xb9\x26\xf0\x38\x8f\x06\x80\xd7\x01"
	"\x0d\xc4\x97\xf9\x82\x3d\x2f\x6b\x02\x3b\xba\x0d\xc3\x35\x54\xb3"
	"\xa3\xc9\xd2\x88\xdf\xb2\xc1\xd9\x76\x2c\x53\x1d\xac\xfe\x05\xa4"
	"\x3b\xcd\x69\x52\x46\x43\xc1\xc9\x72\x2a\x29\xad\x2e\x17\xe8\x41"
	"\x69\x04\x27\xc7\xf8\x69\x11\x74\xb9\x2b\xd6\xec\x00\x18\x17\x2e"
	"\x27\x25\x43\xc7\xf2\xa6\x6c\x60\xe7\xd3\xc2\x4a\x32\x2e\x22\xd3"
	"\xa2\x46\xb0\x41\x8b\x60\xfa\x81\x93\x22\xf6\xcf\xfa\xb2\x66\x07"
	"\xaa\x1b\xf8\x39\x6e\x69\x57\x2a\xfc\xda\x33\xb1\xe9\xc8\xe1\x6e"
	"\xda\xd1\xf2\x85\xe4\xb0\x38\xa3\xd6\x41\xa6\x06\x45\x57\x82\x20"
	"\x12\x23\x8d\x4a\x64\x46\x9c\x91\xdd\x50\x21\xf5\x44\x57\xbc\x2c"
	"\x83\x18\x13\x9d\x3c\x5b\x89\x5e\xee\x52\x08\x51\xa2\x6a\xd7\x74"
	"\xbe\xf4\x48\x21\xde\xd3\x6c\xbc\xc3\xec\x9a\x56\xf8\xe1\x42\xdd"
	"\x86\xc9\xd4\xeb\xd1\x88\x84\xa6\x9c\x60\xa2\x79\xd9\xa7\x89\x27"
	"\xf3\x19\x51\x75\x8e\xfe\xd8\xd7\x55\x7e\xa0\x5f\xd3\x0b\x80\x93"
	"\x05\xa2\x9a\xc2\x8d\x2b\x7a\x6d\xb2\xae\x7b\xc4\x91\x1a\x77\xfc"
	"\x82\x4d\x70\x4d\x3b\x5a\x6d\x0e\xbe\x6d\x82\x4b\x62\x91\xa3\x7a"
	"\xdd\x96\x7a\x96\xd2\xf6\x77\xc7\x8b\x86\xfe\x9e\x44\x81\x4c\x6b"
	"\xc9\x95\x96\x52\xae\x62\x87\xb2\x25\x77\xa2\xd9\x97\x65\xbd\x01"
	"\x67\xff\x9c\x43\x57\xd0\x72\x24\x67\x06\xa2\x50\x47\x36\xc8\x9d"
	"\x9c\xd1\x10\x9c\x2b\x44\x09\x29\xc8\x5d\x01\x91\x21\xa2\xc1\x2b"
	"\xdb\xc2\x46\xaa\x39\x6c\xc9\x02\xb8\x37\x41\x51\x17\x89\xe3\x12"
	"\x72\xe3\x42\x3a\xc7\xad\x62\x37\x93\x2a\x1b\xf4\x2d\x84\xab\x65"
	"\xb3\x09\x4b\x85\xd0\x7e\x1d\x4a\x0c\x8a\x7b\x52\xe6\x0a\xb2\x6c"
	"\x5e\x03\x6a\xb9\xac\x50\x5a\x94\x2d\xa2\x30\x64\x4d\xe7\x71\x75"
	"\x31\x14\xc8\xee\xd7\x7c\x1e\x85\x8c\x3b\x44\x22\x29\x83\x9b\x2f"
	"\x07\xdf\x15\xbb\x3b\x32\x0d\xbf\xcb\x83\xf7\x36\xf1\x7b\xaf\x50"
	"\x51\x43\x4d\x58\x64\x11\xa0\xc1\xdb\x48\x91\x0f\xf3\xfa\x46\xbd"
	"\xb9\x24\xa0\x04\x7e\x10\x47\x63\xcf\xe4\xfe\x33\x8c\x85\x27\xe8"
	"\xb7\x35\x55\xdc\xca\x73\x5b\x74\xb8\xf8\x8e\x41\xd1\xfe\xf4\x8b"
	"\x8c\xfd\x49\x50\x3a\x0d\x63\x19\x95\xe0\xb4\xf0\x0e\x25\x6d\x2a"
	"\x94\x8d\x05\x72\x45\xe3\x40\x42\x0c\xe3\xc4\x61\x37\x04\xfc\xf9"
	"\x0c\x09\x11\xd3\x0d\x96\x74\x82\x01\x00\x64\x67\x12\x54\x3b\xbb"
	"\xf0\x4b\x46\x16\x65\xb4\x4c\xc4\x57\xaf\xe8\x8e\x5b\x5f\xf4\x4c"
	"\x16\xc1\x16\xa3\x4b\x98\x71\x89\x56\x74\x2e\xdd\x4d\x6c\x13\x87"
	"\xa0\x45\x01\xf7\xe6\x35\x48\x22\x60\xa8\x63\xc8\x28\x32\x35\x14"
	"\x07\xeb\x4e\x81\xfc\xa5\xa9\x21\xc8\x1c\x13\xf1\x81\xb9\x00\x6c"
	"\x09\x80\x67\xda\xd3\xa4\x74\xcc\xa3\x9a\xd3\x49\xe0\xcf\xb1\x48"
	"\xec\x1c\x80\x86\x9c\x6a\xaa\x87\xbc\x94\x96\x9c\x6e\x1b\x32\xba"
	"\x6d\x1b\xba\x82\x6e\xca\xe9\x8e\xb4\x7e\x0f\xcb\x5e\xd0\xd1\x31"
	"\x37\xd1\x4b\xf7\x20\xe9\x2f\xcf\x00\xc7\x94\x00\x42\xc6\x74\x18"
	"\x16\xd5\x10\xa7\x16\x8e\x39\x67\x68\x92\x4c\x84\xd0\xf0\x34\xd9"
	"\x87\x96\xa6\x3d\x97\x74\x54\x19\xf8\x90\x6f\x4a\x02\x48\x03\x7b"
	"\x8e\xb9\xab\x9d\xa7\x9a\xfd\x0b\xa7\x27\xd4\xd4\x97\xa9\xa9\xcf"
	"\xb7\x4a\x8c\x31\x7c\xcf\x68\x9d\x70\x13\x91\x6f\xcf\xfb\xd7\xbf"
	"\x7e\xd7\x9b\x20\xf5\xc5\x6a\x31\x6b\xad\xa4\x3f\x5e\x21\xbe\xb4"
	"\xc0\x03\x62\xf6\xfb\xc5\x3c\xf1\x8f\xe9\x4a\x03\xa1\x50\x86\x37"
	"\xac\xc9\xcf\x8a\xd3\x21\x2f\xa1\x60\x53\x69\x9e\x6d\xd2\xc1\x36"
	"\xdb\x45\x67\xc1\x06\xcd\x2d\x8f\xfb\x1f\x3f\x06\x52\xa3\xbe\xf9"
	"\xd7\x78\x27\xea\xac\xc2\xba\x48\x60\xa3\xf1\x69\xa9\x39\xdb\x6f"
	"\xe2\xbc\x94\x0c\x64\x0b\x8c\x23\xc6\x71\x2c\x30\x75\xe7\x00\x2a"
	"\x37\x10\x1e\x40\x03\x52\xa9\x41\xf2\x3d\xa3\x43\x75\xc6\x7b\xc3"
	"\x6e\xe7\x9d\xb7\x7f\x3b\x3d\x7c\x7b\xae\xdf\x67\xa7\xa6\x07\x2f"
	"\x03\xbf\xae\x4f\xdf\xf7\xcf\x27\x08\x2c\xce\x43\x70\xcf\x7e\x87"
	"\x8e\x3e\x3d\x1c\x7f\xd4\xa7\xe9\xa8\x9f\xbb\x94\xb1\x2e\x34\x89"
	"\xd6\xd7\x7c\x20\x4f\xc0\xa5\xc6\x11\x7f\x8d\xa8\xcc\x41\x73\x4c"
	"\x69\xb2\x48\xd2\xa4\x14\x59\x55\x44\x6c\x4b\xd8\xb1\xd5\x0e\x96"
	"\x89\x34\x28\xaa\x9e\x11\x12\x27\x4d\x78\x97\xa2\x0c\x40\xaa\x31"
	"\x2c\x18\x25\x7a\x82\xa2\x38\x28\x73\x7a\x2f\x2e\xec\xe2\xdd\xfd"
	"\x76\x3c\x3d\x6a\xbf\xf5\x01\x8c\x58\xe6\x71\x30\x7c\xaa\x2d\x1c"
	"\x3d\x75\x49\x7f\x56\xe2\x8c\x19\xd0\xd6\x1b\x76\x10\x77\x2b\x81"
	"\x15\xcc\xf6\x5d\xb4\xea\xde\x5a\x00\x20\x88\x19\xe1\x65\xcb\x51"
	"\xab\x79\x39\xd8\x9c\x08\x8a\x47\x31\xf7\xfa\xe5\xbb\x2a\x89\x76"
	"\xe3\xe8\x7b\xc3\x56\x17\x9b\x09\xb7\x7d\x36\x9b\x85\x96\x0a\x8e"
	"\xea\xee\x39\x7f\xb1\xb0\xbf\x46\xd4\x94\x56\xee\x2f\xb6\x58\x56"
	"\xa4\x0e\x12\xd2\x71\xc8\x52\x21\x04\xf1\xf7\xeb\x41\x1c\x2c\x05"
	"\x67\x0b\x89\xef\x33\xcf\x76\xe4\xed\xcd\xfc\xad\x33\xc7\xb2\x32"
	"\xb6\x98\x82\xda\x81\xa9\x78\x57\x42\x53\xdd\x40\xd2\xf6\x0c\x31"
	"\x86\xbc\xa2\x2d\x83\xd8\x52\x04\x09\x96\xa8\x17\xf3\x00\xa3\x39"
	"\x57\x80\xae\xc1\x78\x8a\x3e\xb4\xf4\xd2\x93\x77\xe1\xe2\xd6\x34"
	"\x6e\xa4\x08\xca\x18\xb9\x39\x92\x73\xab\xc3\x2c\x33\x34\x1a\xc9"
	"\x79\xac\xd8\xf4\xd3\x95\x10\x1b\x89\x63\xd1\xaf\xc5\x90\x8f\x42"
	"\x94\x99\x9a\x21\x9f\xc5\x05\xe4\xdf\x34\xa7\x31\xe0\xd8\xdd\x45"
	"\xb1\xd4\xa0\x47\xe7\xea\x4e\x9f\x5b\xea\x85\x66\xa8\x21\xb6\x12"
	"\x62\x99\x6a\x88\x7a\x45\xcf\x35\xf5\x52\x44\x4c\xa2\xce\x5d\x3a"
	"\xc7\x62\x44\x5d\x86\xce\x52\x8f\xae\xa3\xeb\x57\x2c\x79\xcb\xbb"
	"\x62\xeb\x30\x54\xcb\xc7\xd0\x15\x6b\x35\x0b\x88\x3b\xb7\x91\xa3"
	"\x44\x10\x72\x0b\xe6\x0f\xa4\xbb\xb9\x62\xcb\x0e\xa9\x89\xd9\xb9"
	"\x0c\x5b\xa8\x9a\xc8\x6c\x1e\xcd\x87\xe2\x40\xfe\x3a\xf2\xfc\x70"
	"\x62\xdc\xea\x8b\xaa\x1d\x41\x86\xe4\xfc\xe8\x4d\x0f\xc3\x73\x54"
	"\x10\x2c\x8f\x40\x1f\x62\x2b\xa7\xaa\xe3\x31\x5e\xd5\xcf\x92\xf4"
	"\x5e\x85\x74\x2d\xd5\xea\x31\x2c\x4d\xbe\x06\x21\x91\x99\x5b\xfa"
	"\x8a\x99\x64\x79\xa5\xe2\xeb\x01\x62\xda\x4a\x08\x96\xd1\xb8\x83"
	"\xd0\xcc\x31\x14\x1f\xb5\xb8\xb5\x3c\xc5\xac\x2e\x88\x1d\x28\x96"
	"\x21\xcc\x18\xf9\x12\xfb\x7a\xbf\xbe\xcd\xa6\x32\xb2\xc3\xeb\x17"
	"\x60\xb2\x15\x13\x8a\xa4\x9a\xe2\x20\x00\x84\xbc\x89\xcb\x92\xfd"
	"\x52\x1d\x16\x74\xbd\x91\xcf\x5c\x59\xb2\xe9\xae\xbb\x5c\x53\x14"
	"\x7e\x96\xdd\xdd\x9a\xb4\x4e\xaa\x8f\xed\xb9\x59\xa1\xc6\xbb\x61"
	"\xe6\x0b\x32\xf2\x36\x29\x53\x32\x7f\x51\x2d\xa7\x1e\x44\xf4\x7e"
	"\x1d\x70\x2d\xf4\x40\x11\x5f\x6d\xa5\x06\x1d\xc8\xcd\x06\x02\xe5"
	"\xa3\xd9\xcb\x36\xfb\xe3\x09\x12\x73\x4d\xbf\x10\x1e\x4b\xf2\x5d"
	"\x96\x0d\xab\x6d\x7d\xa0\x1e\x8f\x87\xf7\xc3\xf7\xd3\x2c\xfe\x7c"
	"\xab\x8f\x5f\x36\xb3\x1f\x1f\xf5\xfb\x49\xe4\xd8\x15\xdf\x93\x08"
	"\x18\x5b\x1a\x90\x91\x5e\xaa\xfb\xd4\xd2\x5f\x35\xf9\x0b\x2e\xce"
	"\x60\x05\x62\x9c\x48\x8a\x84\x66\x06\x6a\x86\x10\xe4\xe0\xf7\x8e"
	"\x8c\x77\x8a\x25\x68\x60\x24\xcf\x35\xcc\x05\x32\x97\x3c\x57\x37"
	"\x2a\x84\xa4\x7b\x5e\x54\x4d\xf9\x75\xd6\x63\xef\xa7\xd6\x91\xe0"
	"\xdc\xb1\x4d\xd2\xa6\xc7\xc7\xfa\xb9\x3e\x1e\x5e\xea\x71\x7e\x38"
	"\x9f\x0d\xad\xee\x18\xc8\xd2\xed\xa8\xa6\x94\x3a\x97\x51\xad\xa9"
	"\xfd\xb6\xcf\x93\xee\xf1\x8c\x64\x4d\xde\x3d\xb8\xb9\xb2\xe6\x4e"
	"\xdb\xe6\x3a\x48\x8c\x7c\x46\x72\x11\xfe\x92\x91\x3c\x1d\x7d\x4a"
	"\x47\xb4\xf5\x8c\x64\x78\x68\x53\xbb\x76\x7e\xdb\x7f\x79\xda\x1f"
	"\xeb\xc7\x13\x4f\xe3\x86\x34\xba\x74\x47\xe1\xe6\xda\xec\x72\x6f"
	"\x0f\x8f\xac\x92\xd7\xc7\xfa\xaa\x2f\xd7\x6d\xf4\xf3\x74\x1b\xfd"
	"\x06\xd7\x9a\xbe\x39\xe4\x2d\x66\x7f\x9a\x37\xd2\xcf\xd7\xd3\xcf"
	"\xfa\x7d\x3f\x7a\xe1\xdc\x33\xb1\x5a\x19\xc9\x12\xd4\xda\x54\xf7"
	"\xe3\x93\x2d\xc9\xc7\xc3\x5b\xdd\x25\x0a\x9c\xce\x2e\x4d\x60\xc3"
	"\xbf\xae\x4f\x7f\x1f\x8e\x7f\xf1\x0e\xfe\xfc\x77\x7d\xfc\xc7\x2c"
	"\x79\x79\xab\x9f\x78\xf7\x04\x48\x9f\xd8\x73\x73\xca\x3a\xa7\xfb"
	"\x1f\x3f\x4f\xa2\x77\x97\x34\x35\x7e\xb9\xbf\xa6\x43\xca\x46\xef"
	"\x5f\xf5\xac\x7e\xad\x8f\x3f\x3e\x67\x7c\x45\xc0\x8a\x49\x82\xe1"
	"\xcb\x22\x17\x8b\x6d\xd4\xd0\x2c\x09\xcd\x93\xd0\xe6\x28\xcd\xb3"
	"\xa7\xbd\x5c\xd4\xef\x87\x67\x10\x00\x5e\x31\x65\x0c\x3a\xc7\xa6"
	"\x8c\xc1\x78\x29\x4d\x46\xd4\xa7\x23\xd4\x89\xea\x66\x5f\x60\x57"
	"\x79\x7d\x62\x0b\xe1\xb5\x3e\x27\x1f\x7c\xab\x1f\xfe\xfa\x78\x83"
	"\xb6\xb0\x06\xb2\xb1\x7f\xab\xeb\xc7\x9f\x83\x60\xaf\xcd\xfe\xba"
	"\x9b\x84\x04\x69\xd7\xd5\xd3\xf1\xb0\x7f\xba\x9c\x3c\x3e\x8d\x1b"
	"\x01\x49\xf7\x7f\xab\xa2\xe5\x72\x0c\x3f\xf5\x79\x26\xc0\xcd\x58"
	"\x4b\xb5\xca\xf2\x5d\xe1\x67\xdc\xbe\x35\x4b\xbe\x46\xb8\xf6\x69"
	"\xcd\x33\x3e\xad\xb2\x5c\x05\xf1\x57\x48\x0c\xd4\xce\xa3\x07\x3c"
	"\xe1\x22\xa1\x05\xc3\x39\xb5\x5a\x76\xd3\xc6\xff\xbf\x7c\xcf\x28"
	"\xc0\x06\xfb\x17\x57\x71\x02\x71\x12\x40\xbf\xd7\x52\x41\x5d\x39"
	"\x12\xb1\xaf\x1d\x84\x45\x8e\x45\xf7\x49\x4b\xd6\x2b\x61\xe6\x1a"
	"\x16\x22\xa3\xc6\xac\x8b\x57\x74\x07\x91\x83\x21\xf1\x13\x76\x28"
	"\x66\xac\x61\x41\x7a\xb3\xdb\xa6\xeb\x2d\xfc\xb8\xfb\x5a\xa0\x49"
	"\x7f\xca\xa5\xb8\x9a\xbb\x24\x0d\x74\x4d\xd3\x70\x15\xd8\x05\x81"
	"\x29\x00\x73\xa4\x9f\x6f\xa8\x8b\xf1\x7a\xab\x22\xba\x1f\x29\xef"
	"\x2f\xe6\x71\x87\xbf\x79\xde\xad\x67\x38\x62\x3f\xf9\xbd\xab\x64"
	"\xec\xc8\x17\x21\xc3\xc6\xad\x08\x76\x65\x40\xc4\x92\xf6\xb5\xbf"
	"\xce\x31\xe7\x68\x92\x58\x48\x1c\xdd\x55\x9e\x86\xcb\x04\x51\xc4"
	"\x05\x71\xc1\xf8\x91\x73\x12\x1b\xd1\x44\x65\x63\x01\xa2\xc1\x34"
	"\xcf\x6f\xaa\x7e\x34\x18\x7f\x13\xf1\x01\x23\x45\x44\xfc\xa2\x67"
	"\x02\x70\x19\xcc\x73\x90\xe7\x26\x22\x7d\xf0\x7c\x78\xfc\xab\x49"
	"\xfe\x04\xdb\xf9\x20\xf3\x2c\xab\x28\xa6\xe1\x8d\x6a\x76\xd0\xc4"
	"\x36\x6d\xfd\x0a\x14\x92\x21\x7a\x08\x42\x82\xcd\xf5\x40\x41\x18"
	"\x44\x2e\xc2\x56\x8c\x60\x73\x44\xe0\xd3\x87\x51\xc8\x82\xb0\x43"
	"\x12\x04\x00\xe2\x36\x2f\x92\x5b\x55\x35\xeb\x2d\x51\x41\xc8\xd6"
	"\x57\x42\x92\x00\x39\xc4\x7b\xa0\x4d\x20\x12\x2c\xf4\x00\x5d\x0e"
	"\xbd\xfe\x1e\xd3\x27\x97\x8e\xeb\xea\x8a\x2a\x18\xc6\x9c\x4b\x2a"
	"\x70\x94\x1d\x2b\x09\xc6\x3f\x42\x79\xd7\xd4\x85\x45\xbc\x1f\xa1"
	"\x90\xba\xe2\x3b\xb6\xb9\xac\xc7\x16\xcc\xcd\x6c\xe7\x2b\x80\x1e"
	"\x3e\x8e\x8f\xf5\xd4\x26\xba\xc9\xda\x92\xf7\x42\x8b\x34\x25\xa4"
	"\xc8\x17\xfd\xf5\x95\xde\xd0\x22\xe0\x97\x9e\xde\x11\xd8\xa4\x3b"
	"\x8c\xc7\xd9\x71\x86\xe5\xbb\x68\x53\x42\x24\xb5\xa1\x17\xa9\x5f"
	"\xb4\x49\x75\xd8\xae\xe8\x21\xf2\x88\x26\x73\x05\x49\x4a\xe4\x98"
	"\x69\x9e\xf7\xc9\x76\x45\x06\xb6\x66\xb4\x7b\x73\x80\x78\x8a\x9c"
	"\x01\x59\x59\x19\x72\x44\x99\x89\xef\x38\xd1\xb9\xf9\xc2\x98\x44"
	"\x99\x9f\xa4\x8b\x7c\x3b\xfe\xe2\x2c\x16\xd7\x76\xce\xcc\x8d\x03"
	"\x4c\x43\xdb\x65\xac\x4a\x71\x4f\xb1\x53\xb2\xf0\x71\x7a\xdb\x9c"
	"\x1d\x92\x9e\x98\x9b\x71\x64\xe1\x2d\xaf\x60\xcc\xc2\x14\x24\xa3"
	"\xab\x49\xd5\xe7\xa3\x3d\xcb\xaa\x9e\xfa\xab\xc9\xd4\x0c\xac\xeb"
	"\xfe\x71\xc6\x89\x33\xf2\xf0\xa3\xe6\xaa\xc1\x2e\x23\xf8\x20\xbc"
	"\x09\x7f\x9e\x5d\xa7\xc9\xaa\xe4\xdc\x4d\x4a\xfc\x08\xe1\x39\x46"
	"\x48\xd6\x9f\x1b\x57\x7c\x37\x85\xae\xa6\x19\x32\x72\x0d\x83\x02"
	"\x95\x6d\x0c\x01\x3b\xfb\x72\x38\xd5\x90\xe5\x5b\x28\xdc\x88\x20"
	"\x6e\x0d\xe8\xb8\xa6\x0f\xbe\xbd\xbc\xff\x10\x3e\xc3\xbb\xef\x96"
	"\x2d\xe3\xdd\x8a\x7b\x39\x14\x64\x9a\x30\x13\x32\x21\xfc\x4e\x3f"
	"\xdf\x4f\xf5\xcb\x2c\x67\x87\xd6\xcf\xfd\xdb\x1f\xc0\xb2\x3e\xee"
	"\xbf\xb3\x7e\x0c\x47\x77\xe5\x17\x76\xe3\x63\xc5\x90\x6c\x65\x74"
	"\x8d\x5e\x1c\x0f\x0f\x4f\x8f\x87\x97\x11\xad\x97\xae\x2b\xd8\x2d"
	"\x8a\x20\xa3\xe5\x62\xaa\xc0\xfd\x8f\x6c\x3b\x7a\xae\xd7\x63\x04"
	"\x54\x9f\x77\x85\x4f\xc6\xd3\x03\x9f\x73\x8c\x98\x0a\xbe\xf5\xf6"
	"\xe3\xe1\x99\x35\x11\x6f\x63\xb5\xde\x26\x3b\x5a\x20\xc1\x9a\x78"
	"\x9c\x4a\x31\x1f\x45\x38\x0b\xce\xf8\x5f\x51\x2e\xa8\x68\x5b\x06"
	"\x9c\x2d\xe5\xef\x8a\x7e\x9d\xd8\xcd\xa0\x0b\xd4\x21\xb0\x63\x6b"
	"\xe0\xec\xf2\x11\xec\x50\x97\xb9\x16\x83\xaa\xce\x5b\x3a\xc4\x2e"
	"\x31\x6d\x5b\x06\x29\x4a\x6f\xee\x9a\xbe\x0c\x42\x33\xdb\x46\x44"
	"\x9c\x2d\xa2\xf1\x8f\x59\xa9\x20\xca\xe6\x42\x6e\x24\x44\x90\xd4"
	"\xd2\x76\x49\x18\x26\x42\x0b\x3f\xb6\x40\x8a\xfb\xf1\xae\x47\x52"
	"\xdd\x35\x76\x19\xc9\x02\x2c\x0b\xc9\x30\xf9\x5c\x77\xbe\xef\x32"
	"\xc4\xb2\xad\xa3\x87\x6c\x92\x28\x20\x91\x30\x3c\x57\x32\xcc\x5b"
	"\xc5\xfe\x6d\x7d\x51\xc4\x5b\x0f\x0f\x4b\xde\x18\xf7\xa2\x80\xd6"
	"\xc8\x00\xa5\xd3\x2e\x60\x92\x0c\x21\xa8\x44\x29\x1e\xdb\xa6\xa6"
	"\x65\xa3\xa1\x87\x3b\x3a\x76\xf7\x58\x64\xbe\x8e\xc8\xa9\x18\xc9"
	"\x30\x30\x52\xa0\xdb\x5a\xe3\x70\x2f\x16\xed\xfa\x06\x52\x6b\xe8"
	"\x9b\x58\xce\xe1\x8c\xdd\x01\xb1\xf4\xf2\x9c\x36\xc7\x69\xc8\x35"
	"\x89\xf7\x6b\xd9\x34\x74\x67\xfa\xdb\x44\x3c\x80\x37\x5b\x1a\xce"
	"\x11\x4a\xf0\xe7\x8d\xae\x21\x49\x50\x32\xc6\xce\x9a\x98\x6d\xa5"
	"\xef\x5a\x36\x3e\x30\x1d\x1d\xb7\x0a\xf5\x5d\x2c\x16\x32\xa3\x79"
	"\x16\x22\x63\x63\xb4\xb9\x8d\x5c\x57\x1a\x1a\xf2\x29\xdb\xc0\xd2"
	"\x10\xb5\x2a\xa3\x39\x06\xb2\x83\xd1\xc0\x37\xd1\xf0\xfe\xe5\x8d"
	"\x67\xea\x06\x4a\x5b\xf8\xf6\xff\x4b\xf8\x6a\x38\xa8\x18\xd5\x98"
	"\xeb\x38\x09\x13\x7f\xb9\x96\x8b\x4b\x73\xf1\x77\xb9\xf8\xbb\xdc"
	"\xb9\x89\xca\x80\x3d\x17\x23\xcd\x0d\xf4\xa9\x39\x62\xaa\x17\x70"
	"\x11\x83\x0e\x07\x96\x78\x73\x5f\x6f\xa2\x34\x27\x5d\x08\x9a\x1c"
	"\x0b\xfa\xeb\x59\x88\xc6\x2e\xde\x62\xc1\xe1\x93\xb5\x6f\x6c\xb7"
	"\xe8\x9b\xd3\x32\x30\x2c\x57\xc7\x69\x98\x99\x25\xd0\x10\xdf\x3a"
	"\x76\xa4\xea\x98\x25\x03\xd0\x74\xcc\xab\xbb\x21\x7a\x28\xcd\x44"
	"\x4c\x4b\x20\x39\x89\x83\x7c\x7f\x16\x10\xc6\x9c\x6f\x51\x9a\x85"
	"\x58\xcf\x5c\x8e\xb9\xd2\xb1\x5d\x17\xd4\x58\xa3\x3e\x3c\x1f\x91"
	"\x0e\x38\x9a\x36\xf4\xfe\xb9\xb5\xf6\x2b\x17\xd3\x7b\x96\x09\x8c"
	"\x88\xe6\xe9\x81\x94\x6c\xca\x9f\xb6\xa8\x86\xd8\xfa\x36\x08\xdd"
	"\xd0\x4d\x4f\x46\xd7\x3c\xaa\x4b\x5b\xa8\x1b\x1e\xd5\x6c\x29\xc2"
	"\xd1\xa9\x83\xb8\xb5\x73\x04\x7b\x83\x6e\x4b\xc8\xee\x1c\x51\x55"
	"\x34\x64\x8f\xdd\xaa\x31\x72\x99\x06\x96\x8d\xc4\xa9\xd9\x2c\x1d"
	"\x5d\x1b\x4f\xfb\x96\x43\x7f\x7b\x66\x9c\xfb\x64\xc3\xf2\x4c\x47"
	"\xa0\x77\xf9\x59\xbf\x70\xaf\x65\x2a\x50\x4f\x94\xa9\x4f\x77\x10"
	"\xd3\x9c\xab\x52\x91\x95\x4f\x3d\x6c\x65\xfa\xb7\x68\x5c\xad\xcd"
	"\x57\x6f\x3e\xb5\xe8\x8d\xf7\x4f\x9d\x82\x17\xb4\x75\x8d\x10\xed"
	"\x2c\x53\xa7\xa4\x23\x9e\x09\xc3\x93\x96\x92\xb6\xa5\x23\x91\x61"
	"\x2b\x91\xfb\x78\x3d\xf5\x2e\x2b\x9d\x82\x86\xed\xf4\x0f\xcd\x9e"
	"\x8f\x6d\xf4\xb6\xe6\x60\xda\x0c\xdb\x74\x34\x94\x84\x2a\xe0\x6c"
	"\xcb\xd0\x51\x92\xe5\xe0\x24\x4c\x39\x62\xdb\x73\xa3\xc0\x69\x26"
	"\x4e\xd3\xd0\x2f\x73\x0c\xab\x40\xd9\x03\xd8\x1d\x1d\x54\x21\x66"
	"\x3b\x1e\xfa\x11\x2e\x72\x90\x03\xc9\xd1\x71\x12\xda\x4e\xc9\xf1"
	"\x67\xa2\x8a\x59\xcf\x43\x34\xba\x21\xc9\x4b\xb0\xc0\x17\x6f\x99"
	"\x8e\x61\x22\x1f\xcd\x76\x68\x5b\x47\x4f\x04\xdb\x33\xd0\xcd\xdb"
	"\x72\x11\x29\x2a\xd0\xe6\xc8\xe6\xdd\x2c\xfe\x51\x3b\xcf\x5a\xee"
	"\xa7\x8f\x97\x97\xcf\xf6\x72\xdb\x4d\xf7\xe5\xb1\xfe\x9f\x8f\xfa"
	"\xf5\xf1\xf3\xac\xe0\xfc\x37\x28\xaf\xc2\x90\xfe\x93\xa4\xe9\x39"
	"\x91\x2a\x97\xd6\x71\x09\xca\xc3\xe9\x70\xfc\x67\xb8\x7f\x3f\x1d"
	"\xf7\xdf\x3e\x40\xa1\x3b\xd2\x87\x8e\xec\x29\x1b\xe3\xa6\x9f\x0f"
	"\xef\xf5\x97\x94\xd5\x51\x3f\xcd\xd2\xc3\xe1\x6d\xf6\x3b\xab\xfc"
	"\x8f\xd9\xf7\xf3\xcb\xdf\x7b\x2f\x1f\x56\xb8\xb4\x4c\x01\x3b\xf6"
	"\x7f\x51\xa3\xa2\xeb\x0d\xa8\x98\x15\x64\x47\x75\x64\x4a\x7a\x74"
	"\x91\x6f\x0b\x6a\xd9\xd8\x25\x65\xa5\x63\x0c\x34\xa9\x4c\xcd\xd6"
	"\x50\xe6\xbc\xbd\x36\xac\xee\x8b\x5c\x72\x6b\x48\xca\x95\x39\xd2"
	"\x5a\x36\x9b\x68\xfd\xf0\x7c\xfa\xd9\xdb\xcf\xbb\xd2\xe3\x69\x56"
	"\x3c\x9c\xea\x59\x76\x78\xdd\x9f\xc6\x5d\xb8\x8c\x2c\x0b\x5b\x2e"
	"\x9c\x66\x61\x93\xdb\xd4\x24\xec\x0e\x10\xa7\x72\xae\xf8\xe3\x65"
	"\xff\xb4\x3f\x7d\x0a\x07\x33\x33\x4c\xe4\x3c\x0d\xe3\x12\x39\x6a"
	"\x62\x38\xeb\x11\x26\x28\x2e\xa9\x81\x2c\xbf\xb8\xac\x10\x0a\x4d"
	"\x5c\xec\x3a\x02\x24\x63\xda\xed\x09\x5b\x33\x27\xf0\x30\x79\xa9"
	"\x1f\xde\x3f\x8e\xf5\x4b\xfd\x7a\x9a\x7d\xb0\x9e\x16\x4c\x55\x4b"
	"\x93\x4d\x46\x0b\xbd\x11\x27\x6c\x46\xa1\xb3\xa6\x25\x63\x5b\xf6"
	"\x4d\xb6\x75\x30\x0e\x7a\x03\x53\xd2\x91\x4e\xc9\x1e\x06\x7b\x43"
	"\x3b\x6d\x53\x9a\x39\x21\xdd\x5e\x6f\x89\xe0\x87\x7f\x86\x3b\x8a"
	"\xdd\xcb\xfd\xd4\x84\x84\x57\x62\x1a\x09\xe9\x1c\x73\x4f\xe4\x44"
	"\x2c\x4d\xd1\x22\xd6\xb1\xf4\x4d\x40\x42\x46\x20\xc8\x4c\x43\x47"
	"\x4c\x65\x81\x86\x69\x97\x32\xf6\x09\x26\x46\x72\x90\x79\x06\x24"
	"\x07\xb9\x4a\xaf\x88\xe1\x13\x36\x0b\x7d\x4d\x43\x34\xdb\x9c\x0f"
	"\x02\xf7\xa9\xd4\x98\x6b\xc8\x95\x63\x08\x42\xbc\x0a\x39\x11\x4b"
	"\x33\xf9\x27\xf5\x19\x0f\x8e\x98\x3e\x92\x42\x43\x5d\xf5\xca\x02"
	"\xf3\xb2\x63\x9b\x06\xdb\x6d\x90\x31\xcd\x49\xc9\x86\x5b\xfc\x20"
	"\x61\x4d\x31\x34\x94\x4c\x13\x5d\xb7\x6c\x4c\x18\x60\x9a\x88\x08"
	"\xa7\x0c\xa8\x69\x21\xaa\x55\x4e\x43\xbc\x1c\xba\xbe\x05\x33\x1b"
	"\xcc\x63\x80\xd3\x3c\x94\x66\xd9\x26\x16\xa5\xc0\xd6\x3d\x43\x6c"
	"\x2b\xb0\x09\xd6\x29\xda\x7d\x9b\x28\x4b\x1d\x0d\xd1\x01\x6f\x52"
	"\x47\x17\x98\x78\x65\x0f\x3f\x5e\xeb\x53\x23\xfb\x13\xae\xde\x1b"
	"\x34\x8b\x17\x27\x21\xec\xde\x8d\x36\x9f\x23\x2b\xbe\x15\xef\x65"
	"\xfe\x6a\x2d\xd9\xec\x2e\x18\x54\x86\xe5\xaf\x4c\xcc\x6a\x3d\xcb"
	"\x02\xd3\x36\x2c\xa9\xd8\x8e\x57\x8e\x9f\xbf\xdd\x08\xc7\x59\x60"
	"\x7b\x96\x24\x1f\xe0\x08\x37\x6a\x6e\xd3\xc9\x1f\xcf\xa7\xfd\xdb"
	"\x73\xfd\x6b\xc4\x16\x41\x4b\x46\xd9\xdd\xdb\xc3\xe6\xf1\x79\xff"
	"\x3a\x19\x94\x01\xcb\xf4\x76\x38\xb1\x23\x68\x2f\x90\xda\xb2\x2b"
	"\xab\xa7\xa1\x92\x06\xdb\xf2\x74\x09\xcd\x45\x99\x55\xdd\xc4\x99"
	"\x5c\x6c\x2a\x97\x24\x15\x72\x08\xe3\x8f\x78\x3f\x3d\x0c\x0f\xd2"
	"\x34\x23\x73\x5d\x13\xb0\x3f\xe4\x58\xbf\xc3\xf9\x2b\x9c\xab\x0b"
	"\xa2\x39\x1a\x92\xe6\x7e\x91\x11\x4c\x6a\x1c\x13\xac\xbb\x48\xaa"
	"\xeb\x12\x29\x6b\x43\x46\x27\x28\x49\xd9\x04\x45\xb8\x7f\x6a\xa3"
	"\x12\x1f\x46\x42\x12\x18\xb6\x33\x97\x07\xbb\x13\xf7\xb7\x8d\x71"
	"\x79\x31\x31\x34\x47\xfc\x19\x5f\x89\xcf\x8e\x36\x47\x7c\xa2\xbf"
	"\x82\x75\xa0\xa8\xaf\xa9\x39\x1f\x0a\xf3\xda\xe1\x39\xfc\xda\xbf"
	"\x00\xef\x07\x86\x41\x4f\xfb\xf7\xc6\xe4\x53\x50\x41\x9a\x84\x7e"
	"\x01\xe9\x25\xa2\x91\xaa\xf4\xb2\xb2\x8a\x25\x96\xfa\x77\x3b\xb7"
	"\x31\xa9\x30\x7b\xc8\x9b\x5a\xf3\xd5\x2f\x6f\x70\xe7\x41\x26\x0e"
	"\x9b\xfa\x49\xb6\xe3\xc1\x01\xf3\x20\xaf\xb0\xa8\xc6\x59\xba\x9d"
	"\x6b\x0e\x76\x5a\x64\x44\x43\xf4\x0b\x9c\xe4\x22\xe7\xc0\x3d\x45"
	"\x4e\x34\x4e\x42\x8e\x01\x72\x27\xca\xb8\x92\x14\xb7\x10\x55\x7a"
	"\x68\x2b\xb1\x4a\x78\xf6\xe3\xdd\xba\xf8\x6f\x7d\x5c\xbe\x31\xfb"
	"\x99\x8a\x8a\x32\x81\xa0\x9b\x90\x3c\x23\x20\xd5\x30\x54\x06\xa0"
	"\x4b\xbf\x80\x70\x5c\x7e\x9a\x0e\x69\xac\x9d\xec\xcd\x03\x95\x17"
	"\xf1\x83\x1b\x34\xfc\x0b\x9b\xbd\xac\x1a\xf6\x4f\x59\xe4\x69\x8a"
	"\x68\xb5\x96\x82\x54\x04\x24\xbe\x9f\xd1\x8f\x6f\xef\x5c\x95\xdd"
	"\x1f\xbf\x36\x60\x35\x44\xcb\x13\xaf\xfd\x20\xdb\xdd\xe4\x6b\x9f"
	"\x07\x1d\x44\x51\x10\x6b\x8f\x6c\xfd\x9d\xe1\xad\x33\x1e\x58\x50"
	"\x8d\x82\xfa\x50\x94\x4c\xd7\x09\xf4\x80\x04\x3e\xc1\x11\x10\x0d"
	"\x93\x01\x90\x3d\x77\x2a\x01\x23\xf5\x11\x3c\x8f\xf8\x7a\x7b\x69"
	"\xee\x80\xd3\x5c\x32\x5c\x63\x9a\x55\x03\x7f\x59\x41\x54\xfe\xa9"
	"\x81\x6a\x63\x90\x3a\xb5\x50\x5d\x24\xeb\x30\x2a\xd8\x88\x07\x18"
	"\xad\xef\xca\x3b\x7a\xaa\x4b\xf2\xf2\xdb\xb7\x3d\x38\x73\xff\xe3"
	"\xe7\xdf\xed\x8f\x7f\xbd\x3e\x35\xbf\x7a\x3e\xc6\xd3\x37\xb2\xb3"
	"\x37\x5d\x22\x56\x27\xa1\xdf\x4b\x9b\xd5\xb9\x1f\xf7\x58\xc2\x0c"
	"\xb9\x07\x95\x51\xba\x2b\xc5\xa6\x85\x60\xf0\x39\xe9\xa9\x25\x4d"
	"\x44\x0e\x18\x4b\x24\x3a\x73\x19\x09\xbd\x31\xa2\x00\x14\xe4\xbd"
	"\xd4\x4c\xac\xa0\x88\xc0\xba\x74\x58\xd6\xc5\xcb\xff\xdf\xca\xae"
	"\xac\xb9\x6d\x5c\x59\xff\x15\x97\x9f\xce\xc3\x9d\xc4\x92\x97\xd8"
	"\x53\xe5\x07\x90\x04\x25\xc6\xdc\x4c\x90\x92\xe5\x17\x96\xe3\x28"
	"\x89\xcf\x4c\xec\x94\x97\x9a\xcc\xfd\xf5\xb7\x1b\x20\x29\x6c\x0d"
	"\xf9\x56\x4d\x26\x11\xfa\x23\x76\x34\x1a\x8d\x46\xf7\x74\x86\xe8"
	"\xab\x34\x85\xd5\x74\x79\x3c\x3b\x39\x9b\x5f\x4c\x6e\x88\xd6\xf1"
	"\x48\x98\xbc\x24\xa6\x45\xd1\x4b\xc7\x44\xda\x17\xc7\xa7\x67\x83"
	"\xf2\xf5\xee\xe7\xcb\x1b\x32\xfa\x7f\x5f\xbe\xbd\x1c\xa4\x2a\x9e"
	"\xc1\x6e\xf4\xe5\xbb\x1f\x3b\x64\x16\xd6\xe7\x8a\x6f\xf4\xa0\x05"
	"\x46\x5e\x6d\x79\x10\xbd\x3d\xfc\xfd\xf5\xa0\x9a\xde\xd9\x18\xfe"
	"\x99\x52\x86\x37\x45\xae\xb3\x4d\xfd\x7b\x51\x6b\x5f\x5b\x76\xc6"
	"\x18\x87\xb1\x8b\xdb\x5e\x28\x96\xa7\x19\x05\x2c\x2a\x41\x74\xf2"
	"\x68\x96\x6c\x54\x44\x79\x9f\x84\xfe\x6f\x18\x4c\x80\xb4\x0a\x7d"
	"\xdb\xe7\x0c\x36\xe0\xab\x42\x10\xb9\xa0\x23\x24\x0c\x8b\x10\xcc"
	"\x83\x75\x6d\x25\x4d\xef\x2c\x37\x66\x5a\x29\x59\x01\xf9\xa0\x1b"
	"\x06\xa8\x54\xcc\x83\xb9\xc9\x22\xf9\x0d\xfc\x4f\xba\x20\x30\x07"
	"\x48\x41\x30\x64\x5e\x52\xe1\xb6\x91\xb4\x01\xba\x49\x2a\x32\x61"
	"\x65\x86\xf3\x51\xb4\xcc\xca\x02\x5a\xdb\x2f\xab\x0a\xad\x78\xdc"
	"\x5e\x61\xab\xd8\xee\x8e\x31\xaa\x8c\x9c\x34\x83\xd7\x06\x6d\x78"
	"\xa5\x8b\x4f\x37\x10\x86\x58\x67\xad\x19\xc1\x54\xa5\x38\x16\x27"
	"\xa6\x58\xae\x57\x55\xc9\xe9\x78\x67\x61\xd6\x52\xa5\xe7\x99\x98"
	"\x27\xe1\xa3\x80\x82\xec\x3d\x09\x0c\x30\x4b\x2c\xf4\x83\xd8\xd1"
	"\xdc\xad\xe2\xae\x9c\x81\x1e\x28\x02\x11\xc1\xda\xb0\x8b\xb3\xf6"
	"\xf8\xe6\xec\x3d\x18\xf4\x9a\x18\xc0\x4d\xb0\x3c\x01\x31\x74\xc9"
	"\x1a\xfe\xae\x4c\xe3\x26\xc6\xe0\xab\x84\x99\x93\x8d\xa6\xe3\xdc"
	"\x4f\xda\x8c\xc5\x29\xa9\x31\xb2\x41\x7b\x5a\xa4\x01\xa1\x5c\x7c"
	"\x0d\xf0\x4e\xf0\xdc\x01\x93\x50\xdf\x00\xeb\xd5\xb3\x87\x38\xcd"
	"\x65\xc0\x9a\x95\xdc\x1e\xd5\x6d\xba\x8f\x55\x3a\x95\x03\x99\x98"
	"\xba\xad\x32\x21\x76\x9f\x8c\xa0\xba\xeb\xa1\x50\x15\xad\x46\xae"
	"\xd1\x97\x81\x11\x8f\x82\x05\xca\x15\x77\x8f\x77\xdf\x4d\x6f\xb8"
	"\x57\x20\x2e\xa6\x56\x60\xb2\xc9\x16\x1f\x25\xc6\x66\xf4\x87\xa3"
	"\xf5\xc3\xe0\x20\x27\x2b\x4b\xe9\x6d\x46\x46\x44\x76\xc9\x49\x26"
	"\xa4\x31\x66\xd4\xa1\xab\xbd\x2a\xd1\x4c\x86\x73\x91\xf5\x59\x8a"
	"\x76\x83\x26\x33\xd2\x9c\x67\x9b\xa9\xe4\x36\xc5\xa2\xd8\xb3\xc7"
	"\x20\xeb\x8a\x62\x1f\x76\x30\xfd\xa7\x3e\xd9\x05\xc0\x73\xbe\x2c"
	"\xaa\xb6\xad\xa8\xdd\x10\x3f\x55\x00\x6a\x3f\xc4\x2c\x96\x6f\x5f"
	"\xe8\x92\x97\xd2\x73\x8c\xf7\x9b\x18\xe3\x6b\x85\x3e\x1c\xd9\x22"
	"\xf1\xf5\xe3\xa3\x7c\x43\xb7\x7d\xc5\xbf\x02\x2d\x50\x39\x95\xc9"
	"\xde\x46\x90\x59\x7a\xd1\xd1\xd3\xd3\x2b\x9e\x43\xdb\x87\x9f\x5b"
	"\xbc\xd2\xbe\xff\x2b\xdc\x18\xdc\xa8\x62\xaa\x35\x9e\xcc\xb6\xf0"
	"\xf3\xe7\xd3\xd7\xed\xbe\xa6\xc9\x7c\x7b\x5e\x2e\xc8\xf6\xa1\xc1"
	"\xb6\xb7\x6a\x40\xd0\x4e\x4d\x1d\xba\xfa\x99\x56\xc5\x4e\xac\xd7"
	"\xd2\xa7\x17\x59\x20\x2c\x08\xc2\x81\x9f\x0e\x87\xc5\x22\xd7\x1b"
	"\x3e\x78\x5a\x33\x42\x62\x90\x01\xa0\xb0\x19\x76\x40\x4e\x87\x48"
	"\x85\x51\x72\x81\xc2\x8a\x44\x42\x02\xe1\x3c\x34\x85\x73\x84\x9a"
	"\xbb\x5b\x7f\x27\xb8\x6c\x93\xd5\x51\xae\x30\x20\x93\x0b\x56\xb2"
	"\x85\xd9\x0a\x99\x4e\x1a\x25\x48\xea\x72\x15\xe8\xca\xc1\xe1\x63"
	"\x9d\x10\x67\x3f\x13\x85\x07\xb4\x82\x53\x9e\x58\x15\x16\x3d\x19"
	"\x11\xc6\x50\x71\xdc\xd5\x23\x8b\x7c\x47\x69\x8d\x58\x13\x87\x41"
	"\x91\xc1\x7e\x5c\xad\xea\xc0\x76\x84\x83\x21\xd5\x1b\x99\xb0\x22"
	"\x0b\x8c\xd3\x67\x2c\x27\x8a\x67\xf5\xbc\x8f\x79\xe3\x7d\x79\x90"
	"\x76\x3c\x5f\xb0\x0e\x43\xd4\x51\x3c\x7d\x55\xe5\xca\x31\x6b\xdf"
	"\x76\xa5\x7a\x62\x6e\xac\x90\x2f\x77\xaf\xaf\xf8\x70\xcc\x39\x9a"
	"\x0e\xdb\x80\x76\xd0\xd8\x9d\xdf\x4d\x92\x8c\x16\x01\x2b\x6a\x43"
	"\xe8\x69\xa6\x75\xb0\xba\x5d\x43\x52\xcc\x6b\xc2\x31\x27\x46\x88"
	"\x9e\xd0\xc4\xdd\x01\xaf\xc3\x88\x61\x99\xa6\x5d\x9e\xf7\xd1\x06"
	"\x2d\xc8\xfd\x4a\xfd\x3a\x61\x2d\x9f\x5a\x82\xe1\x06\x89\xdb\x58"
	"\x98\xc1\x5d\xd3\x8c\xfa\x11\xcc\xb3\xe5\x85\x6f\x70\xc7\xbc\xe2"
	"\x4c\x18\x5e\x85\xeb\x46\x3a\x48\x96\xc6\xec\x18\x2d\xd0\xdf\x47"
	"\x62\x76\x74\xd4\x7f\xae\xcb\x50\x07\xc9\xca\x0c\x9b\x38\xed\x6b"
	"\x77\x1c\x94\xba\xd8\x0f\x1a\xeb\x0c\x3c\x94\x7e\x01\x6a\x83\x43"
	"\xe2\xcf\x28\x23\x08\xf9\x7a\x8f\xd5\x2c\xce\xda\x0d\x2a\xbc\x88"
	"\xc1\xea\xab\xaa\xa6\x82\x25\x70\x58\xd3\xc4\xfb\x57\xe4\xae\x0d"
	"\xac\xf5\xf0\x82\x65\x70\x1e\xb9\x02\x79\x8d\x33\x19\x0a\xa7\x5f"
	"\x37\xc4\xa4\x02\x16\x15\xe8\xab\xb5\x54\x6c\xe8\x1c\x3d\x30\xfa"
	"\x32\x3e\x25\xe4\x17\x33\x33\xde\xad\x8f\x2e\x83\x08\x42\x9e\x54"
	"\x38\x36\xef\x37\xd1\x3c\x22\xfa\x52\x9b\x82\x81\x49\x24\xbd\xce"
	"\xab\x11\xa4\xdb\x7c\xbd\xec\x59\xbe\xa8\x9a\xac\x5d\x16\x81\xc6"
	"\x6a\x5b\x81\xa6\x48\xc6\xb3\xf2\xb4\xe6\x93\xae\xc1\xbf\x62\x96"
	"\xfb\x8d\xc7\xe5\xfb\x1e\xc5\xa1\xf2\x60\xbd\x31\x72\x07\x8a\xe1"
	"\xb8\x1a\x71\x39\xc1\x42\x8c\x97\x0b\x22\x62\x98\x3a\x8c\x62\xc1"
	"\x62\xce\x44\x4e\x99\x1f\x61\x48\x8d\xa1\x2d\xc4\x6d\x6c\x12\xed"
	"\x9a\x32\xb0\x00\xc2\x29\x87\x5a\xe4\x83\x6f\xf0\x52\x56\x95\x0c"
	"\x66\x37\x72\xf7\xe5\xaa\x8f\xdb\x26\xf7\xe9\xcb\x0c\xd9\x59\xa9"
	"\xb6\x1e\x9e\x7f\xfe\x73\xf7\xac\xbf\x60\xd1\xb5\x88\x22\xce\xfa"
	"\x74\xed\x3c\xc7\xc0\x64\x79\xdc\x23\x16\x89\x7c\x3e\x15\xc3\xc1"
	"\xb5\x6e\xaa\xb6\x8a\x89\xe6\xa5\x59\x53\xac\x19\xae\x12\x5e\x14"
	"\xc4\xbe\x97\xae\xfb\x38\x5d\xb8\x7b\xac\xfe\x9e\x57\x3d\xd6\x8a"
	"\x63\xc3\xb2\x75\x51\x55\x0b\x64\xd9\x43\x19\x9e\xdb\x82\xef\xcf"
	"\x77\x07\xdf\xc6\xe6\x5b\x96\x56\x0f\xf8\xe0\x5f\xaa\xa0\xb5\x1e"
	"\x49\xa4\x1b\xe9\x7e\x5d\x35\xc9\xe0\xef\xd1\xd0\x87\xa3\xbf\xf6"
	"\xa6\xab\xdb\x4c\xb2\xaa\x4d\x19\x53\x6f\x64\xe6\x3d\x21\x2f\x00"
	"\xed\xb8\xf7\xb6\x13\x28\x27\x46\xbc\x00\x99\x80\xdc\x2c\x45\x56"
	"\x04\x79\x5a\xa4\x54\xf4\xe8\xef\xfd\x06\x2a\x9a\xbb\x24\x10\x15"
	"\x60\x05\xb5\x1b\x8b\xc2\x4b\xe9\x57\x3c\xd3\x63\x7b\x8f\x9f\x18"
	"\x34\xbd\xc6\x27\xa4\x53\xc8\xcf\x51\x62\x9c\x7a\xf1\x37\x09\xc6"
	"\x30\x0b\x91\xe3\xa7\xbb\xe1\x99\x40\xed\x32\xd5\x63\x9f\x69\xd2"
	"\x0d\x4d\x5a\xa4\x82\x1c\x83\x2a\x0e\x10\xa3\x36\x50\x97\x32\xcb"
	"\xdd\x4f\xc7\xd6\xcd\xe5\x77\xbb\x6e\x95\x09\xa8\x67\x73\x53\xe1"
	"\xbf\x1b\x60\x1f\x8d\x9b\xec\x19\xd1\x91\xe4\x8e\xe8\x50\x42\x93"
	"\xc5\xc0\xd6\x3a\x68\x58\xe9\x7e\xe5\x1f\x54\x45\x95\x6e\x5a\xb3"
	"\xf2\x33\x8f\xc9\x28\x6d\x63\x36\x18\x5c\x00\xaf\x2b\x33\xaf\x86"
	"\x40\x55\x84\x8f\x3e\xf3\xab\x9a\x03\x07\x02\xa8\xb0\x1d\x48\x50"
	"\x73\x16\xb9\x5a\x2a\xcc\x69\xa7\xd2\xa6\x2c\xbd\x7d\x9e\xe1\x6b"
	"\x50\xa0\x67\xba\x46\x1b\x4e\x14\x09\x93\xfb\x94\x9f\x6e\xf7\x8a"
	"\x2f\x19\xb7\x31\xa3\x3e\x26\x35\x2b\xf3\xac\xe4\xca\x47\xbf\x7f"
	"\xa6\xa3\x0e\xa6\xdd\x58\x39\xa8\xc4\xd0\x02\x19\x10\x51\x97\x81"
	"\x4c\x5b\xc2\x99\x60\x51\xca\xd8\xbb\xfa\x0c\x12\x76\x34\xe2\xc4"
	"\x4e\xc8\x86\xe8\xbe\xe8\xdd\xd8\xa8\x02\x23\x63\x02\x5f\x77\x55"
	"\xab\xc5\x8d\x96\x3f\x31\xb2\x8f\x7c\x8e\x3a\x85\xf2\xd5\xee\x19"
	"\x31\x7a\xc5\x00\x03\xee\x5b\x5a\x5e\xa8\x14\x81\x6a\xa8\xa2\xb6"
	"\x0d\x37\x38\xc1\x75\x5a\xb4\xfd\xca\xf7\x28\x5f\x51\xe6\x56\xf5"
	"\xe2\x36\x37\x3d\x7c\xb5\x55\x2a\x4e\x88\xd5\x29\x19\xa9\x31\xa2"
	"\xb1\x15\x23\x4e\x47\xda\x31\x2b\x46\xce\x01\xc3\x93\xb3\x8d\x95"
	"\xd1\x2e\x15\x98\x59\x92\x35\x18\x8c\x38\x21\xe2\xaa\x6a\x58\xbc"
	"\xff\xf2\x3e\x97\x86\x69\xc6\xf1\x4e\x01\x43\xa0\x8a\xc9\x55\xc5"
	"\xdd\xfd\x0f\x33\xa6\x76\x2a\x24\x2f\x75\x4d\xe8\x93\x3f\x9a\xaa"
	"\xf8\x98\xac\x12\xb9\xc9\x39\x7b\x5c\x26\xaa\x8b\xb3\xb3\x23\x83"
	"\x2b\x7d\xae\xf2\x4c\x0f\xf3\x72\x0b\x20\xb3\x91\x5d\x92\x5a\x3d"
	"\xab\x2c\x40\x2a\xf1\x31\x65\xed\xc7\xb2\xf5\x17\x96\x5a\xec\xaf"
	"\x10\xf0\x85\x91\xb2\xb2\x21\xf8\x7b\xf4\x21\x1d\x83\x78\x87\xae"
	"\xcf\x2e\x4f\x8e\x3f\xf9\xe8\x59\x85\x52\x16\xde\x83\x1d\x3e\xbc"
	"\x3c\x9d\x9f\x9f\x5e\xfc\x31\x3b\xd4\xe7\xfb\x0e\xda\xb5\xe9\xb9"
	"\x6f\xb8\x01\x82\xde\xda\x50\xa4\xb3\x79\xb2\x4d\x42\x79\x3e\x2b"
	"\xbb\x9b\x3e\x67\x11\xcf\x2f\x0f\xdf\xfe\x7c\xfa\xf2\xdf\xed\xfd"
	"\x6b\xff\xfc\xe7\xcb\xd7\xfb\xbb\xe7\xaf\xfd\xf6\x37\x1c\x8a\x1f"
	"\xef\xfe\xfe\xf3\x65\xe7\x8c\x19\xb3\x21\xe6\x13\x92\xa6\x30\x38"
	"\x53\x54\x11\xbb\x43\x54\x0a\xc8\xb9\x6c\xc3\x13\x0c\xde\xca\x70"
	"\x7a\x99\xcc\x45\x61\xc6\x62\x80\xec\x88\x27\x56\x66\x74\xff\x9a"
	"\x08\xad\x87\xdf\x5e\xbf\x9d\x1f\xda\x45\x4a\x19\xb1\x6f\xaa\x1e"
	"\x3b\x88\x2c\x8f\xe5\xc0\xc8\xb0\xf2\x58\x18\x9c\xa7\xac\x28\x35"
	"\x0a\x64\xf4\x35\x99\x15\xd1\x95\x63\xad\xed\x8b\x41\x95\x1c\xa1"
	"\x6f\x00\xe0\x17\x74\x87\x44\x38\x37\x89\x4f\x21\x4f\xef\xb6\x37"
	"\x54\x08\xb6\xf8\x0c\xa3\x53\x38\x43\xe6\x46\x38\x2a\x5b\x47\xb8"
	"\x50\x97\xfe\x2f\xdb\xb7\xaf\x4f\x20\xab\x7a\x96\x90\x0c\xd1\xae"
	"\xcf\x07\x99\x80\x8e\xed\xdb\xdc\x4a\x94\xbd\x5b\x54\x65\x66\xa8"
	"\xce\x25\x89\xad\x62\x53\xb9\x50\xa1\x4e\x20\xcb\x13\x38\x14\xf9"
	"\x42\xeb\xa8\x42\x8d\x2e\x56\xe5\xb6\x6e\x5a\xe2\x26\x75\xba\x91"
	"\x01\x9c\x21\x4a\x63\x42\x9b\x8e\xc1\xdb\xa2\x36\x79\x8d\x4c\xd8"
	"\x09\x0a\x94\x31\xce\x28\x45\xf9\x15\x73\xdd\x02\x36\xaf\xa8\x27"
	"\x1c\x27\xee\xe2\x30\xe9\xcc\x09\x4e\xea\x2a\x7c\xe1\x46\xb4\xbc"
	"\x30\x99\x7c\x83\x61\x40\x68\xd1\x90\x25\x01\x5a\xea\xd0\x46\x29"
	"\x47\x4a\x10\xd6\x7e\x32\x25\xc2\x5a\x17\x82\x11\x8a\x83\x75\x9b"
	"\xeb\x12\x09\x54\xbb\xd5\x75\xab\x2a\x13\x2c\x97\xab\xfd\x7b\x61"
	"\xca\x8e\x02\x8e\x3a\x70\xc8\x31\x4b\x5e\xd2\x6d\x00\x52\x9d\x77"
	"\x24\x39\x0a\x74\x4d\x44\x93\x02\x5f\xc5\x0d\x2b\x08\x92\xb8\xee"
	"\x98\x58\x12\xc4\x55\xe0\x54\x50\x64\x25\x4c\x29\xea\x58\x50\x04"
	"\x5a\x5f\xd3\xb4\xeb\xf2\xe6\x24\x48\x3d\xa3\xa9\x8d\xa7\xd0\x71"
	"\x19\x49\xf5\x92\xb6\xac\x94\xba\xe9\x36\xcf\xa2\x49\x1a\x37\x56"
	"\xb4\xa2\xe7\xb7\xd5\x44\xf6\x6b\x1c\x46\xdc\x89\x17\x67\xa2\x86"
	"\x00\x9b\x4e\x2d\x06\x1b\x01\x33\xb1\x31\xbd\xf7\xc0\x22\x5a\x51"
	"\xed\xee\x02\x67\x2c\xde\xc2\xf1\xfb\x4a\x5f\x87\xbe\xa8\x3f\xb9"
	"\xb6\x6e\xe1\xc7\xb8\x5f\x19\x72\x80\x46\x1e\x37\xba\x1e\x36\x3a"
	"\x83\x21\xeb\xb4\x4f\x84\xbd\xa6\x09\x22\x6c\xa5\x0d\xd0\x39\xf1"
	"\x6a\xc1\x02\xcd\xdf\x03\x7a\x57\x71\xef\xa8\x38\x15\x10\xc7\x02"
	"\xcd\xde\x03\x7a\x4f\xc5\x09\x73\x7a\x0b\x74\xf2\x1e\xd0\x7b\xba"
	"\x80\x78\x7a\x6f\x81\x2e\xf6\x83\x2e\xcc\x57\x66\x5e\xc8\xe9\x11"
	"\x39\x89\x2e\x8e\xdf\xd1\x39\x17\x27\xef\xa8\xc8\xf9\x27\xba\x73"
	"\x40\x3e\xc7\x59\xde\x9f\xef\xcf\x66\x36\x7f\xcf\x64\x04\xd4\x8c"
	"\x68\x36\x13\x71\x96\x99\xab\x6d\x2c\x7e\x66\x77\xc3\x48\x98\xef"
	"\xad\xf9\xf1\x5e\xc4\xfe\xd6\x9f\xee\x45\x9c\xed\x45\x7c\xda\x8b"
	"\xb8\xd8\x8b\x98\xed\x6f\xcc\x6c\x7f\x6b\x66\x74\x73\xae\xaa\xec"
	"\xbc\x6f\xc2\xe4\x8e\x24\x17\x2c\xc6\x9d\x86\x08\x78\x3e\x22\x62"
	"\x9e\xb7\xc4\x85\xe9\x0e\x02\x82\x44\xd7\x54\x61\x50\x53\x81\x40"
	"\xbc\xaf\xb0\x4d\x93\xe5\xf9\x9e\xe2\x16\x8c\xef\x85\x34\x9c\x5f"
	"\x05\x11\x59\x8c\xa1\xde\x93\x30\xa6\xec\x88\xc0\x87\x46\xf7\xed"
	"\x6b\x54\xdb\x35\x57\x96\x43\x4b\x0d\x81\x07\x50\x7d\xb9\x24\x39"
	"\x11\xe3\xb5\xcc\x62\xeb\x7e\x45\x9e\x11\xae\xe0\x64\xb9\xfd\xfb"
	"\xe0\xc7\xdd\xfd\x5f\x0f\x8f\xdf\x47\x3d\xf6\xaf\xe7\x87\xc7\xd7"
	"\xbf\x94\x99\xfe\xcf\xed\xcb\x77\xd7\x1d\xba\xd4\xd4\x28\x47\x78"
	"\xba\x2f\x4c\xb9\xb1\xa3\x51\x5f\x0e\xa7\x94\x7c\xda\x3f\x3f\xed"
	"\xdc\x34\xa1\xec\xe9\x41\x9c\x68\x92\x5d\x55\xb5\x63\xfe\xf2\x7c"
	"\xea\xbf\x2e\xd9\x94\x0c\x3d\x83\x39\xda\xa0\xd1\x07\xe7\x2f\x38"
	"\xf6\xfc\xf1\x8a\x76\x1c\xf7\x68\xc7\xf1\x22\x5b\x73\xaf\xd2\x9f"
	"\xdd\x06\x8d\xf6\x92\xa9\xe1\x9f\x69\x97\x8a\x5a\x98\x2e\xe6\xfe"
	"\x21\xd7\x60\x20\xd0\x12\xa3\xae\x81\x92\x35\x6b\x52\xff\xda\x5d"
	"\x24\x11\x06\x7a\xca\xea\xd6\x2b\xda\xab\x0b\x65\xd4\x8d\x41\x7e"
	"\x35\xde\xc2\xb5\x5c\x3b\x14\x0d\xf4\xa2\x13\xc3\x21\x5a\x53\x0b"
	"\x80\x24\xa5\xbe\xbc\x9c\x61\x80\x74\xed\xc6\x11\x4a\x03\x7e\x5c"
	"\x80\x70\x55\x50\x56\xf9\x2c\x51\x06\x27\x82\x9a\x5e\x9d\xc0\x98"
	"\xa0\x9b\x22\xaa\x72\x42\x44\xc4\x71\xaf\xd6\x25\x71\xf5\x33\x84"
	"\x79\x27\x24\x65\x28\x9f\xa3\x7d\x26\x69\x2a\x38\xd8\xaa\x2a\xa5"
	"\x33\x9e\xb9\x0a\xd6\xc6\x4b\xca\x4a\xc5\x00\xa9\xde\xac\xca\xdc"
	"\xa7\xc1\x54\xbd\x56\x57\x52\x59\xe9\xce\x8c\xb4\x6a\x62\xe8\x54"
	"\xce\xae\xf0\x65\x84\x1d\xf0\x6c\xf7\x18\x4d\x99\x7b\xc8\x87\x10"
	"\x6e\xe2\xa4\x16\x51\xa3\x77\x79\xf4\x7b\xe6\x43\xd9\x31\xb6\x55"
	"\x0d\xf0\x18\xcc\xf3\xc9\x76\x66\xfb\xf3\xe9\xf9\xdf\x83\x64\xfb"
	"\xe5\xed\xfb\x77\xb5\xa0\xcd\x01\xe0\x37\x2d\x2f\x05\xa5\x98\x57"
	"\x59\x22\x90\xe5\x39\x61\xac\x20\xb3\x81\x0e\x11\x55\x49\x99\x3d"
	"\xec\xb2\x81\x99\x93\x06\x20\x4d\x85\xb6\x0e\xf4\x65\xbf\x42\x55"
	"\x11\x5e\x26\x10\xa7\xb6\xbc\x8b\x46\x58\x49\x23\x50\x9d\x42\xde"
	"\x03\x0e\x1d\x59\xf0\x22\x87\x81\x74\x07\x79\xa4\x84\x26\x5e\x8b"
	"\x57\xfa\x9d\xa0\x02\x7d\x2b\xd4\xca\x77\x7d\x2d\xfd\x95\x2e\x99"
	"\x18\x31\x4a\x5f\xe5\xd6\x62\x20\x04\xb2\x57\x3e\xf0\xe8\x78\xbb"
	"\xc3\xb0\xa8\x79\x0a\x53\x8b\xb0\x75\x50\xb0\x65\xb6\x40\xb7\xe3"
	"\x84\xe3\x17\x59\xe1\x2b\x26\x58\x39\xbe\xaf\xd9\x0f\x44\x2f\x73"
	"\x6c\xe1\x1b\x85\x81\x8e\x7d\x78\x79\xe4\x7c\x0d\xb4\xb8\x5a\xf5"
	"\xd2\xd8\xbd\xaf\xe3\xd0\x28\x2c\xb3\xe6\xda\xd5\x26\xe3\x62\x38"
	"\x40\xcf\x14\x6f\xbf\xd4\x2e\xb0\xbc\x7b\xfc\x6e\x79\xa7\x4c\x5b"
	"\xbc\xd1\xe9\xea\xb0\x97\x2a\x45\xec\x97\x68\x80\xd2\x32\xe1\x9f"
	"\x11\xeb\x6b\xe0\x28\xc0\x57\x12\xaf\xa5\xbf\xb4\xc3\xef\x2b\x65"
	"\x6b\xa2\xbf\xb0\xd2\x92\xfb\x15\xcb\x3b\xbe\x7b\x92\xa5\x88\xb8"
	"\xd7\x56\x5d\xbb\x4b\x16\xc0\x0e\x1d\x6f\xea\x2a\x71\xd8\xc7\xf4"
	"\x34\xb9\x04\x8c\xa3\xb4\x44\xaa\x99\xcb\xcb\x64\x2f\x73\xc5\xf2"
	"\xaf\x38\xaf\xf7\xac\x7a\x90\x9d\x8a\xda\x0d\x99\x87\xfd\xbf\xe3"
	"\x4b\x07\xff\x79\xf9\xf5\xf0\x88\x1e\x47\x5e\xfe\xe7\xe0\xe7\xdb"
	"\xeb\xf6\xf7\x16\xfe\xb1\x7d\xbd\xff\xf0\xe1\x83\x11\x99\x71\xe0"
	"\x13\x2d\x6c\x69\x2d\xbf\xe1\xa1\x19\xeb\xf3\x43\x6c\xaf\x90\xbd"
	"\x99\xac\xd7\x0a\x04\x6c\xa3\x5a\xd7\x8c\x78\xed\x33\x3c\xc4\xc0"
	"\x3b\xc4\x00\xa3\x6c\xaa\xd5\x74\x51\xe8\x7f\x0a\x8f\x19\xe0\xb8"
	"\x04\x0a\x19\x63\x3f\xe6\xd0\xf3\x7b\xea\x82\x66\x21\xac\xce\xa6"
	"\x97\x4f\x82\x2e\x14\x26\x38\x5e\x00\xd2\x9c\x77\xd7\x0f\xf4\x33"
	"\x2a\x39\x75\xe4\xb2\xd4\xa7\x95\xdc\x4d\xa1\x57\x40\x26\x10\x9c"
	"\x63\xa4\xf0\x06\x24\xe5\xaa\x08\x54\xfe\x4a\x71\xf8\x00\x02\xfe"
	"\xac\x78\x13\x55\xde\xcb\xb5\xf1\x59\x8c\x69\xe3\x34\x4c\xc7\x4c"
	"\x12\x42\xd3\x26\x34\x9b\x47\x9b\xa2\xd0\x94\x89\x41\x32\x84\x23"
	"\x0c\xec\xcd\xae\x0a\xbe\x89\x3b\x62\x33\x96\x93\x03\xc9\x5e\x3d"
	"\xf4\xbe\xe1\x81\x0f\x91\x91\xa7\x61\x04\x95\x8d\x06\xc1\x9d\x00"
	"\xc6\x11\x86\x6b\x64\x2f\x67\x47\x56\x26\xf6\x23\x23\x83\xca\xaf"
	"\x45\x20\xc2\xf6\xb0\xa6\xae\x07\x39\xa9\xa1\x43\xc2\x0e\xc3\x2c"
	"\x27\x27\xc8\x28\xf8\xfa\x8f\x08\x9e\x00\x15\x5e\x56\x6d\x9d\xab"
	"\x5d\xb7\xe5\x41\x4b\xa8\x71\xfc\x7a\xde\x34\x55\xe3\x37\x4b\x98"
	"\xae\xcd\x0c\xc3\x05\xf3\x86\x3b\xcb\x45\xce\xfc\xa6\x6e\x48\x54"
	"\xb2\x0e\xcd\x0a\x24\xa6\x60\x57\x28\x0f\x5d\x77\xd4\x90\x49\x14"
	"\x3a\x74\x55\x23\x41\x63\x52\x5c\x99\xfe\xc5\x0d\x1d\x52\xc6\x9b"
	"\xb6\xf2\xd9\x84\x96\x55\xad\x46\xb3\xb1\x02\x1b\xa4\x5d\xa9\x44"
	"\xe2\x30\x75\xd1\xb0\x7a\xe9\xc7\x8c\xa7\xb1\x74\x64\x07\x34\xb1"
	"\x5f\x67\xed\x12\xa3\x58\x0b\xbb\x1c\x45\x2e\xe2\xaa\x2b\x5b\x00"
	"\xc4\x55\x93\x58\x10\xbc\x9f\x92\x73\x15\x91\x52\x28\xb7\x33\x89"
	"\x87\x0f\x55\x2e\xda\x75\x90\xac\xb5\x7c\xec\x6c\x55\x51\x95\x1a"
	"\xe3\xcc\xd3\xe2\xc7\xca\xd0\x20\xd2\x31\xaf\x76\xb8\x92\x46\x75"
	"\x88\x37\x2c\x3f\x70\xfe\xe1\x94\x1d\xde\x9c\xd9\xfd\xe3\xe0\x87"
	"\x04\x37\x74\x6f\xea\xf0\x52\x6b\x60\x28\x63\x3f\xdc\x70\x41\xf2"
	"\x51\x15\x24\x3c\x46\x35\xd7\x20\xe4\xa4\xef\xc8\x28\x04\x51\x22"
	"\x43\x00\xb0\x5c\xc3\x0c\xf4\x00\xcc\xe3\xe9\x78\xde\x51\x38\xd3"
	"\x22\x46\x0d\xc7\x30\xd0\x3e\x61\x71\x18\x49\x51\x82\xfc\xba\xac"
	"\x0c\x96\x6f\x91\x26\x51\xd7\xb6\x8e\x1f\x15\x0d\xb0\x31\xc1\x80"
	"\x01\x2b\x96\x26\x3d\x65\x55\x72\xeb\x36\x53\xa6\xb3\x12\xb8\x08"
	"\x1e\xb3\x87\x0f\x08\xf9\x61\x82\xa3\xad\x77\x08\xa8\x24\xae\x40"
	"\x27\x46\xf9\x95\x8c\x4f\x2c\x7d\x3b\xfb\x5f\x78\x76\x32\x4a\xc2"
	"\x30\xe0\xbb\x19\x14\xd5\xa9\x93\x66\x21\xcd\xce\x92\x6b\xa8\x8f"
	"\x80\x67\x2c\x0b\xd6\x10\x31\x67\x77\x6b\xe1\xff\x81\x84\x56\xc2"
	"\xe6\x53\xd3\x1b\x94\x1a\x68\x0e\xa2\x2e\x1e\x45\xe4\xcd\x0c\x31"
	"\xda\x98\xab\xaa\xbf\x7c\xd0\x69\xfb\x81\xd7\x27\xa5\x20\x9d\x87"
	"\xab\x73\x72\x8f\x75\xa7\x34\x10\x05\x93\xe2\x93\x5f\xa3\xd4\xbc"
	"\x3d\x4a\x65\x52\xbb\x7d\x79\xb5\xf6\x72\x6c\xa2\x94\x32\xe0\x1c"
	"\xd1\x10\x8d\xe5\x21\xea\xf4\x96\x57\xd9\x76\xd3\x7b\x7a\x84\xd6"
	"\x4d\x81\xe8\x48\xa8\xa4\xc0\x0e\x0d\xc3\x94\x0f\x07\x9a\xae\x44"
	"\xce\xb3\x13\xaf\xec\x67\x36\x69\xc9\x6f\x12\xea\x15\x81\x6a\x73"
	"\x2b\x27\xc5\x92\xe7\x35\x35\x3a\x12\x77\x05\xc0\x96\xf0\xe7\x2f"
	"\x01\x52\x21\x98\xd2\xf4\x28\x6b\x29\x5b\x60\x49\xef\xba\x2c\xa1"
	"\xa9\x0d\x1c\x34\x97\x2d\x69\xfb\xae\xda\xca\x88\xb0\x42\x6a\xfc"
	"\xaf\x8a\x40\xe1\x02\x39\x51\x55\x6f\x02\xf5\xaf\x03\x8d\xf3\x59"
	"\x23\x5b\xfd\x2c\x2d\x37\x02\x35\xa0\x35\xa9\xc3\x38\xb1\x36\x93"
	"\x6f\xf6\x43\x83\x54\x54\x81\x3e\x2c\x78\x41\xaa\x1e\xc6\x32\xf0"
	"\x90\x42\x40\xe0\x73\x72\xae\x29\xf5\x8e\x7c\x18\x83\x4f\xb8\xa4"
	"\xb5\x34\xa5\xee\x61\x45\x9d\xf3\x80\xcd\x37\x3e\xc3\x58\x24\x91"
	"\xce\x45\xf0\xb7\x5f\xad\x19\x09\x56\x86\x75\x36\xe8\x3d\xa2\xcf"
	"\x84\x14\xfe\xd6\x3c\x71\x4c\xde\x5b\x72\x7d\x20\xb9\x2b\xd7\x59"
	"\x19\xd2\x29\xe3\xcc\x09\x1d\xfb\x72\xfa\x3c\x94\xa3\xd1\x5f\x0e"
	"\x03\x7f\x79\xf8\xf3\xee\xfe\xc7\xc7\xaf\x78\x0e\xf9\x03\xfe\xf9"
	"\xfc\xf4\x41\x1c\x3a\x05\x01\xbb\xee\xcf\xad\x5b\xbd\x49\xbb\x3b"
	"\x5e\xea\xef\xb2\x94\xb9\x7d\x7c\x7b\x44\x8d\x3a\xba\x5d\xfa\xf0"
	"\xe3\x50\x8f\xcf\x85\x2a\x88\x51\x32\xca\x12\xc2\x7f\x70\x05\x59"
	"\x66\x8b\xa5\xab\x2c\x10\xdb\xfb\xb7\x67\x74\x14\xe4\xa8\xe9\x71"
	"\x82\x1a\x9b\x34\x70\x15\xe0\xbc\x28\x98\x01\x09\x79\x0d\x61\x2e"
	"\x32\x7c\x4b\xbc\x56\x91\x76\x2d\xb0\x8b\x90\x10\x74\x66\x91\x2c"
	"\x35\x23\x64\x4a\xb5\xdc\x29\x63\xdc\x82\x0b\xe9\xcc\x46\xda\x51"
	"\xfb\x5f\x40\x2a\xa4\x3c\xc5\x0d\xbb\xdb\x88\x37\x1e\x28\x77\xb6"
	"\xc9\xef\xf4\x29\x5a\xbc\x49\x79\x0a\x3d\x2c\x84\x2b\x94\x8a\x50"
	"\x1d\x06\xeb\x08\x6f\x21\xa3\xe5\xc4\x4d\xda\x14\xe1\x36\xdb\xda"
	"\x92\xe9\x35\x76\x81\xee\xff\x6b\xb4\x93\xe9\x59\x92\x34\x97\x27"
	"\x47\x17\x67\xc6\xa2\x5c\xb2\x06\x4e\xd0\xd0\xfd\x38\xdb\x91\x4d"
	"\xaa\xa3\x94\xf9\x56\xdb\x01\x19\x36\x46\x4e\x0e\x78\x22\x13\xb5"
	"\x77\xf5\x0e\xbc\x0e\xa1\xf8\xd2\x47\xed\x4d\x5a\x9f\xfb\xc8\xb2"
	"\x75\x97\x87\x1f\x95\x21\x1d\x9a\x64\x7e\xfc\xf2\xf0\xf8\xf1\x6e"
	"\xbb\xed\xef\x9f\x9e\xb7\xfd\xb7\xa7\xe7\x7f\xee\x9e\xa5\x53\x1a"
	"\xbb\x5f\x06\xfb\x4e\x6f\xef\x8e\xb6\x9f\x78\xe7\x25\xfd\xb7\x84"
	"\xbb\x78\x84\x0f\x0f\xdb\x42\x63\x3a\x41\xb9\x74\xbf\xef\x4e\xa9"
	"\x09\x81\x6e\x38\x46\xe5\x20\x85\x91\xba\x41\x38\xbb\xe2\xbb\x9c"
	"\x41\x3b\x79\x44\x82\x45\x96\xc0\xbc\x94\xfb\x25\x6e\xcb\xe2\xf2"
	"\xc2\xd7\x94\x82\x91\x5e\x1f\x06\x08\x88\x21\xd5\xa6\x0a\x63\x58"
	"\x0d\xdd\x56\x10\xea\xda\x09\x95\x57\x2c\xa9\xa9\xd7\x59\x23\x68"
	"\xc3\x0a\xe6\xb5\x9c\xde\x99\xb9\x19\x92\xd6\x42\xb5\x63\x34\xa6"
	"\x0f\x7d\xda\xb3\x2e\xc9\x8c\xa3\x4a\x56\x10\x31\x77\xbc\x77\x04"
	"\xe3\x81\x29\x34\xa7\x1c\x8c\xe5\x22\x9a\x80\x5d\x1e\xbe\x6c\xff"
	"\x7e\x78\x7c\xfb\x6d\x18\xe1\x12\x8f\x89\x93\x5a\x31\xc2\xce\x13"
	"\x8a\x7c\xba\x49\x86\x55\x20\x1d\xc3\x3d\x99\xef\xf6\x87\xab\xa9"
	"\x87\xc7\x07\x74\x95\xfb\xf0\xbf\x77\x83\x63\xe9\xa9\xaf\xb2\x41"
	"\x42\x70\x0e\x62\x1a\x89\x7a\xb8\x27\x21\xf2\x81\x45\x8e\xa6\xa3"
	"\x43\x1b\x09\x11\x61\x04\x63\xbc\xd2\x7d\xd8\x5d\x6f\x0a\x7f\xbc"
	"\x48\xdc\x38\xaa\xc9\x9e\xfe\xf9\xdf\x5f\xaf\x4f\x07\xc8\x11\x0e"
	"\x9e\x9e\x0f\x7e\x6c\xff\xfe\x25\x1f\x87\x19\x60\x7c\x05\x02\xe7"
	"\x0c\x4d\x81\xa0\x27\xcf\xdd\x74\xce\x12\x6f\xa2\x0b\x85\x93\x63"
	"\x9c\xd5\x4b\x9d\x9b\xd9\x14\xf7\x23\x5c\xa7\xde\x44\x17\xda\x18"
	"\x7a\x8f\x29\xcd\x0b\x9c\xae\xf6\x9d\xaa\x93\x35\x61\x54\xed\xaf"
	"\xea\xda\x83\x46\xa1\xc4\x53\xb4\x60\xc6\x83\x0c\x95\x9a\x10\x11"
	"\x41\x15\x95\xc7\xc9\x92\x1c\x5c\xcd\x99\x80\x37\x7d\xee\x29\xce"
	"\x16\xdb\xbc\x1f\x4e\xef\x93\xa5\xb2\xde\xc9\x7e\x91\xce\xe6\xe7"
	"\x45\x97\x3b\x84\xb2\xcb\xfd\x89\xbe\x9a\xd4\xd4\x73\xa2\x81\x8e"
	"\x9b\xfb\x75\xc7\x3b\xee\xe4\x28\xff\x4a\x3c\x59\x16\x8a\x42\xe7"
	"\xc9\xba\x76\x09\x32\x95\xe7\x53\x42\x13\x3d\x50\x45\x56\x24\xe3"
	"\x52\x62\x6f\xaf\x3f\xd0\xfd\xe7\xfd\xdd\xeb\xf6\xeb\x01\x7f\xbc"
	"\xc7\xa5\x85\xb1\xc5\xff\x79\x78\xfd\x71\xc0\x5e\x5e\x9e\xee\x1f"
	"\x24\x29\xb9\x7b\xbd\x73\x96\x58\x1c\x17\x6e\x7f\xc6\x85\xa7\x46"
	"\xf1\x12\x1f\x3d\xcf\x8f\xea\x2a\xdf\xcc\x8e\x8f\x4e\x03\xb5\xe3"
	"\xd7\xd9\xca\xc9\x95\xc3\xd7\xc0\x50\x56\x63\xbd\x23\xe9\x46\x1f"
	"\x1d\x86\xbc\xb8\xb5\x8a\x62\xb7\x97\xdb\xc6\x93\x26\x3c\xe5\x44"
	"\x9e\xda\xe7\xcd\x3a\x34\xaf\x6b\x28\x91\x6e\xd0\x8d\xa9\x10\x1a"
	"\xd7\x1a\xdf\x60\xb4\xbd\x50\xb6\x2c\xc9\x58\xd9\x76\x6e\x84\xbd"
	"\xe5\xdd\xcb\x0f\xaa\xed\xb0\xdf\xbb\x5c\xc6\x97\x78\xa3\xba\xc9"
	"\x2e\x74\x55\x78\x42\x1e\x24\x0f\xdf\xb7\x2f\xaf\x6e\x61\x4d\x7c"
	"\x3c\xf7\xf4\x35\x26\xfb\xe6\x40\x13\xb7\xb3\xa3\x24\x4b\xe9\xbe"
	"\x5a\x0c\x5c\xd2\xe9\x61\xcf\xb4\x71\xd6\x4b\x72\x12\xe0\x05\xc9"
	"\xa9\x6f\x89\x65\x30\xad\x50\x5d\x45\x5d\xac\x0f\xbc\xae\x48\x66"
	"\x84\xef\x6e\x0d\x41\x98\xe8\xee\x10\xf3\xd3\xb3\x3d\x88\xe3\xf9"
	"\x51\x60\x61\x2c\xd9\xcc\xe9\x6b\x48\x84\x6c\x7d\xc9\xa7\x33\xdf"
	"\x18\x00\xe1\x38\x54\x89\x76\xd1\xcc\x2e\xe6\x21\xc4\xba\x3e\x9d"
	"\xb9\xde\x84\xe3\x87\x5f\x3f\x8c\xf7\xe9\xd3\x06\xea\x9b\xfc\x90"
	"\x4a\xc5\x78\x1c\x11\x65\x17\x65\x22\xc0\xfb\x9a\xf8\xc4\xb3\xfb"
	"\x56\x6b\x8c\x4a\x4d\x12\x76\x9e\xa1\x9c\xb9\xc9\x0a\x9e\xe7\x19"
	"\x0b\xd5\x09\x5d\x31\x9c\xee\x03\x9c\xd1\x75\x4e\xbc\x7d\x91\x3a"
	"\x3b\x87\xc3\x2a\x96\xec\x96\x25\x21\x84\x60\xb9\x60\xf3\xe0\xfc"
	"\x1b\x19\x70\x30\x1b\xce\xc3\xc5\xf0\xa6\x86\x13\x74\x70\xfe\x70"
	"\x46\x77\x00\x1c\x71\xbd\xc3\x33\xa4\x5b\x7e\xbb\xe2\x41\xe5\x61"
	"\xc8\xaf\x53\x57\xa6\x78\x07\xe7\xe4\x94\xdf\x56\x9e\x2e\x3e\x3f"
	"\x99\xd3\x95\xca\x6f\x4f\x7c\x1c\xff\xf6\x64\x19\xe4\x09\xb7\xa2"
	"\x75\x5d\x6c\x35\x77\x8f\x5f\x9f\x7e\x1e\x94\x6f\x3f\xbf\x6c\x9f"
	"\xc7\x20\x2f\x56\x60\x97\x69\x82\x8b\xac\x8f\xeb\xc6\xfb\x3e\x68"
	"\x6c\x65\x83\x2f\xdb\x78\xd9\x39\xed\x94\x94\x81\xad\x3b\x32\x98"
	"\xa4\x51\x5a\x54\x1d\x14\xb7\x4d\xb8\x70\xa7\xdc\xcf\x19\x3a\xce"
	"\xe0\x78\x13\x6c\x6a\x06\x34\x81\x4c\x6a\xf7\xf7\x95\x3f\x01\xc5"
	"\x20\x8c\xbe\x0b\xdc\x10\x16\x1e\x36\x0e\xc5\x76\xba\x65\xf2\xc4"
	"\x6c\x9b\xa0\x8e\xb4\xb5\x4f\x0f\x29\x36\x45\xc1\x51\x67\x24\xcf"
	"\x65\xed\xa6\xd6\x66\x9e\x46\xac\xbb\x28\x1f\x30\xa2\x8b\x4c\xd8"
	"\xcd\xe9\xd1\x85\xf2\xe9\x94\x66\x68\x4d\x8a\x7e\x64\x85\x2e\xed"
	"\xd6\x57\xb1\xf8\x34\x59\xee\x4e\xd4\x9d\x0a\x4e\xd2\x95\x82\x98"
	"\x13\x7e\x08\xd5\x43\xcd\x9a\xab\xc7\xf3\xd2\x95\x20\x16\x66\x29"
	"\x71\xd5\x6c\xc4\x58\x2a\xdf\xa4\xdc\xf7\x72\xf0\x0d\xfd\x14\x3f"
	"\x7c\x7f\x54\xde\xb9\xa5\x21\xaf\xba\x7c\xd9\x3d\x07\x6a\x31\x20"
	"\x76\xd3\x89\x41\x7d\xd7\x18\x77\xad\x2e\x5d\x5c\x1e\x1e\x1a\xcf"
	"\x89\x90\xae\xfc\xbb\x6a\x9d\x40\x9d\x05\xab\x32\x61\xcd\xc6\x2e"
	"\xcf\x8f\x56\x59\x47\x39\x9c\x5b\xe5\xe5\x90\x07\xac\x69\x82\xa7"
	"\x83\xa4\x67\x63\x9c\x21\x22\xc8\xff\x06\x4c\x5f\x72\xe2\x1c\x6b"
	"\x03\xbd\xb7\x8a\xda\xd6\x3d\x80\x88\x6d\x1d\xa9\xc4\xd6\x3e\x90"
	"\x7c\x1b\xeb\x9e\x46\x0c\x90\x3e\x0a\xed\xae\x03\xc6\xbc\x26\xd7"
	"\x65\x34\x4f\xeb\x3c\xe2\xde\xf1\xfc\x3d\xb8\x61\x67\xda\xdb\xab"
	"\xe5\x72\x14\x03\x1d\xe8\xa4\x7e\x2e\x71\xde\xa8\x4b\xac\x71\x1f"
	"\xc9\x1f\xbe\x3c\xdf\x3d\xff\x7b\xf0\xfc\xf4\xf6\xfa\xf0\xa8\xcb"
	"\xcc\x51\xd6\xa2\x0b\x1f\x58\x69\x96\x79\x83\xbc\x78\xf0\x51\x95"
	"\x56\x5a\x37\x0f\x1e\xfd\x9e\x8b\xb6\x29\xe3\x7a\xd3\xa7\x4d\x55"
	"\x8c\xbe\x1b\x3c\x90\x9c\x97\x04\xb5\xe4\xf8\xce\x3d\xd3\xdf\xc6"
	"\x4d\x3e\xd5\xe3\x0c\x23\x9a\xb3\xda\x25\x65\x95\xee\x6a\x1e\x6a"
	"\x8d\x1e\x10\xe2\xa2\xbe\x89\x97\xca\x06\xad\xe1\xa9\x3e\x85\x62"
	"\x38\xb3\x01\x0f\x37\x92\x66\x67\xe6\x28\xc7\xbd\x2b\xa6\x1b\xe4"
	"\xac\xed\x7a\xff\xf9\xd2\x11\xfc\x71\x0a\x04\x6c\xdb\x06\x00\x70"
	"\x4d\x1e\x6d\xce\x3d\x9f\x2a\xca\x09\x55\x15\x84\xb0\x66\x4d\xb1"
	"\x12\x85\x88\x32\x4a\x64\x89\xc9\x8c\x3f\xf9\x54\xec\x59\x34\x9d"
	"\x78\x74\xac\xcf\x35\x81\xd4\x44\x8e\xa3\x64\x7a\xba\x40\x82\x1c"
	"\x2a\x54\xac\xb0\x36\x68\xd9\xab\x6c\xfa\xc2\x7d\x28\x5f\x95\xc2"
	"\x76\x66\x0a\x44\x32\xd5\x11\x93\xf4\x17\xa6\x66\x6a\xc2\x7d\xe9"
	"\x27\xbd\x3f\xd5\x40\xef\x7c\xfa\xdc\x22\xc1\xef\xee\x47\x92\xfa"
	"\x28\xfe\xec\x55\x96\x4e\x17\x5f\x8b\x5b\x3d\x78\x82\x46\x50\x62"
	"\x9a\x35\xfb\x3d\xf7\x17\x0d\x47\x6b\xdb\x2a\xaf\x0a\xdd\x3f\x8c"
	"\x9e\x8a\xf7\x50\xe7\x04\x09\x0a\xd4\x48\x78\xab\x26\x38\x8e\x95"
	"\x2f\xad\xbf\x2a\x6a\x6f\x7a\x54\x78\x93\x53\x51\xe8\x52\x83\xa8"
	"\xe2\x0c\xb8\x89\xe4\x36\x0d\xdb\xe8\x1c\x48\xe0\x6a\xe7\x85\x9d"
	"\x24\x5d\x27\x18\x5c\x40\xde\x8d\x16\x86\x22\x4e\x2c\xf2\x80\x85"
	"\x1c\x1a\x5f\x94\x55\x55\xf7\x94\x07\x3e\x04\xa0\x09\x3c\xe1\xb4"
	"\x07\x0d\x1a\x1a\xa3\x0a\xc9\xb5\xce\x0c\xf3\xca\x50\x9f\xe0\xef"
	"\xd0\xd4\x2d\x73\xd3\x6b\x47\x9c\xdf\xa2\x73\x38\x63\x7d\x55\x0d"
	"\xe5\x0a\x34\x21\x2e\x3c\xd1\x46\x0b\x76\x0a\xdf\x9d\x6d\x51\x67"
	"\xb0\x2e\xb4\xb9\x9c\x45\xa9\xee\x8f\x1d\x83\x1b\x34\x7c\x01\x72"
	"\x84\xee\x0c\x39\xad\xca\xd6\x63\x47\x86\xa9\xe7\xbf\x67\x67\x56"
	"\x92\xf4\x16\xcb\x73\x1e\x9b\x8e\xe5\x17\xee\x9b\xa5\x1d\xa9\xae"
	"\xaa\xdc\x62\xe4\xd2\x26\x5f\x3a\xd2\xcc\xb4\x89\x2c\x94\x01\x86"
	"\x19\x48\x41\xda\x7e\x04\xad\x48\x86\x57\x0d\xd9\xad\x23\x0c\xfe"
	"\x1f\x9f\x9f\xfe\x4c\x57\x6d\x02\x00"
MAGIC_END;
